datetime,stage,p1_code,p1_port,p1_character,p1_stocks,p2_code,p2_port,p2_character,p2_stocks,end_type,lras_initiator,p1_won,p2_won,frames,ignore,type
2023-10-28 16:15:31+00:00,2,LY＃863,1,3,0,KEKW＃849,2,22,3,2,,False,True,10611,False,netplay
2023-10-28 16:18:49+00:00,8,LY＃863,1,19,1,KEKW＃849,2,22,0,2,,True,False,12683,False,netplay
2023-10-28 16:22:57+00:00,32,LY＃863,1,13,0,KEKW＃849,2,7,2,2,,False,True,10819,False,netplay
2023-10-28 16:26:29+00:00,28,LY＃863,1,23,3,KEKW＃849,2,13,0,2,,True,False,10129,False,netplay
2023-10-28 16:29:52+00:00,3,LY＃863,1,20,2,KEKW＃849,2,21,0,2,,True,False,10979,False,netplay
2023-10-28 16:33:25+00:00,31,LY＃863,1,12,0,KEKW＃849,2,15,2,2,,False,True,16638,False,netplay
2023-10-28 16:38:41+00:00,2,LY＃863,1,19,2,KEKW＃849,2,2,0,2,,True,False,13852,False,netplay
2023-10-28 16:42:46+00:00,32,LY＃863,1,3,4,KEKW＃849,2,2,0,2,,True,False,6946,False,netplay
2023-10-28 16:45:16+00:00,8,LY＃863,1,16,2,KEKW＃849,2,2,0,2,,True,False,9055,False,netplay
2023-10-28 16:48:13+00:00,28,LY＃863,1,2,0,KEKW＃849,2,2,2,2,,False,True,13130,False,netplay
2023-10-28 16:52:59+00:00,3,LY＃863,1,25,0,KEKW＃849,2,2,3,2,,False,True,7733,False,netplay
2023-10-28 16:56:17+00:00,28,LY＃863,1,22,2,KEKW＃849,2,22,0,2,,True,False,17739,False,netplay
2023-10-28 17:01:34+00:00,31,LY＃863,1,21,0,KEKW＃849,2,15,3,2,,False,True,7865,False,netplay
2023-10-28 17:04:07+00:00,2,LY＃863,1,3,0,KEKW＃849,2,2,1,2,,False,True,11161,False,netplay
2023-10-28 17:07:32+00:00,32,LY＃863,1,23,3,KEKW＃849,2,2,0,2,,True,False,5117,False,netplay
2023-10-28 17:09:11+00:00,28,LY＃863,1,12,0,KEKW＃849,2,2,1,2,,False,True,13796,False,netplay
2023-10-28 17:13:44+00:00,3,LY＃863,1,15,0,KEKW＃849,2,20,2,2,,False,True,9871,False,netplay
2023-10-28 17:16:58+00:00,31,LY＃863,1,13,2,KEKW＃849,2,22,0,2,,True,False,15787,False,netplay
2023-10-28 17:21:45+00:00,8,LY＃863,1,19,0,KEKW＃849,2,2,1,2,,False,True,12922,False,netplay
2023-10-28 17:26:09+00:00,32,LY＃863,1,9,1,KEKW＃849,2,2,0,2,,True,False,11089,False,netplay
2023-10-28 17:29:31+00:00,31,LY＃863,1,14,0,KEKW＃849,2,2,2,2,,False,True,12031,False,netplay
2023-10-28 17:33:09+00:00,3,LY＃863,1,9,2,KEKW＃849,2,2,0,2,,True,False,10786,False,netplay
2023-10-28 17:36:21+00:00,2,LY＃863,1,19,1,KEKW＃849,2,2,0,2,,True,False,10945,False,netplay
2023-10-28 17:39:44+00:00,8,LY＃863,1,12,0,KEKW＃849,2,2,2,2,,False,True,8931,False,netplay
2023-10-28 17:43:22+00:00,8,LY＃863,1,3,3,KEKW＃849,2,8,0,2,,True,False,7768,False,netplay
2023-10-28 17:45:46+00:00,28,LY＃863,1,3,0,KEKW＃849,2,2,2,2,,False,True,11754,False,netplay
2023-10-28 17:49:41+00:00,31,LY＃863,1,3,1,KEKW＃849,2,20,0,2,,True,False,15494,False,netplay
2023-10-28 17:54:24+00:00,28,LY＃863,1,20,2,KEKW＃849,2,15,0,2,,True,False,12400,False,netplay
2023-10-28 17:58:14+00:00,32,LY＃863,1,16,0,KEKW＃849,2,15,2,2,,False,True,18201,False,netplay
2023-10-28 18:03:56+00:00,2,LY＃863,1,3,0,KEKW＃849,2,2,2,2,,False,True,7587,False,netplay
2023-10-28 18:06:17+00:00,32,LY＃863,1,23,2,KEKW＃849,2,2,0,2,,True,False,7664,False,netplay
2023-10-28 18:09:36+00:00,31,LY＃863,1,6,1,KEKW＃849,2,2,0,2,,True,False,10472,False,netplay
2023-10-28 18:12:54+00:00,28,LY＃863,1,17,2,KEKW＃849,2,15,0,2,,True,False,11926,False,netplay
2023-10-28 18:16:37+00:00,31,LY＃863,1,5,0,KEKW＃849,2,15,2,2,,False,True,8993,False,netplay
2023-10-28 18:19:37+00:00,2,LY＃863,1,2,1,KEKW＃849,2,15,0,2,,True,False,11844,False,netplay
2023-10-28 18:23:23+00:00,31,LY＃863,1,1,0,KEKW＃849,2,15,3,2,,False,True,12039,False,netplay
2023-10-28 18:27:03+00:00,3,LY＃863,1,7,2,KEKW＃849,2,15,0,2,,True,False,11053,False,netplay
2023-10-28 18:30:48+00:00,8,LY＃863,1,24,0,KEKW＃849,2,2,2,2,,False,True,7618,False,netplay
2023-10-28 18:33:18+00:00,2,LY＃863,1,21,0,KEKW＃849,2,2,2,2,,False,True,11966,False,netplay
2023-10-28 18:36:55+00:00,8,LY＃863,1,3,0,KEKW＃849,2,2,3,2,,False,True,8062,False,netplay
2023-10-28 18:39:28+00:00,28,LY＃863,1,19,0,KEKW＃849,2,2,3,2,,False,True,10854,False,netplay
2023-10-28 18:42:45+00:00,32,LY＃863,1,9,3,KEKW＃849,2,2,0,2,,True,False,3910,False,netplay
2023-10-28 18:44:16+00:00,31,LY＃863,1,14,2,KEKW＃849,2,2,0,2,,True,False,8317,False,netplay
2023-10-28 18:46:52+00:00,2,LY＃863,1,12,0,KEKW＃849,2,2,3,2,,False,True,9553,False,netplay
2023-10-28 18:49:46+00:00,3,LY＃863,1,13,0,KEKW＃849,2,2,3,2,,False,True,9385,False,netplay
2023-10-28 18:52:38+00:00,8,LY＃863,1,9,3,KEKW＃849,2,2,0,2,,True,False,6199,False,netplay
2023-10-28 18:54:35+00:00,28,LY＃863,1,19,0,KEKW＃849,2,2,3,2,,False,True,12213,False,netplay
2023-10-28 18:58:26+00:00,3,LY＃863,1,9,1,KEKW＃849,2,2,0,2,,True,False,11910,False,netplay
2023-10-28 19:01:57+00:00,31,LY＃863,1,13,0,KEKW＃849,2,2,1,2,,False,True,12782,False,netplay
2023-10-28 19:05:48+00:00,32,LY＃863,1,9,2,KEKW＃849,2,2,0,2,,True,False,9778,False,netplay
2023-10-28 19:08:43+00:00,31,LY＃863,1,19,1,KEKW＃849,2,2,0,2,,True,False,11098,False,netplay
2023-10-28 19:12:00+00:00,2,LY＃863,1,3,1,KEKW＃849,2,2,0,2,,True,False,11034,False,netplay
2023-10-28 19:15:18+00:00,28,LY＃863,1,2,0,KEKW＃849,2,15,2,2,,False,True,8609,False,netplay
2023-10-28 19:17:55+00:00,8,LY＃863,1,3,0,KEKW＃849,2,2,3,2,,False,True,6835,False,netplay
2023-10-28 19:20:06+00:00,3,LY＃863,1,13,0,KEKW＃849,2,2,2,2,,False,True,11776,False,netplay
2023-10-28 19:23:41+00:00,28,LY＃863,1,9,2,KEKW＃849,2,2,0,2,,True,False,10238,False,netplay
2023-10-28 19:26:45+00:00,31,LY＃863,1,14,1,KEKW＃849,2,2,0,2,,True,False,15920,False,netplay
2023-11-02 17:09:27+00:00,8,LY＃863,2,3,1,KEKW＃849,1,2,0,2,,True,False,11674,False,netplay
2023-11-02 17:13:39+00:00,31,LY＃863,2,23,1,KEKW＃849,1,2,0,2,,True,False,11499,False,netplay
2023-11-02 17:17:04+00:00,28,LY＃863,2,19,0,KEKW＃849,1,2,1,2,,False,True,17893,False,netplay
2023-11-02 17:22:43+00:00,3,LY＃863,2,12,2,KEKW＃849,1,2,0,2,,True,False,12454,False,netplay
2023-11-02 17:29:05+00:00,2,LY＃863,2,20,0,KEKW＃849,1,2,1,2,,False,True,14603,False,netplay
2023-11-02 17:33:54+00:00,8,LY＃863,2,3,1,KEKW＃849,1,2,0,2,,True,False,9748,False,netplay
2023-11-02 17:37:07+00:00,32,LY＃863,2,12,2,KEKW＃849,1,2,0,2,,True,False,10950,False,netplay
2023-11-02 17:40:56+00:00,28,LY＃863,2,2,0,KEKW＃849,1,15,1,2,,False,True,15961,False,netplay
2023-11-02 17:46:35+00:00,2,LY＃863,2,19,0,KEKW＃849,1,2,2,2,,False,True,10908,False,netplay
2023-11-02 17:50:20+00:00,3,LY＃863,2,13,0,KEKW＃849,1,2,3,2,,False,True,8031,False,netplay
2023-11-02 17:52:48+00:00,32,LY＃863,2,23,1,KEKW＃849,1,2,0,2,,True,False,12241,False,netplay
2023-11-02 17:56:58+00:00,31,LY＃863,2,12,0,KEKW＃849,1,2,3,2,,False,True,12515,False,netplay
2023-11-02 18:01:06+00:00,28,LY＃863,2,19,0,KEKW＃849,1,2,2,2,,False,True,11993,False,netplay
2023-11-02 18:04:46+00:00,28,LY＃863,2,3,0,KEKW＃849,1,2,3,2,,False,True,10512,False,netplay
2023-11-02 18:08:23+00:00,8,LY＃863,2,17,0,KEKW＃849,1,2,3,2,,False,True,8528,False,netplay
2023-11-02 18:10:59+00:00,3,LY＃863,2,13,0,KEKW＃849,1,2,2,2,,False,True,11029,False,netplay
2023-11-02 18:14:24+00:00,2,LY＃863,2,12,0,KEKW＃849,1,2,2,2,,False,True,16822,False,netplay
2023-11-02 18:19:21+00:00,8,LY＃863,2,19,3,KEKW＃849,1,22,0,2,,True,False,13910,False,netplay
2023-11-02 18:23:31+00:00,28,LY＃863,2,19,0,KEKW＃849,1,15,1,2,,False,True,21633,False,netplay
2023-11-02 18:29:57+00:00,2,LY＃863,2,3,0,KEKW＃849,1,2,2,2,,False,True,7589,False,netplay
2023-11-02 18:32:24+00:00,3,LY＃863,2,23,2,KEKW＃849,1,2,0,2,,True,False,8774,False,netplay
2023-11-02 18:35:33+00:00,32,LY＃863,2,12,0,KEKW＃849,1,2,1,2,,False,True,13049,False,netplay
2023-11-02 18:40:29+00:00,8,LY＃863,2,20,1,KEKW＃849,1,2,0,2,,True,False,10674,False,netplay
2023-11-02 18:43:45+00:00,31,LY＃863,2,19,0,KEKW＃849,1,2,2,2,,False,True,13380,False,netplay
2023-11-02 18:47:51+00:00,3,LY＃863,2,14,0,KEKW＃849,1,2,3,2,,False,True,12654,False,netplay
2023-11-02 18:51:38+00:00,2,LY＃863,2,12,2,KEKW＃849,1,2,0,2,,True,False,12293,False,netplay
2023-11-02 18:55:19+00:00,31,LY＃863,2,3,0,KEKW＃849,1,2,3,2,,False,True,9720,False,netplay
2023-11-02 18:58:23+00:00,3,LY＃863,2,13,0,KEKW＃849,1,2,2,2,,False,True,6984,False,netplay
2023-11-02 19:00:39+00:00,8,LY＃863,2,19,0,KEKW＃849,1,2,2,2,,False,True,12761,False,netplay
2023-11-02 19:04:27+00:00,28,LY＃863,2,19,0,KEKW＃849,1,2,1,2,,False,True,15527,False,netplay
2023-11-02 19:09:09+00:00,8,LY＃863,2,2,0,KEKW＃849,1,2,1,2,,False,True,7850,False,netplay
2023-11-02 19:11:35+00:00,2,LY＃863,2,19,0,KEKW＃849,1,2,3,2,,False,True,8053,False,netplay
2023-11-02 19:13:59+00:00,32,LY＃863,2,23,0,KEKW＃849,1,2,1,2,,False,True,11659,False,netplay
2023-11-02 19:18:21+00:00,8,LY＃863,2,9,1,KEKW＃849,1,2,0,2,,True,False,10273,False,netplay
2023-11-02 19:21:22+00:00,28,LY＃863,2,9,0,KEKW＃849,1,2,1,2,,False,True,9263,False,netplay
2023-11-02 19:24:08+00:00,31,LY＃863,2,9,0,KEKW＃849,1,2,2,2,,False,True,7387,False,netplay
2023-11-02 19:26:20+00:00,2,LY＃863,2,9,0,KEKW＃849,1,2,1,2,,False,True,11056,False,netplay
2023-11-02 19:29:42+00:00,3,LY＃863,2,9,0,KEKW＃849,1,2,2,2,,False,True,9499,False,netplay
2023-11-02 19:32:30+00:00,32,LY＃863,2,9,1,KEKW＃849,1,2,0,2,,True,False,10751,False,netplay
2023-11-02 19:35:42+00:00,31,LY＃863,2,9,0,KEKW＃849,1,2,3,2,,False,True,8033,False,netplay
2023-11-02 19:38:13+00:00,32,LY＃863,2,9,0,KEKW＃849,1,2,1,2,,False,True,7923,False,netplay
2023-11-02 19:40:36+00:00,8,LY＃863,2,9,1,KEKW＃849,1,2,0,2,,True,False,8706,False,netplay
2023-11-02 19:43:11+00:00,31,LY＃863,2,9,1,KEKW＃849,1,2,0,2,,True,False,13677,False,netplay
2023-11-02 19:47:12+00:00,28,LY＃863,2,9,3,KEKW＃849,1,2,0,2,,True,False,7537,False,netplay
2023-11-02 19:49:26+00:00,31,LY＃863,2,9,2,KEKW＃849,1,2,0,2,,True,False,10671,False,netplay
2023-11-02 19:52:33+00:00,31,LY＃863,2,9,1,KEKW＃849,1,2,0,2,,True,False,15451,False,netplay
2023-11-02 19:57:02+00:00,31,LY＃863,2,9,0,KEKW＃849,1,2,2,2,,False,True,9325,False,netplay
2023-11-02 19:59:47+00:00,8,LY＃863,2,9,2,KEKW＃849,1,2,0,2,,True,False,6149,False,netplay
2023-11-02 20:01:40+00:00,28,LY＃863,2,9,2,KEKW＃849,1,2,0,2,,True,False,12737,False,netplay
2023-11-02 20:05:22+00:00,31,LY＃863,2,9,1,KEKW＃849,1,2,0,2,,True,False,11483,False,netplay
2023-11-02 20:08:44+00:00,31,LY＃863,2,9,1,KEKW＃849,1,2,0,2,,True,False,13332,False,netplay
2023-11-02 20:12:36+00:00,31,LY＃863,2,9,1,KEKW＃849,1,2,0,2,,True,False,10064,False,netplay
2023-11-02 20:15:35+00:00,31,LY＃863,2,12,0,KEKW＃849,1,2,3,2,,False,True,10185,False,netplay
2023-11-04 19:21:32+00:00,32,LY＃863,1,12,2,KEKW＃849,2,2,0,2,,True,False,17061,False,netplay
2023-11-04 19:27:03+00:00,31,LY＃863,1,12,0,KEKW＃849,2,2,1,2,,False,True,13404,False,netplay
2023-11-04 19:32:00+00:00,8,LY＃863,1,3,0,KEKW＃849,2,15,1,2,,False,True,12116,False,netplay
2023-11-04 19:35:58+00:00,28,LY＃863,1,3,0,KEKW＃849,2,2,2,2,,False,True,13544,False,netplay
2023-11-04 19:40:12+00:00,32,LY＃863,1,20,2,KEKW＃849,2,2,0,2,,True,False,8512,False,netplay
2023-11-04 19:43:46+00:00,31,LY＃863,1,15,0,KEKW＃849,2,2,2,2,,False,True,13036,False,netplay
2023-11-04 19:47:58+00:00,28,LY＃863,1,15,0,KEKW＃849,2,15,3,2,,False,True,14823,False,netplay
2023-11-04 19:53:18+00:00,8,LY＃863,1,12,0,KEKW＃849,2,2,2,2,,False,True,13381,False,netplay
2023-11-04 19:57:17+00:00,3,LY＃863,1,19,1,KEKW＃849,2,2,0,2,,True,False,11416,False,netplay
2023-11-04 20:00:40+00:00,2,LY＃863,1,3,0,KEKW＃849,2,2,4,2,,False,True,7438,False,netplay
2023-11-04 20:04:44+00:00,2,LY＃863,1,3,0,KEKW＃849,2,17,1,2,,False,True,19506,False,netplay
2023-11-04 20:10:43+00:00,32,LY＃863,1,20,0,KEKW＃849,2,2,2,2,,False,True,7779,False,netplay
2023-11-04 20:14:09+00:00,2,LY＃863,1,12,0,KEKW＃849,2,2,1,2,,False,True,12005,False,netplay
2023-11-04 20:17:51+00:00,28,LY＃863,1,19,0,KEKW＃849,2,2,1,2,,False,True,15841,False,netplay
2023-11-04 20:22:34+00:00,32,LY＃863,1,9,3,KEKW＃849,2,2,0,2,,True,False,10175,False,netplay
2023-11-04 20:25:52+00:00,32,LY＃863,1,13,0,KEKW＃849,2,3,1,2,,False,True,8796,False,netplay
2023-11-04 20:29:06+00:00,8,LY＃863,1,12,2,KEKW＃849,2,2,0,2,,True,False,16304,False,netplay
2023-11-04 20:33:48+00:00,31,LY＃863,1,12,2,KEKW＃849,2,2,0,2,,True,False,10311,False,netplay
2023-11-04 20:36:58+00:00,32,LY＃863,1,20,2,KEKW＃849,2,2,0,2,,True,False,9620,False,netplay
2023-11-04 20:39:59+00:00,31,LY＃863,1,7,1,KEKW＃849,2,2,0,2,,True,False,10112,False,netplay
2023-11-04 20:43:01+00:00,32,LY＃863,1,19,0,KEKW＃849,2,2,3,2,,False,True,12421,False,netplay
2023-11-04 20:46:45+00:00,3,LY＃863,1,12,0,KEKW＃849,2,2,2,2,,False,True,12724,False,netplay
2023-11-04 20:50:47+00:00,28,LY＃863,1,13,0,KEKW＃849,2,2,3,2,,False,True,9814,False,netplay
2023-11-04 20:53:45+00:00,2,LY＃863,1,9,0,KEKW＃849,2,2,2,2,,False,True,10246,False,netplay
2023-11-04 20:56:47+00:00,8,LY＃863,1,9,0,KEKW＃849,2,2,2,2,,False,True,8876,False,netplay
2023-11-04 20:59:25+00:00,28,LY＃863,1,9,0,KEKW＃849,2,2,1,2,,False,True,13007,False,netplay
2023-11-04 21:03:13+00:00,31,LY＃863,1,9,0,KEKW＃849,2,2,1,2,,False,True,15309,False,netplay
2023-11-04 21:07:41+00:00,28,LY＃863,1,9,0,KEKW＃849,2,2,2,2,,False,True,13431,False,netplay
2023-11-04 21:11:36+00:00,3,LY＃863,1,9,0,KEKW＃849,2,2,2,2,,False,True,9289,False,netplay
2023-11-04 21:14:22+00:00,2,LY＃863,1,9,2,KEKW＃849,2,15,0,2,,True,False,7200,False,netplay
2023-11-04 21:16:36+00:00,28,LY＃863,1,9,2,KEKW＃849,2,15,0,2,,True,False,14106,False,netplay
2023-11-04 21:20:41+00:00,31,LY＃863,1,9,2,KEKW＃849,2,15,0,2,,True,False,12853,False,netplay
2023-11-04 21:24:26+00:00,28,LY＃863,1,9,1,KEKW＃849,2,15,0,2,,True,False,11003,False,netplay
2023-11-04 21:27:38+00:00,31,LY＃863,1,9,1,KEKW＃849,2,15,0,2,,True,False,13868,False,netplay
2023-11-04 21:31:58+00:00,8,LY＃863,1,9,1,KEKW＃849,2,15,0,2,,True,False,8280,False,netplay
2023-11-04 21:34:28+00:00,3,LY＃863,1,9,1,KEKW＃849,2,15,0,2,,True,False,9012,False,netplay
2023-11-04 21:37:12+00:00,2,LY＃863,1,9,0,KEKW＃849,2,15,2,2,,False,True,7490,False,netplay
2023-11-05 18:20:17+00:00,32,LY＃863,2,3,3,KEKW＃849,1,1,0,2,,True,False,9342,False,netplay
2023-11-05 18:23:23+00:00,8,LY＃863,2,3,2,KEKW＃849,1,8,0,2,,True,False,9336,False,netplay
2023-11-05 18:26:19+00:00,2,LY＃863,2,3,0,KEKW＃849,1,8,1,2,,False,True,12720,False,netplay
2023-11-05 18:30:01+00:00,31,LY＃863,2,3,2,KEKW＃849,1,8,0,2,,True,False,13585,False,netplay
2023-11-05 18:33:57+00:00,28,LY＃863,2,3,0,KEKW＃849,1,8,2,2,,False,True,16501,False,netplay
2023-11-05 18:38:58+00:00,3,LY＃863,2,13,0,KEKW＃849,1,17,2,2,,False,True,14443,False,netplay
2023-11-05 18:43:39+00:00,8,LY＃863,2,16,0,KEKW＃849,1,6,2,2,,False,True,11640,False,netplay
2023-11-05 18:47:16+00:00,2,LY＃863,2,12,0,KEKW＃849,1,16,1,2,,False,True,24803,False,netplay
2023-11-05 18:54:51+00:00,8,LY＃863,2,12,1,KEKW＃849,1,19,0,2,,True,False,11702,False,netplay
2023-11-05 18:58:41+00:00,32,LY＃863,2,12,2,KEKW＃849,1,14,0,2,,True,False,14038,False,netplay
2023-11-05 19:03:46+00:00,2,LY＃863,2,19,1,KEKW＃849,1,20,0,2,,True,False,12115,False,netplay
2023-11-05 19:07:22+00:00,8,LY＃863,2,19,0,KEKW＃849,1,4,1,2,,False,True,13810,False,netplay
2023-11-05 19:11:30+00:00,31,LY＃863,2,6,0,KEKW＃849,1,15,2,2,,False,True,12154,False,netplay
2023-11-05 19:16:05+00:00,2,LY＃863,2,7,0,KEKW＃849,1,25,1,2,,False,True,8538,False,netplay
2023-11-05 19:18:53+00:00,28,LY＃863,2,3,1,KEKW＃849,1,1,0,2,,True,False,13938,False,netplay
2023-11-05 19:24:23+00:00,3,LY＃863,2,13,2,KEKW＃849,1,24,0,2,,True,False,14107,False,netplay
2023-11-05 19:29:09+00:00,10,LY＃863,2,12,0,KEKW＃849,1,25,1,2,,False,True,10445,False,netplay
2023-11-05 19:32:37+00:00,2,LY＃863,2,19,3,KEKW＃849,1,1,0,2,,True,False,9027,False,netplay
2023-11-05 19:35:19+00:00,13,LY＃863,2,19,1,KEKW＃849,1,1,0,2,,True,False,13486,False,netplay
2023-11-05 19:39:34+00:00,19,LY＃863,2,3,2,KEKW＃849,1,17,0,2,,True,False,5371,False,netplay
2023-11-05 19:41:38+00:00,17,LY＃863,2,3,0,KEKW＃849,1,8,3,2,,False,True,7037,False,netplay
2023-11-05 19:43:50+00:00,15,LY＃863,2,3,0,KEKW＃849,1,8,3,2,,False,True,10982,False,netplay
2023-11-05 19:47:06+00:00,6,LY＃863,2,3,0,KEKW＃849,1,8,1,2,,False,True,15654,False,netplay
2023-11-14 18:51:13+00:00,3,LY＃863,2,3,0,KEKW＃849,1,2,2,2,,False,True,9157,False,netplay
2023-11-14 18:54:26+00:00,28,LY＃863,2,12,0,KEKW＃849,1,2,3,2,,False,True,13044,False,netplay
2023-11-14 18:58:13+00:00,2,LY＃863,2,12,0,KEKW＃849,1,2,1,2,,False,True,10358,False,netplay
2023-11-14 19:01:18+00:00,31,LY＃863,2,19,0,KEKW＃849,1,2,2,2,,False,True,15030,False,netplay
2023-11-14 19:05:39+00:00,3,LY＃863,2,19,0,KEKW＃849,1,2,1,2,,False,True,13576,False,netplay
2023-11-14 19:11:09+00:00,8,LY＃863,2,19,2,KEKW＃849,1,2,0,2,,True,False,6409,False,netplay
2023-11-14 19:13:20+00:00,32,LY＃863,2,20,0,KEKW＃849,1,2,2,2,,False,True,10134,False,netplay
2023-11-14 19:16:28+00:00,32,LY＃863,2,9,0,KEKW＃849,1,2,2,2,,False,True,12726,False,netplay
2023-11-14 19:20:10+00:00,31,LY＃863,2,9,0,KEKW＃849,1,2,1,2,,False,True,11422,False,netplay
2023-11-14 19:23:30+00:00,28,LY＃863,2,9,1,KEKW＃849,1,2,0,2,,True,False,9869,False,netplay
2023-11-14 19:26:23+00:00,28,LY＃863,2,9,3,KEKW＃849,1,2,0,2,,True,False,4362,False,netplay
2023-11-14 19:27:46+00:00,15,LY＃863,2,19,1,KEKW＃849,1,2,0,2,,True,False,9164,False,netplay
2023-11-14 19:30:34+00:00,2,LY＃863,2,19,2,KEKW＃849,1,2,0,2,,True,False,9261,False,netplay
2023-11-14 19:33:17+00:00,8,LY＃863,2,19,3,KEKW＃849,1,2,0,2,,True,False,6325,False,netplay
2023-11-14 19:35:11+00:00,3,LY＃863,2,19,0,KEKW＃849,1,2,1,2,,False,True,10182,False,netplay
2023-11-14 19:38:23+00:00,3,LY＃863,2,19,1,KEKW＃849,1,2,0,2,,True,False,9975,False,netplay
2023-11-14 19:41:39+00:00,32,LY＃863,2,19,0,KEKW＃849,1,2,1,2,,False,True,11355,False,netplay
2023-11-14 19:45:19+00:00,8,LY＃863,2,19,1,KEKW＃849,1,2,0,2,,True,False,13275,False,netplay
2023-11-14 19:49:13+00:00,28,LY＃863,2,19,3,KEKW＃849,1,2,0,2,,True,False,8446,False,netplay
2023-11-14 19:51:44+00:00,31,LY＃863,2,19,0,KEKW＃849,1,2,2,2,,False,True,12681,False,netplay
2023-11-14 19:55:34+00:00,32,LY＃863,2,12,0,KEKW＃849,1,2,2,2,,False,True,8900,False,netplay
2023-11-14 19:58:15+00:00,2,LY＃863,2,7,1,KEKW＃849,1,2,0,2,,True,False,10462,False,netplay
2023-11-14 20:01:44+00:00,2,LY＃863,2,19,0,KEKW＃849,1,2,2,2,,False,True,13201,False,netplay
2023-11-14 20:05:33+00:00,8,LY＃863,2,19,0,KEKW＃849,1,2,3,2,,False,True,9553,False,netplay
2023-11-14 20:08:29+00:00,28,LY＃863,2,19,0,KEKW＃849,1,2,1,2,,False,True,15758,False,netplay
2023-11-14 20:13:13+00:00,31,LY＃863,2,9,3,KEKW＃849,1,2,0,2,,True,False,6275,False,netplay
2023-11-14 20:15:14+00:00,8,LY＃863,2,23,0,KEKW＃849,1,2,2,2,,False,True,9588,False,netplay
2023-11-14 20:18:21+00:00,2,LY＃863,2,13,0,KEKW＃849,1,2,2,2,,False,True,11542,False,netplay
2023-11-14 20:21:56+00:00,28,LY＃863,2,15,0,KEKW＃849,1,2,3,2,,False,True,10197,False,netplay
2023-11-14 20:25:06+00:00,3,LY＃863,2,19,1,KEKW＃849,1,2,0,2,,True,False,13403,False,netplay
2023-11-14 20:29:00+00:00,2,LY＃863,2,19,0,KEKW＃849,1,2,2,2,,False,True,11825,False,netplay
2023-11-14 20:32:31+00:00,32,LY＃863,2,19,3,KEKW＃849,1,15,0,2,,True,False,10732,False,netplay
2023-11-14 20:35:41+00:00,28,LY＃863,2,19,0,KEKW＃849,1,15,2,2,,False,True,11186,False,netplay
2023-11-14 20:39:59+00:00,32,LY＃863,2,19,3,KEKW＃849,1,21,0,2,,True,False,10781,False,netplay
2023-11-14 20:43:23+00:00,32,LY＃863,2,19,3,KEKW＃849,1,0,0,2,,True,False,8469,False,netplay
2023-11-14 20:46:35+00:00,8,LY＃863,2,11,0,KEKW＃849,1,2,3,2,,False,True,8467,False,netplay
2023-11-14 20:49:17+00:00,2,LY＃863,2,19,0,KEKW＃849,1,2,3,2,,False,True,13065,False,netplay
2023-11-14 20:53:07+00:00,31,LY＃863,2,19,0,KEKW＃849,1,2,1,2,,False,True,20445,False,netplay
2023-11-14 20:59:03+00:00,3,LY＃863,2,19,0,KEKW＃849,1,2,3,2,,False,True,10312,False,netplay
2023-11-17 17:28:13+00:00,31,LY＃863,2,16,0,KEKW＃849,1,15,2,2,,False,True,13271,False,netplay
2023-11-17 17:32:37+00:00,8,LY＃863,2,3,0,KEKW＃849,1,15,2,2,,False,True,9916,False,netplay
2023-11-17 17:35:40+00:00,31,LY＃863,2,19,0,KEKW＃849,1,15,1,2,,False,True,14447,False,netplay
2023-11-17 17:39:51+00:00,28,LY＃863,2,19,0,KEKW＃849,1,2,2,2,,False,True,12166,False,netplay
2023-11-17 17:43:23+00:00,3,LY＃863,2,19,3,KEKW＃849,1,2,0,2,,True,False,7861,False,netplay
2023-11-17 17:45:43+00:00,3,LY＃863,2,19,0,KEKW＃849,1,2,2,2,,False,True,11222,False,netplay
2023-11-17 17:49:17+00:00,2,LY＃863,2,9,0,KEKW＃849,1,2,1,2,,False,True,12528,False,netplay
2023-11-17 17:52:56+00:00,32,LY＃863,2,9,0,KEKW＃849,1,2,1,2,,False,True,9436,False,netplay
2023-11-17 17:55:54+00:00,8,LY＃863,2,9,0,KEKW＃849,1,15,3,2,,False,True,4599,False,netplay
2023-11-17 17:57:43+00:00,3,LY＃863,2,9,1,KEKW＃849,1,22,0,2,,True,False,10546,False,netplay
2023-11-17 18:02:14+00:00,8,LY＃863,2,9,1,KEKW＃849,1,2,0,2,,True,False,7784,False,netplay
2023-11-17 18:04:36+00:00,15,LY＃863,2,19,4,KEKW＃849,1,2,4,7,0,False,True,4,False,netplay
2023-11-17 18:04:53+00:00,31,LY＃863,2,19,0,KEKW＃849,1,2,2,2,,False,True,12001,False,netplay
2023-11-17 18:08:28+00:00,8,LY＃863,2,19,0,KEKW＃849,1,2,2,2,,False,True,10253,False,netplay
2023-11-17 18:11:32+00:00,28,LY＃863,2,19,2,KEKW＃849,1,15,0,2,,True,False,15033,False,netplay
2023-11-17 18:15:52+00:00,2,LY＃863,2,19,1,KEKW＃849,1,15,0,2,,True,False,13416,False,netplay
2023-11-17 18:19:44+00:00,28,LY＃863,2,19,0,KEKW＃849,1,15,2,2,,False,True,12745,False,netplay
2023-11-17 18:23:45+00:00,31,LY＃863,2,9,0,KEKW＃849,1,2,2,2,,False,True,7266,False,netplay
2023-11-17 18:25:57+00:00,32,LY＃863,2,9,1,KEKW＃849,1,2,0,2,,True,False,9507,False,netplay
2023-11-17 18:28:44+00:00,32,LY＃863,2,9,1,KEKW＃849,1,2,0,2,,True,False,8940,False,netplay
2023-11-17 18:31:25+00:00,8,LY＃863,2,19,0,KEKW＃849,1,2,1,2,,False,True,10915,False,netplay
2023-11-17 18:34:44+00:00,2,LY＃863,2,20,0,KEKW＃849,1,2,2,2,,False,True,9679,False,netplay
2023-11-17 18:37:45+00:00,3,LY＃863,2,20,0,KEKW＃849,1,1,1,2,,False,True,11481,False,netplay
2023-11-17 18:41:22+00:00,3,LY＃863,2,20,0,KEKW＃849,1,2,3,2,,False,True,8529,False,netplay
2023-11-17 18:43:55+00:00,32,LY＃863,2,20,0,KEKW＃849,1,2,3,2,,False,True,7105,False,netplay
2023-11-17 18:46:11+00:00,8,LY＃863,2,20,0,KEKW＃849,1,22,1,2,,False,True,14156,False,netplay
2023-11-17 18:51:02+00:00,2,LY＃863,2,20,0,KEKW＃849,1,22,2,2,,False,True,7708,False,netplay
2023-11-17 18:53:40+00:00,31,LY＃863,2,20,0,KEKW＃849,1,8,1,2,,False,True,10431,False,netplay
2023-11-17 18:56:52+00:00,2,LY＃863,2,20,3,KEKW＃849,1,3,0,2,,True,False,10081,False,netplay
2023-11-17 19:00:04+00:00,32,LY＃863,2,20,0,KEKW＃849,1,14,1,2,,False,True,10632,False,netplay
2023-11-17 19:03:16+00:00,31,LY＃863,2,20,1,KEKW＃849,1,17,0,2,,True,False,15150,False,netplay
2023-11-17 19:07:50+00:00,32,LY＃863,2,20,0,KEKW＃849,1,19,2,2,,False,True,15476,False,netplay
2023-11-17 19:12:22+00:00,32,LY＃863,2,20,0,KEKW＃849,1,25,2,2,,False,True,8967,False,netplay
2023-11-17 19:15:19+00:00,28,LY＃863,2,20,0,KEKW＃849,1,15,2,2,,False,True,12038,False,netplay
2023-11-17 19:19:00+00:00,8,LY＃863,2,9,0,KEKW＃849,1,2,1,2,,False,True,6503,False,netplay
2023-11-17 19:20:59+00:00,3,LY＃863,2,9,0,KEKW＃849,1,2,3,2,,False,True,8316,False,netplay
2023-11-17 19:23:26+00:00,2,LY＃863,2,9,0,KEKW＃849,1,2,2,2,,False,True,6218,False,netplay
2023-11-17 19:25:19+00:00,28,LY＃863,2,9,2,KEKW＃849,1,2,0,2,,True,False,7922,False,netplay
2023-11-17 19:27:40+00:00,28,LY＃863,2,9,1,KEKW＃849,1,2,0,2,,True,False,8913,False,netplay
2023-11-17 19:30:16+00:00,3,LY＃863,2,9,1,KEKW＃849,1,2,0,2,,True,False,8450,False,netplay
2023-11-17 19:32:45+00:00,11,LY＃863,2,9,4,KEKW＃849,1,2,4,7,0,False,True,22,False,netplay
2023-11-17 19:32:52+00:00,31,LY＃863,2,9,2,KEKW＃849,1,2,0,2,,True,False,4789,False,netplay
2023-11-17 19:34:19+00:00,2,LY＃863,2,9,1,KEKW＃849,1,2,0,2,,True,False,6856,False,netplay
2023-11-17 19:36:21+00:00,31,LY＃863,2,9,3,KEKW＃849,1,2,0,2,,True,False,5295,False,netplay
2023-11-17 19:37:58+00:00,2,LY＃863,2,9,3,KEKW＃849,1,2,0,2,,True,False,4027,False,netplay
2023-11-17 19:39:13+00:00,32,LY＃863,2,9,4,KEKW＃849,1,2,0,2,,True,False,6027,False,netplay
2023-11-17 19:41:02+00:00,8,LY＃863,2,9,2,KEKW＃849,1,2,0,2,,True,False,6689,False,netplay
2023-11-17 19:43:09+00:00,28,LY＃863,2,19,3,KEKW＃849,1,2,0,2,,True,False,3478,False,netplay
2023-11-17 19:44:16+00:00,3,LY＃863,2,19,0,KEKW＃849,1,2,1,2,,False,True,8956,False,netplay
2023-11-17 19:47:27+00:00,15,LY＃863,2,19,4,KEKW＃849,1,2,4,7,0,False,True,3,False,netplay
2023-11-17 19:47:39+00:00,8,LY＃863,2,19,0,KEKW＃849,1,15,2,2,,False,True,12951,False,netplay
2023-11-17 19:51:31+00:00,8,LY＃863,2,19,3,KEKW＃849,1,20,0,2,,True,False,4825,False,netplay
2023-11-17 19:53:09+00:00,31,LY＃863,2,19,0,KEKW＃849,1,9,3,2,,False,True,10259,False,netplay
2023-11-19 18:38:52+00:00,8,LY＃863,1,13,0,KEKW＃849,2,2,2,2,,False,True,8987,False,netplay
2023-11-19 18:41:44+00:00,32,LY＃863,1,20,0,KEKW＃849,2,2,2,2,,False,True,10161,False,netplay
2023-11-19 18:44:45+00:00,15,LY＃863,1,20,4,KEKW＃849,2,2,4,7,0,True,False,3,False,netplay
2023-11-19 18:44:53+00:00,8,LY＃863,1,20,0,KEKW＃849,2,2,3,2,,False,True,7020,False,netplay
2023-11-19 18:47:57+00:00,2,LY＃863,2,20,0,KEKW＃849,1,2,2,2,,False,True,10149,False,netplay
2023-11-19 18:51:03+00:00,3,LY＃863,2,20,0,KEKW＃849,1,2,2,2,,False,True,10733,False,netplay
2023-11-19 18:54:18+00:00,31,LY＃863,2,20,0,KEKW＃849,1,2,2,2,,False,True,9140,False,netplay
2023-11-19 18:57:00+00:00,32,LY＃863,2,20,0,KEKW＃849,1,2,3,2,,False,True,6238,False,netplay
2023-11-19 18:58:53+00:00,2,LY＃863,2,20,0,KEKW＃849,1,2,1,2,,False,True,10321,False,netplay
2023-11-19 19:01:53+00:00,28,LY＃863,2,20,0,KEKW＃849,1,2,3,2,,False,True,7776,False,netplay
2023-11-19 19:04:15+00:00,31,LY＃863,2,9,2,KEKW＃849,1,2,0,2,,True,False,8772,False,netplay
2023-11-19 19:06:53+00:00,8,LY＃863,2,20,0,KEKW＃849,1,2,3,2,,False,True,8114,False,netplay
2023-11-19 19:09:17+00:00,32,LY＃863,2,20,0,KEKW＃849,1,2,2,2,,False,True,8971,False,netplay
2023-11-19 19:11:55+00:00,2,LY＃863,2,20,0,KEKW＃849,1,2,2,2,,False,True,10243,False,netplay
2023-11-19 19:14:54+00:00,8,LY＃863,2,20,0,KEKW＃849,1,2,3,2,,False,True,4772,False,netplay
2023-11-19 19:16:22+00:00,28,LY＃863,2,20,0,KEKW＃849,1,2,2,2,,False,True,12846,False,netplay
2023-11-19 19:20:04+00:00,3,LY＃863,2,20,0,KEKW＃849,1,2,2,2,,False,True,11394,False,netplay
2023-11-19 19:23:24+00:00,32,LY＃863,2,20,0,KEKW＃849,1,2,1,2,,False,True,11187,False,netplay
2023-11-19 19:26:40+00:00,31,LY＃863,2,20,0,KEKW＃849,1,2,1,2,,False,True,11876,False,netplay
2023-11-19 19:30:06+00:00,28,LY＃863,2,20,0,KEKW＃849,1,2,2,2,,False,True,10926,False,netplay
2023-11-19 19:33:17+00:00,31,LY＃863,2,20,0,KEKW＃849,1,2,2,2,,False,True,7130,False,netplay
2023-11-19 19:35:29+00:00,2,LY＃863,2,20,0,KEKW＃849,1,2,2,2,,False,True,10244,False,netplay
2023-11-19 19:38:31+00:00,3,LY＃863,2,19,0,KEKW＃849,1,2,3,2,,False,True,9468,False,netplay
2023-11-19 19:41:16+00:00,8,LY＃863,2,19,0,KEKW＃849,1,2,3,2,,False,True,5688,False,netplay
2023-11-19 19:43:03+00:00,2,LY＃863,2,19,1,KEKW＃849,1,15,0,2,,True,False,14558,False,netplay
2023-11-19 19:47:13+00:00,31,LY＃863,2,19,1,KEKW＃849,1,15,0,2,,True,False,11436,False,netplay
2023-11-19 19:50:32+00:00,28,LY＃863,2,19,0,KEKW＃849,1,15,2,2,,False,True,10034,False,netplay
2023-11-19 19:53:33+00:00,3,LY＃863,2,19,0,KEKW＃849,1,2,1,2,,False,True,16261,False,netplay
2023-11-19 19:58:12+00:00,8,LY＃863,2,19,0,KEKW＃849,1,2,2,2,,False,True,9048,False,netplay
2023-11-19 20:00:51+00:00,28,LY＃863,2,19,0,KEKW＃849,1,2,3,2,,False,True,8924,False,netplay
2023-11-19 20:03:32+00:00,31,LY＃863,2,9,3,KEKW＃849,1,2,0,2,,True,False,6288,False,netplay
2023-11-19 20:05:24+00:00,2,LY＃863,2,9,1,KEKW＃849,1,2,0,2,,True,False,9815,False,netplay
2023-11-19 20:08:16+00:00,32,LY＃863,2,9,0,KEKW＃849,1,2,3,2,,False,True,7974,False,netplay
2023-11-19 20:10:37+00:00,32,LY＃863,2,9,3,KEKW＃849,1,2,0,2,,True,False,6900,False,netplay
2023-11-19 20:12:40+00:00,3,LY＃863,2,9,1,KEKW＃849,1,2,0,2,,True,False,8123,False,netplay
2023-11-19 20:15:54+00:00,15,LY＃863,2,9,4,KEKW＃849,1,2,4,7,0,False,True,12,False,netplay
2023-11-19 20:16:02+00:00,2,LY＃863,2,9,3,KEKW＃849,1,2,0,2,,True,False,7832,False,netplay
2023-11-19 20:19:15+00:00,8,LY＃863,2,9,1,KEKW＃849,1,2,0,2,,True,False,9331,False,netplay
2023-11-19 20:21:58+00:00,15,LY＃863,2,9,4,KEKW＃849,1,2,4,7,0,False,True,19,False,netplay
2023-11-19 20:22:05+00:00,31,LY＃863,2,9,0,KEKW＃849,1,2,2,2,,False,True,13745,False,netplay
2023-11-19 20:26:04+00:00,2,LY＃863,2,9,0,KEKW＃849,1,2,3,2,,False,True,6931,False,netplay
2023-11-19 20:28:42+00:00,8,LY＃863,2,0,0,KEKW＃849,1,2,3,2,,False,True,5958,False,netplay
2023-11-19 20:30:44+00:00,31,LY＃863,2,23,2,KEKW＃849,1,22,0,2,,True,False,6651,False,netplay
2023-11-19 20:32:47+00:00,13,LY＃863,2,7,2,KEKW＃849,1,1,0,2,,True,False,10833,False,netplay
2023-11-19 20:36:37+00:00,9,LY＃863,2,7,1,KEKW＃849,1,4,0,2,,True,False,15168,False,netplay
2023-11-24 16:47:38+00:00,32,LY＃863,1,22,1,KEKW＃849,2,2,0,2,,True,False,12668,False,netplay
2023-11-24 16:52:39+00:00,2,LY＃863,1,20,0,KEKW＃849,2,2,3,2,,False,True,6488,False,netplay
2023-11-24 16:54:36+00:00,6,LY＃863,1,20,4,KEKW＃849,2,2,4,7,0,True,False,18,False,netplay
2023-11-24 16:54:44+00:00,8,LY＃863,1,20,0,KEKW＃849,2,2,2,2,,False,True,9315,False,netplay
2023-11-24 16:57:28+00:00,3,LY＃863,1,20,0,KEKW＃849,2,2,1,2,,False,True,9918,False,netplay
2023-11-24 17:00:21+00:00,31,LY＃863,1,20,0,KEKW＃849,2,2,2,2,,False,True,8704,False,netplay
2023-11-24 17:02:55+00:00,32,LY＃863,1,20,0,KEKW＃849,2,2,2,2,,False,True,8873,False,netplay
2023-11-24 17:05:31+00:00,28,LY＃863,1,20,0,KEKW＃849,2,2,1,2,,False,True,14646,False,netplay
2023-11-24 17:09:44+00:00,2,LY＃863,1,20,1,KEKW＃849,2,2,0,2,,True,False,7585,False,netplay
2023-11-24 17:11:58+00:00,31,LY＃863,1,20,0,KEKW＃849,2,2,2,2,,False,True,9550,False,netplay
2023-11-24 17:14:49+00:00,28,LY＃863,1,19,0,KEKW＃849,2,2,2,2,,False,True,12690,False,netplay
2023-11-24 17:18:29+00:00,2,LY＃863,1,19,0,KEKW＃849,2,2,2,2,,False,True,10205,False,netplay
2023-11-24 17:21:30+00:00,8,LY＃863,1,9,2,KEKW＃849,2,2,0,2,,True,False,5467,False,netplay
2023-11-24 17:23:14+00:00,28,LY＃863,1,9,0,KEKW＃849,2,2,1,2,,False,True,11214,False,netplay
2023-11-24 17:26:30+00:00,32,LY＃863,1,9,3,KEKW＃849,2,2,0,2,,True,False,5440,False,netplay
2023-11-24 17:28:20+00:00,8,LY＃863,1,20,4,KEKW＃849,2,2,0,2,,True,False,3239,False,netplay
2023-11-24 17:29:21+00:00,3,LY＃863,1,20,3,KEKW＃849,2,2,0,2,,True,False,6836,False,netplay
2023-11-24 17:31:23+00:00,32,LY＃863,1,20,4,KEKW＃849,2,2,0,2,,True,False,8182,False,netplay
2023-11-24 17:33:48+00:00,2,LY＃863,1,20,4,KEKW＃849,2,2,3,7,2,True,False,6635,False,netplay
2023-11-24 17:36:42+00:00,31,LY＃863,1,20,3,KEKW＃849,2,2,0,2,,True,False,4589,False,netplay
2023-11-24 17:38:07+00:00,8,LY＃863,1,20,0,KEKW＃849,2,2,1,2,,False,True,10775,False,netplay
2023-11-24 17:41:15+00:00,3,LY＃863,1,20,0,KEKW＃849,2,2,3,2,,False,True,7928,False,netplay
2023-11-24 17:43:36+00:00,31,LY＃863,1,20,4,KEKW＃849,2,2,0,2,,True,False,3105,False,netplay
2023-11-24 17:44:36+00:00,28,LY＃863,1,20,0,KEKW＃849,2,2,3,2,,False,True,16682,False,netplay
2023-11-24 17:49:27+00:00,3,LY＃863,1,19,0,KEKW＃849,2,2,1,2,,False,True,16593,False,netplay
2023-11-24 17:54:13+00:00,31,LY＃863,1,19,0,KEKW＃849,2,2,1,2,,False,True,10878,False,netplay
2023-11-24 17:57:25+00:00,2,LY＃863,1,9,0,KEKW＃849,2,2,2,2,,False,True,9771,False,netplay
2023-11-24 18:00:16+00:00,8,LY＃863,1,9,0,KEKW＃849,2,2,2,2,,False,True,9730,False,netplay
2023-11-24 18:03:12+00:00,28,LY＃863,1,22,2,KEKW＃849,2,2,0,2,,True,False,8688,False,netplay
2023-11-24 18:05:58+00:00,15,LY＃863,1,22,4,KEKW＃849,2,2,4,7,2,True,False,0,False,netplay
2023-11-24 18:06:47+00:00,3,LY＃863,1,12,0,KEKW＃849,2,2,1,2,,False,True,9317,False,netplay
2023-11-24 18:09:38+00:00,32,LY＃863,1,15,0,KEKW＃849,2,2,3,2,,False,True,6759,False,netplay
2023-11-24 18:11:54+00:00,3,LY＃863,1,22,0,KEKW＃849,2,2,2,2,,False,True,8711,False,netplay
2023-11-24 18:14:28+00:00,8,LY＃863,1,22,0,KEKW＃849,2,2,2,2,,False,True,4406,False,netplay
2023-11-24 18:15:51+00:00,28,LY＃863,1,7,0,KEKW＃849,2,2,2,2,,False,True,10759,False,netplay
2023-11-24 18:19:12+00:00,31,LY＃863,1,9,2,KEKW＃849,2,2,0,2,,True,False,6866,False,netplay
2023-11-24 18:21:17+00:00,18,LY＃863,1,20,3,KEKW＃849,2,2,4,7,2,False,True,81,False,netplay
2023-11-24 18:21:34+00:00,31,LY＃863,1,20,3,KEKW＃849,2,2,0,2,,True,False,8470,False,netplay
2023-11-24 18:24:24+00:00,32,LY＃863,1,20,2,KEKW＃849,2,2,0,2,,True,False,10976,False,netplay
2023-11-24 18:27:36+00:00,8,LY＃863,1,20,0,KEKW＃849,2,2,3,2,,False,True,7264,False,netplay
2023-11-24 18:29:47+00:00,32,LY＃863,1,19,1,KEKW＃849,2,2,0,2,,True,False,12324,False,netplay
2023-11-24 18:33:22+00:00,15,LY＃863,1,19,4,KEKW＃849,2,2,4,7,2,True,False,16,False,netplay
2023-11-24 18:33:34+00:00,2,LY＃863,1,19,1,KEKW＃849,2,2,0,2,,True,False,10724,False,netplay
2023-11-24 18:36:41+00:00,31,LY＃863,1,19,0,KEKW＃849,2,2,4,2,,False,True,8297,False,netplay
2023-11-24 18:39:23+00:00,2,LY＃863,1,6,0,KEKW＃849,2,2,2,2,,False,True,8079,False,netplay
2023-11-24 18:42:03+00:00,3,LY＃863,1,11,0,KEKW＃849,2,15,4,2,,False,True,13222,False,netplay
2023-11-24 18:46:00+00:00,2,LY＃863,1,3,0,KEKW＃849,2,15,2,2,,False,True,9990,False,netplay
2023-11-24 18:48:59+00:00,8,LY＃863,1,23,2,KEKW＃849,2,3,0,2,,True,False,7474,False,netplay
2023-11-24 18:51:26+00:00,28,LY＃863,1,0,0,KEKW＃849,2,22,2,2,,False,True,8312,False,netplay
2023-11-24 18:54:05+00:00,28,LY＃863,1,13,3,KEKW＃849,2,1,0,2,,True,False,7339,False,netplay
2023-11-24 18:56:55+00:00,24,LY＃863,1,2,0,KEKW＃849,2,23,1,2,,False,True,14373,False,netplay
2023-11-24 19:01:19+00:00,32,LY＃863,1,22,0,KEKW＃849,2,2,3,2,,False,True,6799,False,netplay
2023-11-24 19:03:26+00:00,31,LY＃863,1,20,0,KEKW＃849,2,2,2,2,,False,True,7766,False,netplay
2023-11-24 19:05:44+00:00,3,LY＃863,1,20,0,KEKW＃849,2,2,2,2,,False,True,9410,False,netplay
2023-11-24 19:08:54+00:00,28,LY＃863,1,9,1,KEKW＃849,2,2,0,2,,True,False,11345,False,netplay
2023-11-24 19:12:12+00:00,3,LY＃863,1,9,2,KEKW＃849,2,2,0,2,,True,False,8188,False,netplay
2023-11-24 19:14:37+00:00,32,LY＃863,1,9,3,KEKW＃849,2,2,0,2,,True,False,3452,False,netplay
2023-11-24 19:15:42+00:00,32,LY＃863,1,9,2,KEKW＃849,2,2,0,2,,True,False,7442,False,netplay
2023-11-24 19:17:54+00:00,3,LY＃863,1,9,0,KEKW＃849,2,2,1,2,,False,True,11653,False,netplay
2023-11-24 19:21:18+00:00,31,LY＃863,1,9,0,KEKW＃849,2,2,2,2,,False,True,8906,False,netplay
2023-11-24 19:23:55+00:00,6,LY＃863,1,9,4,KEKW＃849,2,2,4,7,0,True,False,20,False,netplay
2023-11-24 19:24:03+00:00,8,LY＃863,1,9,1,KEKW＃849,2,2,0,2,,True,False,7897,False,netplay
2023-11-24 19:26:23+00:00,8,LY＃863,1,9,1,KEKW＃849,2,2,0,2,,True,False,8084,False,netplay
2023-11-24 19:28:46+00:00,2,LY＃863,1,9,3,KEKW＃849,2,2,0,2,,True,False,9169,False,netplay
2023-11-24 19:31:38+00:00,28,LY＃863,1,9,4,KEKW＃849,2,2,0,2,,True,False,3238,False,netplay
2023-11-24 19:32:41+00:00,31,LY＃863,1,9,2,KEKW＃849,2,2,0,2,,True,False,7957,False,netplay
2023-11-24 19:35:01+00:00,12,LY＃863,1,9,3,KEKW＃849,2,2,0,2,,True,False,3728,False,netplay
2023-11-24 19:36:11+00:00,31,LY＃863,1,9,4,KEKW＃849,2,2,0,2,,True,False,12247,False,netplay
2023-11-24 19:39:44+00:00,32,LY＃863,1,9,2,KEKW＃849,2,2,0,2,,True,False,8487,False,netplay
2023-11-24 19:42:13+00:00,3,LY＃863,1,9,3,KEKW＃849,2,2,0,2,,True,False,2822,False,netplay
2023-11-24 19:43:10+00:00,2,LY＃863,1,20,0,KEKW＃849,2,2,4,2,,False,True,5016,False,netplay
2023-11-24 19:44:45+00:00,32,LY＃863,1,19,0,KEKW＃849,2,2,2,2,,False,True,9260,False,netplay
2023-11-25 18:38:17+00:00,31,LY＃863,1,22,0,KEKW＃849,2,2,2,2,,False,True,9286,False,netplay
2023-11-25 18:41:11+00:00,8,LY＃863,1,20,0,KEKW＃849,2,2,2,2,,False,True,6476,False,netplay
2023-11-25 18:43:08+00:00,28,LY＃863,1,20,0,KEKW＃849,2,2,2,2,,False,True,17587,False,netplay
2023-11-25 18:48:09+00:00,2,LY＃863,1,20,0,KEKW＃849,2,2,2,2,,False,True,10263,False,netplay
2023-11-25 18:51:09+00:00,32,LY＃863,1,20,0,KEKW＃849,2,2,2,2,,False,True,9298,False,netplay
2023-11-25 18:54:07+00:00,3,LY＃863,1,20,0,KEKW＃849,2,2,2,2,,False,True,9393,False,netplay
2023-11-25 18:56:53+00:00,31,LY＃863,1,20,0,KEKW＃849,2,2,3,2,,False,True,7976,False,netplay
2023-11-25 18:59:18+00:00,8,LY＃863,1,20,1,KEKW＃849,2,15,0,2,,True,False,10963,False,netplay
2023-11-25 19:02:38+00:00,28,LY＃863,1,20,0,KEKW＃849,2,15,1,2,,False,True,17595,False,netplay
2023-11-25 19:07:46+00:00,3,LY＃863,1,20,0,KEKW＃849,2,2,2,2,,False,True,12857,False,netplay
2023-11-25 19:11:31+00:00,28,LY＃863,1,20,0,KEKW＃849,2,2,2,2,,False,True,10491,False,netplay
2023-11-25 19:14:35+00:00,32,LY＃863,1,20,0,KEKW＃849,2,2,1,2,,False,True,9303,False,netplay
2023-11-25 19:17:18+00:00,31,LY＃863,1,20,0,KEKW＃849,2,2,2,2,,False,True,10072,False,netplay
2023-11-25 19:20:14+00:00,2,LY＃863,1,20,0,KEKW＃849,2,2,3,2,,False,True,5227,False,netplay
2023-11-25 19:21:53+00:00,28,LY＃863,1,9,1,KEKW＃849,2,2,0,2,,True,False,8012,False,netplay
2023-11-25 19:24:23+00:00,31,LY＃863,1,19,0,KEKW＃849,2,2,2,2,,False,True,10236,False,netplay
2023-11-25 19:27:22+00:00,2,LY＃863,1,19,0,KEKW＃849,2,2,2,2,,False,True,9974,False,netplay
2023-11-25 19:30:19+00:00,31,LY＃863,1,20,0,KEKW＃849,2,2,3,2,,False,True,8306,False,netplay
2023-11-25 19:32:51+00:00,8,LY＃863,1,20,0,KEKW＃849,2,22,1,2,,False,True,13976,False,netplay
2023-11-25 19:37:09+00:00,32,LY＃863,1,20,1,KEKW＃849,2,23,0,2,,True,False,13481,False,netplay
2023-11-25 19:41:06+00:00,32,LY＃863,1,20,1,KEKW＃849,2,9,0,2,,True,False,10820,False,netplay
2023-11-25 19:44:15+00:00,8,LY＃863,1,20,0,KEKW＃849,2,9,1,2,,False,True,11640,False,netplay
2023-11-25 19:47:48+00:00,3,LY＃863,1,20,1,KEKW＃849,2,19,0,2,,True,False,14957,False,netplay
2023-11-25 19:52:29+00:00,2,LY＃863,1,20,0,KEKW＃849,2,20,1,2,,False,True,11165,False,netplay
2023-11-25 19:55:44+00:00,28,LY＃863,1,20,3,KEKW＃849,2,20,0,2,,True,False,9024,False,netplay
2023-11-25 19:58:40+00:00,2,LY＃863,1,20,0,KEKW＃849,2,2,2,2,,False,True,10336,False,netplay
2023-11-25 20:01:43+00:00,3,LY＃863,1,20,0,KEKW＃849,2,2,3,2,,False,True,8895,False,netplay
2023-11-25 20:04:24+00:00,8,LY＃863,1,9,2,KEKW＃849,2,2,0,2,,True,False,8182,False,netplay
2023-11-25 20:06:48+00:00,8,LY＃863,1,9,4,KEKW＃849,2,2,0,2,,True,False,5636,False,netplay
2023-11-25 20:08:32+00:00,31,LY＃863,1,19,0,KEKW＃849,2,2,1,2,,False,True,11875,False,netplay
2023-11-25 20:12:04+00:00,32,LY＃863,1,19,0,KEKW＃849,2,2,3,2,,False,True,8014,False,netplay
2023-11-25 20:14:27+00:00,2,LY＃863,1,19,2,KEKW＃849,2,2,0,2,,True,False,9765,False,netplay
2023-11-25 20:17:33+00:00,32,LY＃863,1,19,4,KEKW＃849,2,2,0,2,,True,False,9889,False,netplay
2023-11-30 18:31:03+00:00,32,LY＃863,1,19,0,KEKW＃849,2,2,3,2,,False,True,11180,False,netplay
2023-11-30 18:34:37+00:00,32,LY＃863,1,13,0,KEKW＃849,2,2,2,2,,False,True,10955,False,netplay
2023-11-30 18:37:55+00:00,3,LY＃863,1,20,0,KEKW＃849,2,2,2,2,,False,True,10052,False,netplay
2023-11-30 18:40:51+00:00,28,LY＃863,1,20,1,KEKW＃849,2,2,0,2,,True,False,16500,False,netplay
2023-11-30 18:45:38+00:00,2,LY＃863,1,20,0,KEKW＃849,2,2,2,2,,False,True,7806,False,netplay
2023-11-30 18:47:57+00:00,8,LY＃863,1,20,0,KEKW＃849,2,2,3,2,,False,True,8423,False,netplay
2023-11-30 18:50:26+00:00,32,LY＃863,1,20,0,KEKW＃849,2,2,2,2,,False,True,11201,False,netplay
2023-11-30 18:53:47+00:00,31,LY＃863,1,20,0,KEKW＃849,2,2,1,2,,False,True,15443,False,netplay
2023-11-30 18:58:13+00:00,2,LY＃863,1,20,0,KEKW＃849,2,2,2,2,,False,True,5904,False,netplay
2023-11-30 19:00:04+00:00,31,LY＃863,1,9,1,KEKW＃849,2,2,0,2,,True,False,7782,False,netplay
2023-11-30 19:02:35+00:00,2,LY＃863,1,9,0,KEKW＃849,2,2,3,2,,False,True,8263,False,netplay
2023-11-30 19:05:01+00:00,15,LY＃863,1,9,4,KEKW＃849,2,2,4,7,0,True,False,9,False,netplay
2023-11-30 19:05:09+00:00,32,LY＃863,1,9,2,KEKW＃849,2,2,0,2,,True,False,7294,False,netplay
2023-11-30 19:07:20+00:00,8,LY＃863,1,9,3,KEKW＃849,2,2,0,2,,True,False,6905,False,netplay
2023-11-30 19:09:38+00:00,3,LY＃863,1,19,0,KEKW＃849,2,2,2,2,,False,True,11366,False,netplay
2023-11-30 19:12:59+00:00,3,LY＃863,1,20,0,KEKW＃849,2,2,2,2,,False,True,13479,False,netplay
2023-11-30 19:16:53+00:00,28,LY＃863,1,20,0,KEKW＃849,2,2,2,2,,False,True,12076,False,netplay
2023-11-30 19:20:32+00:00,8,LY＃863,1,20,1,KEKW＃849,2,2,0,2,,True,False,12809,False,netplay
2023-11-30 19:24:14+00:00,8,LY＃863,1,20,2,KEKW＃849,2,2,0,2,,True,False,9053,False,netplay
2023-11-30 19:26:53+00:00,8,LY＃863,1,20,1,KEKW＃849,2,2,0,2,,True,False,10306,False,netplay
2023-11-30 19:29:53+00:00,32,LY＃863,1,20,3,KEKW＃849,2,2,0,2,,True,False,16741,False,netplay
2023-11-30 19:34:40+00:00,32,LY＃863,1,20,1,KEKW＃849,2,2,0,2,,True,False,27731,False,netplay
2023-11-30 19:43:20+00:00,28,LY＃863,1,20,2,KEKW＃849,2,2,0,2,,True,False,10128,False,netplay
2023-11-30 19:46:19+00:00,3,LY＃863,1,20,0,KEKW＃849,2,2,1,2,,False,True,11915,False,netplay
2023-11-30 19:49:46+00:00,2,LY＃863,1,20,0,KEKW＃849,2,2,1,2,,False,True,10244,False,netplay
2023-11-30 19:52:47+00:00,32,LY＃863,1,20,0,KEKW＃849,2,2,2,2,,False,True,11207,False,netplay
2023-11-30 19:56:20+00:00,2,LY＃863,1,20,0,KEKW＃849,2,2,2,2,,False,True,12402,False,netplay
2023-11-30 19:59:56+00:00,28,LY＃863,1,20,0,KEKW＃849,2,2,1,2,,False,True,15456,False,netplay
2023-11-30 20:04:22+00:00,8,LY＃863,1,20,0,KEKW＃849,2,2,2,2,,False,True,10038,False,netplay
2023-11-30 20:07:19+00:00,31,LY＃863,1,20,0,KEKW＃849,2,2,3,2,,False,True,7626,False,netplay
2023-11-30 20:12:39+00:00,3,LY＃863,1,20,1,KEKW＃849,2,2,0,2,,True,False,12318,False,netplay
2023-11-30 20:16:16+00:00,32,LY＃863,1,20,0,KEKW＃849,2,2,3,2,,False,True,6688,False,netplay
2023-11-30 20:19:00+00:00,8,LY＃863,1,20,0,KEKW＃849,2,2,2,2,,False,True,8491,False,netplay
2023-11-30 20:21:33+00:00,3,LY＃863,1,19,0,KEKW＃849,2,2,2,2,,False,True,12009,False,netplay
2023-11-30 20:25:02+00:00,28,LY＃863,1,19,0,KEKW＃849,2,2,2,2,,False,True,14622,False,netplay
2023-12-06 16:21:13+00:00,3,LY＃863,2,16,0,KEKW＃849,1,2,1,2,,False,True,17038,False,netplay
2023-12-06 16:26:22+00:00,15,LY＃863,2,19,4,KEKW＃849,1,2,4,7,2,False,True,0,False,netplay
2023-12-06 16:26:34+00:00,31,LY＃863,2,19,0,KEKW＃849,1,2,2,2,,False,True,9877,False,netplay
2023-12-06 16:29:27+00:00,28,LY＃863,2,19,0,KEKW＃849,1,2,3,2,,False,True,7203,False,netplay
2023-12-06 16:31:36+00:00,32,LY＃863,2,19,0,KEKW＃849,1,2,1,2,,False,True,10343,False,netplay
2023-12-06 16:34:36+00:00,8,LY＃863,2,19,0,KEKW＃849,1,2,4,2,,False,True,4099,False,netplay
2023-12-06 16:35:54+00:00,3,LY＃863,2,19,2,KEKW＃849,1,2,3,7,2,False,True,5094,False,netplay
2023-12-06 16:37:31+00:00,2,LY＃863,2,9,0,KEKW＃849,1,15,1,2,,False,True,12884,False,netplay
2023-12-06 16:41:19+00:00,2,LY＃863,2,9,0,KEKW＃849,1,2,2,2,,False,True,6011,False,netplay
2023-12-06 16:43:11+00:00,31,LY＃863,2,20,0,KEKW＃849,1,2,2,2,,False,True,9262,False,netplay
2023-12-06 16:45:55+00:00,28,LY＃863,2,19,0,KEKW＃849,1,2,1,2,,False,True,13140,False,netplay
2023-12-06 16:49:47+00:00,28,LY＃863,2,15,1,KEKW＃849,1,2,3,7,2,False,True,5149,False,netplay
2023-12-06 16:51:39+00:00,8,LY＃863,2,19,0,KEKW＃849,1,2,2,2,,False,True,9534,False,netplay
2023-12-06 16:54:28+00:00,3,LY＃863,2,19,0,KEKW＃849,1,2,1,2,,False,True,14702,False,netplay
2023-12-06 16:58:48+00:00,32,LY＃863,2,19,0,KEKW＃849,1,2,3,2,,False,True,7174,False,netplay
2023-12-06 17:00:55+00:00,31,LY＃863,2,19,0,KEKW＃849,1,2,2,2,,False,True,8349,False,netplay
2023-12-06 17:03:23+00:00,32,LY＃863,2,19,0,KEKW＃849,1,2,3,2,,False,True,6685,False,netplay
2023-12-06 17:05:27+00:00,2,LY＃863,2,19,0,KEKW＃849,1,23,3,2,,False,True,8108,False,netplay
2023-12-06 17:08:00+00:00,28,LY＃863,2,20,0,KEKW＃849,1,20,3,2,,False,True,6522,False,netplay
2023-12-06 17:10:04+00:00,3,LY＃863,2,19,1,KEKW＃849,1,22,0,2,,True,False,17150,False,netplay
2023-12-06 17:15:08+00:00,31,LY＃863,2,19,0,KEKW＃849,1,2,1,2,,False,True,12386,False,netplay
2023-12-06 17:18:46+00:00,8,LY＃863,2,19,0,KEKW＃849,1,2,1,2,,False,True,8859,False,netplay
2023-12-06 17:21:23+00:00,3,LY＃863,2,19,0,KEKW＃849,1,2,3,2,,False,True,7804,False,netplay
2023-12-06 17:23:47+00:00,28,LY＃863,2,19,0,KEKW＃849,1,1,2,2,,False,True,12681,False,netplay
2023-12-06 17:27:31+00:00,8,LY＃863,2,19,1,KEKW＃849,1,3,0,2,,True,False,10743,False,netplay
2023-12-06 17:31:12+00:00,8,LY＃863,2,19,2,KEKW＃849,1,14,0,2,,True,False,7676,False,netplay
2023-12-06 17:34:26+00:00,32,LY＃863,2,19,0,KEKW＃849,1,19,3,2,,False,True,7417,False,netplay
2023-12-06 17:36:46+00:00,2,LY＃863,2,19,4,KEKW＃849,1,0,0,2,,True,False,7039,False,netplay
2023-12-06 17:39:26+00:00,2,LY＃863,2,2,0,KEKW＃849,1,13,1,2,,False,True,12405,False,netplay
2023-12-06 17:43:15+00:00,32,LY＃863,2,19,2,KEKW＃849,1,9,0,2,,True,False,11588,False,netplay
2023-12-06 17:46:37+00:00,8,LY＃863,2,19,0,KEKW＃849,1,9,3,2,,False,True,9310,False,netplay
2023-12-06 17:49:22+00:00,31,LY＃863,2,19,0,KEKW＃849,1,9,1,2,,False,True,7980,False,netplay
2023-12-06 17:51:45+00:00,2,LY＃863,2,19,1,KEKW＃849,1,23,0,2,,True,False,9713,False,netplay
2023-12-06 17:54:36+00:00,28,LY＃863,2,19,0,KEKW＃849,1,23,3,2,,False,True,6599,False,netplay
2023-12-06 17:56:34+00:00,31,LY＃863,2,19,0,KEKW＃849,1,23,1,2,,False,True,11491,False,netplay
2023-12-06 17:59:56+00:00,3,LY＃863,2,19,1,KEKW＃849,1,23,0,2,,True,False,14036,False,netplay
2023-12-06 18:04:00+00:00,31,LY＃863,2,19,2,KEKW＃849,1,23,0,2,,True,False,8567,False,netplay
2023-12-06 18:06:31+00:00,3,LY＃863,2,19,0,KEKW＃849,1,23,2,2,,False,True,6662,False,netplay
2023-12-06 18:08:33+00:00,32,LY＃863,2,19,1,KEKW＃849,1,23,0,2,,True,False,11243,False,netplay
2023-12-06 18:11:48+00:00,3,LY＃863,2,19,2,KEKW＃849,1,23,0,2,,True,False,8036,False,netplay
2023-12-06 18:14:48+00:00,31,LY＃863,2,19,0,KEKW＃849,1,2,1,2,,False,True,12025,False,netplay
2023-12-06 18:18:18+00:00,28,LY＃863,2,19,0,KEKW＃849,1,2,2,2,,False,True,9134,False,netplay
2023-12-06 18:20:59+00:00,8,LY＃863,2,19,0,KEKW＃849,1,2,3,2,,False,True,8120,False,netplay
2023-12-06 18:23:23+00:00,2,LY＃863,2,19,0,KEKW＃849,1,2,3,2,,False,True,5445,False,netplay
2023-12-06 18:25:04+00:00,28,LY＃863,2,19,0,KEKW＃849,1,15,2,2,,False,True,14407,False,netplay
2023-12-06 18:29:23+00:00,32,LY＃863,2,19,0,KEKW＃849,1,20,2,2,,False,True,13321,False,netplay
2023-12-06 18:33:55+00:00,31,LY＃863,2,19,1,KEKW＃849,1,4,0,2,,True,False,15242,False,netplay
2023-12-06 18:39:03+00:00,12,LY＃863,2,19,0,KEKW＃849,1,1,2,2,,False,True,13057,False,netplay
2023-12-06 18:42:59+00:00,3,LY＃863,2,19,1,KEKW＃849,1,1,0,2,,True,False,11500,False,netplay
2023-12-06 18:48:26+00:00,9,LY＃863,2,19,0,KEKW＃849,1,11,1,2,,False,True,11912,False,netplay
2023-12-08 16:09:38+00:00,3,LY＃863,2,13,4,KEKW＃849,1,2,3,7,2,True,False,1648,False,netplay
2023-12-08 16:10:47+00:00,8,LY＃863,1,13,0,KEKW＃849,2,2,4,2,,False,True,2541,False,netplay
2023-12-08 16:11:39+00:00,8,LY＃863,1,13,0,KEKW＃849,2,2,3,2,,False,True,6993,False,netplay
2023-12-08 16:14:03+00:00,28,LY＃863,1,23,1,KEKW＃849,2,2,0,2,,True,False,14329,False,netplay
2023-12-08 16:18:26+00:00,2,LY＃863,1,19,0,KEKW＃849,2,2,3,2,,False,True,8804,False,netplay
2023-12-08 16:21:02+00:00,8,LY＃863,1,19,0,KEKW＃849,2,2,1,2,,False,True,9811,False,netplay
2023-12-08 16:23:54+00:00,2,LY＃863,1,19,0,KEKW＃849,2,2,2,2,,False,True,11015,False,netplay
2023-12-08 16:27:07+00:00,31,LY＃863,1,19,1,KEKW＃849,2,2,0,2,,True,False,14767,False,netplay
2023-12-08 16:31:20+00:00,28,LY＃863,1,19,0,KEKW＃849,2,2,1,2,,False,True,10251,False,netplay
2023-12-08 16:34:20+00:00,32,LY＃863,1,19,0,KEKW＃849,2,2,1,2,,False,True,13200,False,netplay
2023-12-08 16:38:09+00:00,3,LY＃863,1,19,0,KEKW＃849,2,2,1,2,,False,True,11594,False,netplay
2023-12-08 16:41:31+00:00,32,LY＃863,1,19,0,KEKW＃849,2,2,2,2,,False,True,11554,False,netplay
2023-12-08 16:45:01+00:00,3,LY＃863,1,19,0,KEKW＃849,2,2,1,2,,False,True,10850,False,netplay
2023-12-08 16:48:12+00:00,2,LY＃863,1,19,0,KEKW＃849,2,2,2,2,,False,True,10361,False,netplay
2023-12-08 16:51:13+00:00,8,LY＃863,1,19,0,KEKW＃849,2,2,2,2,,False,True,12029,False,netplay
2023-12-08 16:54:44+00:00,28,LY＃863,1,19,0,KEKW＃849,2,2,3,2,,False,True,11141,False,netplay
2023-12-08 16:57:59+00:00,31,LY＃863,1,19,0,KEKW＃849,2,2,2,2,,False,True,13704,False,netplay
2023-12-08 17:01:56+00:00,28,LY＃863,1,19,2,KEKW＃849,2,2,0,2,,True,False,7436,False,netplay
2023-12-08 17:04:09+00:00,3,LY＃863,1,19,0,KEKW＃849,2,2,1,2,,False,True,7362,False,netplay
2023-12-08 17:06:21+00:00,8,LY＃863,1,19,1,KEKW＃849,2,2,0,2,,True,False,9989,False,netplay
2023-12-08 17:09:15+00:00,31,LY＃863,1,19,0,KEKW＃849,2,2,2,2,,False,True,10451,False,netplay
2023-12-08 17:12:18+00:00,31,LY＃863,1,19,2,KEKW＃849,2,2,0,2,,True,False,10807,False,netplay
2023-12-08 17:15:30+00:00,32,LY＃863,1,19,0,KEKW＃849,2,2,2,2,,False,True,10949,False,netplay
2023-12-08 17:18:43+00:00,32,LY＃863,1,19,0,KEKW＃849,2,2,1,2,,False,True,13665,False,netplay
2023-12-08 17:22:41+00:00,2,LY＃863,1,19,0,KEKW＃849,2,2,2,2,,False,True,10251,False,netplay
2023-12-08 17:25:42+00:00,3,LY＃863,1,19,0,KEKW＃849,2,15,1,2,,False,True,17595,False,netplay
2023-12-08 17:31:03+00:00,32,LY＃863,1,19,0,KEKW＃849,2,23,1,2,,False,True,10986,False,netplay
2023-12-08 17:35:25+00:00,31,LY＃863,1,19,1,KEKW＃849,2,23,0,2,,True,False,9308,False,netplay
2023-12-08 17:38:13+00:00,8,LY＃863,1,19,0,KEKW＃849,2,9,1,2,,False,True,11231,False,netplay
2023-12-08 17:41:57+00:00,8,LY＃863,1,19,0,KEKW＃849,2,20,1,2,,False,True,9680,False,netplay
2023-12-08 17:45:29+00:00,3,LY＃863,1,19,0,KEKW＃849,2,2,1,2,,False,True,12301,False,netplay
2023-12-08 17:49:03+00:00,2,LY＃863,1,19,0,KEKW＃849,2,2,3,2,,False,True,8785,False,netplay
2023-12-08 17:51:39+00:00,28,LY＃863,1,19,0,KEKW＃849,2,2,1,2,,False,True,17301,False,netplay
2023-12-08 17:56:39+00:00,2,LY＃863,1,19,0,KEKW＃849,2,2,2,2,,False,True,10342,False,netplay
2023-12-08 17:59:42+00:00,31,LY＃863,1,19,0,KEKW＃849,2,2,3,2,,False,True,10900,False,netplay
2023-12-08 18:03:01+00:00,3,LY＃863,1,19,0,KEKW＃849,2,15,2,2,,False,True,14145,False,netplay
2023-12-08 18:07:22+00:00,8,LY＃863,1,19,3,KEKW＃849,2,22,0,2,,True,False,8807,False,netplay
2023-12-08 18:10:03+00:00,8,LY＃863,1,19,0,KEKW＃849,2,23,1,2,,False,True,9524,False,netplay
2023-12-08 18:12:59+00:00,28,LY＃863,1,19,2,KEKW＃849,2,18,0,2,,True,False,10963,False,netplay
2023-12-08 18:16:19+00:00,2,LY＃863,1,19,4,KEKW＃849,2,3,0,2,,True,False,5268,False,netplay
2023-12-08 18:17:55+00:00,32,LY＃863,1,19,2,KEKW＃849,2,3,0,2,,True,False,7125,False,netplay
2023-12-08 18:20:44+00:00,3,LY＃863,1,19,3,KEKW＃849,2,7,0,2,,True,False,10423,False,netplay
2023-12-08 18:24:07+00:00,32,LY＃863,1,19,0,KEKW＃849,2,14,1,2,,False,True,8900,False,netplay
2023-12-08 18:26:58+00:00,32,LY＃863,1,19,3,KEKW＃849,2,1,0,2,,True,False,7664,False,netplay
2023-12-08 18:29:18+00:00,28,LY＃863,1,19,0,KEKW＃849,2,15,1,2,,False,True,17948,False,netplay
2023-12-08 18:34:27+00:00,32,LY＃863,1,19,0,KEKW＃849,2,15,3,2,,False,True,9767,False,netplay
2023-12-08 18:37:24+00:00,2,LY＃863,1,19,0,KEKW＃849,2,15,3,2,,False,True,5798,False,netplay
2023-12-08 18:39:15+00:00,8,LY＃863,1,19,0,KEKW＃849,2,4,1,2,,False,True,11156,False,netplay
2023-12-08 18:45:17+00:00,3,LY＃863,1,19,0,KEKW＃849,2,2,2,2,,False,True,7212,False,netplay
2023-12-08 18:47:29+00:00,31,LY＃863,1,19,0,KEKW＃849,2,2,3,2,,False,True,4696,False,netplay
2023-12-08 18:49:54+00:00,28,LY＃863,1,19,0,KEKW＃849,2,20,1,2,,False,True,13268,False,netplay
2023-12-14 16:57:33+00:00,32,LY＃863,2,13,0,KEKW＃849,1,7,3,2,,False,True,8924,False,netplay
2023-12-14 17:00:15+00:00,3,LY＃863,2,19,0,KEKW＃849,1,7,1,2,,False,True,14376,False,netplay
2023-12-14 17:04:35+00:00,8,LY＃863,2,19,2,KEKW＃849,1,2,0,2,,True,False,8538,False,netplay
2023-12-14 17:07:09+00:00,32,LY＃863,2,19,1,KEKW＃849,1,2,0,2,,True,False,11877,False,netplay
2023-12-14 17:10:35+00:00,8,LY＃863,2,19,1,KEKW＃849,1,2,0,2,,True,False,12242,False,netplay
2023-12-14 17:14:13+00:00,3,LY＃863,2,19,0,KEKW＃849,1,2,1,2,,False,True,8668,False,netplay
2023-12-14 17:16:47+00:00,2,LY＃863,2,19,0,KEKW＃849,1,2,3,2,,False,True,6662,False,netplay
2023-12-14 17:18:46+00:00,28,LY＃863,2,19,0,KEKW＃849,1,2,3,2,,False,True,10174,False,netplay
2023-12-14 17:21:44+00:00,32,LY＃863,2,19,1,KEKW＃849,1,2,0,2,,True,False,13352,False,netplay
2023-12-14 17:25:35+00:00,2,LY＃863,2,19,0,KEKW＃849,1,2,2,2,,False,True,10647,False,netplay
2023-12-14 17:28:41+00:00,31,LY＃863,2,19,0,KEKW＃849,1,2,3,2,,False,True,8932,False,netplay
2023-12-14 17:31:19+00:00,2,LY＃863,2,19,0,KEKW＃849,1,2,1,2,,False,True,11662,False,netplay
2023-12-14 17:34:41+00:00,28,LY＃863,2,19,0,KEKW＃849,1,2,1,2,,False,True,10739,False,netplay
2023-12-14 17:37:50+00:00,31,LY＃863,2,19,0,KEKW＃849,1,2,1,2,,False,True,12396,False,netplay
2023-12-14 17:41:26+00:00,3,LY＃863,2,19,0,KEKW＃849,1,2,3,2,,False,True,8284,False,netplay
2023-12-14 17:43:54+00:00,32,LY＃863,2,19,0,KEKW＃849,1,2,1,2,,False,True,14142,False,netplay
2023-12-14 17:47:58+00:00,8,LY＃863,2,19,0,KEKW＃849,1,2,4,2,,False,True,6558,False,netplay
2023-12-14 17:49:56+00:00,31,LY＃863,2,19,0,KEKW＃849,1,2,3,2,,False,True,8813,False,netplay
2023-12-14 17:52:50+00:00,32,LY＃863,2,19,0,KEKW＃849,1,2,2,2,,False,True,12362,False,netplay
2023-12-14 17:56:26+00:00,3,LY＃863,2,19,0,KEKW＃849,1,2,1,2,,False,True,11990,False,netplay
2023-12-14 17:59:59+00:00,8,LY＃863,2,19,0,KEKW＃849,1,2,2,2,,False,True,11302,False,netplay
2023-12-14 18:03:16+00:00,28,LY＃863,2,19,0,KEKW＃849,1,2,2,2,,False,True,9443,False,netplay
2023-12-14 18:06:02+00:00,2,LY＃863,2,19,0,KEKW＃849,1,2,1,2,,False,True,10807,False,netplay
2023-12-14 18:09:12+00:00,32,LY＃863,2,19,1,KEKW＃849,1,2,0,2,,True,False,12851,False,netplay
2023-12-14 18:13:09+00:00,31,LY＃863,2,19,0,KEKW＃849,1,2,1,2,,False,True,9790,False,netplay
2023-12-14 18:16:06+00:00,3,LY＃863,2,19,0,KEKW＃849,1,2,3,2,,False,True,9191,False,netplay
2023-12-14 18:18:48+00:00,2,LY＃863,2,19,0,KEKW＃849,1,2,1,2,,False,True,9271,False,netplay
2023-12-14 18:21:31+00:00,8,LY＃863,2,19,0,KEKW＃849,1,2,3,2,,False,True,7127,False,netplay
2023-12-14 18:23:39+00:00,28,LY＃863,2,19,0,KEKW＃849,1,2,2,2,,False,True,11483,False,netplay
2023-12-14 18:27:04+00:00,31,LY＃863,2,19,0,KEKW＃849,1,9,3,2,,False,True,8605,False,netplay
2023-12-14 18:29:38+00:00,8,LY＃863,2,19,1,KEKW＃849,1,15,0,2,,True,False,8308,False,netplay
2023-12-14 18:32:05+00:00,28,LY＃863,2,19,0,KEKW＃849,1,15,2,2,,False,True,12112,False,netplay
2023-12-14 18:35:39+00:00,3,LY＃863,2,19,0,KEKW＃849,1,9,1,2,,False,True,10433,False,netplay
2023-12-14 18:38:46+00:00,2,LY＃863,2,19,0,KEKW＃849,1,9,2,2,,False,True,10821,False,netplay
2023-12-14 18:41:55+00:00,31,LY＃863,2,19,2,KEKW＃849,1,23,0,2,,True,False,7501,False,netplay
2023-12-14 18:44:26+00:00,28,LY＃863,2,19,0,KEKW＃849,1,2,1,2,,False,True,12076,False,netplay
2023-12-14 18:47:57+00:00,32,LY＃863,2,19,1,KEKW＃849,1,2,0,2,,True,False,8773,False,netplay
2023-12-14 18:50:31+00:00,32,LY＃863,2,19,1,KEKW＃849,1,2,0,2,,True,False,10904,False,netplay
2023-12-14 18:53:41+00:00,31,LY＃863,2,19,0,KEKW＃849,1,2,1,2,,False,True,10119,False,netplay
2023-12-14 18:56:39+00:00,28,LY＃863,2,19,0,KEKW＃849,1,2,1,2,,False,True,8968,False,netplay
2023-12-14 18:59:26+00:00,2,LY＃863,2,19,0,KEKW＃849,1,20,1,2,,False,True,9793,False,netplay
2023-12-14 19:02:35+00:00,8,LY＃863,2,19,0,KEKW＃849,1,18,1,2,,False,True,11609,False,netplay
2023-12-14 19:06:13+00:00,3,LY＃863,2,19,0,KEKW＃849,1,1,1,2,,False,True,11561,False,netplay
2023-12-14 19:09:39+00:00,32,LY＃863,2,19,2,KEKW＃849,1,0,0,2,,True,False,16313,False,netplay
2023-12-14 19:14:45+00:00,8,LY＃863,2,19,0,KEKW＃849,1,12,4,2,,False,True,5278,False,netplay
2023-12-14 19:16:39+00:00,28,LY＃863,2,19,0,KEKW＃849,1,21,1,2,,False,True,14020,False,netplay
2023-12-14 19:20:50+00:00,31,LY＃863,2,19,3,KEKW＃849,1,6,0,2,,True,False,6799,False,netplay
2023-12-14 19:22:55+00:00,8,LY＃863,2,19,2,KEKW＃849,1,4,0,2,,True,False,14790,False,netplay
2023-12-14 19:27:26+00:00,3,LY＃863,2,19,0,KEKW＃849,1,2,2,2,,False,True,8127,False,netplay
2023-12-14 19:29:50+00:00,3,LY＃863,2,19,1,KEKW＃849,1,2,0,2,,True,False,11312,False,netplay
2023-12-14 19:33:08+00:00,2,LY＃863,2,19,1,KEKW＃849,1,2,0,2,,True,False,10355,False,netplay
2023-12-14 19:36:09+00:00,28,LY＃863,2,19,0,KEKW＃849,1,2,3,2,,False,True,9140,False,netplay
2023-12-14 19:38:53+00:00,28,LY＃863,2,19,0,KEKW＃849,1,2,3,2,,False,True,10272,False,netplay
2023-12-16 18:11:22+00:00,3,LY＃863,2,2,4,KEKW＃849,1,2,3,7,2,True,False,273,False,netplay
2023-12-16 18:11:36+00:00,32,LY＃863,2,2,0,KEKW＃849,1,2,2,2,,False,True,8719,False,netplay
2023-12-16 18:14:14+00:00,32,LY＃863,2,19,0,KEKW＃849,1,2,1,2,,False,True,11184,False,netplay
2023-12-16 18:17:31+00:00,28,LY＃863,2,19,1,KEKW＃849,1,2,0,2,,True,False,10266,False,netplay
2023-12-16 18:21:01+00:00,28,LY＃863,2,19,0,KEKW＃849,1,2,2,2,,False,True,14700,False,netplay
2023-12-16 18:25:23+00:00,8,LY＃863,2,19,0,KEKW＃849,1,2,1,2,,False,True,11028,False,netplay
2023-12-16 18:28:38+00:00,2,LY＃863,2,19,0,KEKW＃849,1,2,2,2,,False,True,9738,False,netplay
2023-12-16 18:31:30+00:00,3,LY＃863,2,19,0,KEKW＃849,1,2,1,2,,False,True,13782,False,netplay
2023-12-16 18:35:32+00:00,31,LY＃863,2,19,0,KEKW＃849,1,2,2,2,,False,True,11844,False,netplay
2023-12-16 18:38:58+00:00,31,LY＃863,2,19,0,KEKW＃849,1,2,1,2,,False,True,12166,False,netplay
2023-12-16 18:42:40+00:00,32,LY＃863,2,19,0,KEKW＃849,1,2,2,2,,False,True,12931,False,netplay
2023-12-16 18:46:29+00:00,8,LY＃863,2,19,0,KEKW＃849,1,15,1,2,,False,True,18006,False,netplay
2023-12-16 18:51:41+00:00,28,LY＃863,2,19,1,KEKW＃849,1,9,0,2,,True,False,9261,False,netplay
2023-12-16 18:54:48+00:00,32,LY＃863,2,19,0,KEKW＃849,1,7,2,2,,False,True,10334,False,netplay
2023-12-16 18:58:08+00:00,2,LY＃863,2,19,0,KEKW＃849,1,0,1,2,,False,True,12834,False,netplay
2023-12-16 19:02:26+00:00,3,LY＃863,2,19,0,KEKW＃849,1,12,2,2,,False,True,10486,False,netplay
2023-12-16 19:05:49+00:00,3,LY＃863,2,19,4,KEKW＃849,1,1,0,2,,True,False,3244,False,netplay
2023-12-16 19:07:15+00:00,14,LY＃863,2,19,0,KEKW＃849,1,18,1,2,,False,True,19579,False,netplay
2023-12-16 19:13:05+00:00,28,LY＃863,2,19,0,KEKW＃849,1,2,2,2,,False,True,9733,False,netplay
2023-12-16 19:16:03+00:00,2,LY＃863,2,19,0,KEKW＃849,1,2,2,2,,False,True,9915,False,netplay
2023-12-16 19:19:10+00:00,31,LY＃863,2,19,3,KEKW＃849,1,9,0,2,,True,False,9479,False,netplay
2023-12-16 19:22:07+00:00,28,LY＃863,2,19,0,KEKW＃849,1,15,3,2,,False,True,7492,False,netplay
2023-12-16 19:24:42+00:00,32,LY＃863,2,19,1,KEKW＃849,1,2,0,2,,True,False,10072,False,netplay
2023-12-16 19:27:39+00:00,8,LY＃863,2,19,0,KEKW＃849,1,2,2,2,,False,True,7946,False,netplay
2023-12-16 19:30:00+00:00,8,LY＃863,2,19,0,KEKW＃849,1,2,2,2,,False,True,8166,False,netplay
2023-12-16 19:32:28+00:00,3,LY＃863,2,19,0,KEKW＃849,1,2,2,2,,False,True,11651,False,netplay
2023-12-16 19:35:52+00:00,28,LY＃863,2,19,0,KEKW＃849,1,15,1,2,,False,True,16697,False,netplay
2023-12-16 19:41:15+00:00,8,LY＃863,2,19,1,KEKW＃849,1,20,0,2,,True,False,11906,False,netplay
2023-12-21 16:44:42+00:00,8,LY＃863,2,19,0,KEKW＃849,1,15,3,2,,False,True,8666,False,netplay
2023-12-21 16:47:32+00:00,31,LY＃863,2,3,0,KEKW＃849,1,2,3,2,,False,True,8414,False,netplay
2023-12-21 16:50:06+00:00,32,LY＃863,2,19,0,KEKW＃849,1,9,2,2,,False,True,11879,False,netplay
2023-12-21 16:53:47+00:00,28,LY＃863,2,19,1,KEKW＃849,1,7,0,2,,True,False,17390,False,netplay
2023-12-21 16:58:57+00:00,3,LY＃863,2,19,3,KEKW＃849,1,12,4,7,2,False,True,3592,False,netplay
2023-12-21 17:00:32+00:00,8,LY＃863,2,19,0,KEKW＃849,1,2,3,2,,False,True,8261,False,netplay
2023-12-21 17:03:07+00:00,12,LY＃863,2,19,0,KEKW＃849,1,15,2,2,,False,True,10737,False,netplay
2023-12-21 17:06:21+00:00,3,LY＃863,2,19,0,KEKW＃849,1,9,2,2,,False,True,5694,False,netplay
2023-12-21 17:08:09+00:00,2,LY＃863,2,19,0,KEKW＃849,1,2,1,2,,False,True,16514,False,netplay
2023-12-21 17:12:55+00:00,28,LY＃863,2,19,1,KEKW＃849,1,15,0,2,,True,False,12470,False,netplay
2023-12-21 17:16:37+00:00,31,LY＃863,2,19,0,KEKW＃849,1,15,1,2,,False,True,10887,False,netplay
2023-12-21 17:20:24+00:00,8,LY＃863,2,19,3,KEKW＃849,1,9,0,2,,True,False,4545,False,netplay
2023-12-21 17:21:49+00:00,32,LY＃863,2,19,3,KEKW＃849,1,9,0,2,,True,False,8466,False,netplay
2023-12-21 17:24:38+00:00,5,LY＃863,2,19,1,KEKW＃849,1,9,0,2,,True,False,11278,False,netplay
2023-12-21 17:28:05+00:00,2,LY＃863,2,19,1,KEKW＃849,1,9,0,2,,True,False,13986,False,netplay
2023-12-21 17:32:09+00:00,3,LY＃863,2,19,2,KEKW＃849,1,9,0,2,,True,False,10576,False,netplay
2023-12-21 17:35:22+00:00,28,LY＃863,2,19,2,KEKW＃849,1,9,0,2,,True,False,11780,False,netplay
2023-12-21 17:39:16+00:00,28,LY＃863,2,19,0,KEKW＃849,1,15,1,2,,False,True,16749,False,netplay
2023-12-21 17:44:08+00:00,3,LY＃863,2,19,0,KEKW＃849,1,2,2,2,,False,True,10698,False,netplay
2023-12-21 17:47:45+00:00,31,LY＃863,2,19,0,KEKW＃849,1,9,1,2,,False,True,12230,False,netplay
2023-12-21 17:51:23+00:00,2,LY＃863,2,19,0,KEKW＃849,1,15,2,2,,False,True,11513,False,netplay
2023-12-21 17:54:44+00:00,32,LY＃863,2,19,0,KEKW＃849,1,2,2,2,,False,True,10686,False,netplay
2023-12-21 17:57:59+00:00,28,LY＃863,2,19,0,KEKW＃849,1,15,1,2,,False,True,18733,False,netplay
2023-12-21 18:03:45+00:00,32,LY＃863,2,19,2,KEKW＃849,1,2,0,2,,True,False,9286,False,netplay
2023-12-21 18:06:29+00:00,31,LY＃863,2,19,0,KEKW＃849,1,2,2,2,,False,True,9999,False,netplay
2023-12-21 18:09:25+00:00,31,LY＃863,2,19,1,KEKW＃849,1,2,0,2,,True,False,12523,False,netplay
2023-12-21 18:13:01+00:00,2,LY＃863,2,19,0,KEKW＃849,1,2,3,2,,False,True,5551,False,netplay
2023-12-21 18:14:42+00:00,8,LY＃863,2,19,0,KEKW＃849,1,2,3,2,,False,True,8024,False,netplay
2023-12-21 18:17:04+00:00,2,LY＃863,2,19,2,KEKW＃849,1,2,0,2,,True,False,8851,False,netplay
2023-12-21 18:19:40+00:00,31,LY＃863,2,19,0,KEKW＃849,1,2,2,2,,False,True,8334,False,netplay
2023-12-21 18:22:07+00:00,3,LY＃863,2,19,0,KEKW＃849,1,2,3,2,,False,True,8514,False,netplay
2023-12-21 18:24:40+00:00,8,LY＃863,2,19,0,KEKW＃849,1,2,2,2,,False,True,7185,False,netplay
2023-12-21 18:26:49+00:00,3,LY＃863,2,19,0,KEKW＃849,1,2,2,2,,False,True,10657,False,netplay
2023-12-21 18:29:59+00:00,28,LY＃863,2,19,0,KEKW＃849,1,9,1,2,,False,True,21780,False,netplay
2023-12-21 18:36:16+00:00,32,LY＃863,2,19,0,KEKW＃849,1,2,2,2,,False,True,11654,False,netplay
2023-12-21 18:39:44+00:00,31,LY＃863,2,19,0,KEKW＃849,1,2,2,2,,False,True,9903,False,netplay
2023-12-21 18:42:39+00:00,2,LY＃863,2,19,0,KEKW＃849,1,2,2,2,,False,True,8202,False,netplay
2023-12-21 18:45:05+00:00,3,LY＃863,2,19,0,KEKW＃849,1,2,1,2,,False,True,12249,False,netplay
2023-12-21 18:48:43+00:00,32,LY＃863,2,19,0,KEKW＃849,1,15,3,2,,False,True,10026,False,netplay
2023-12-21 18:52:03+00:00,8,LY＃863,2,19,1,KEKW＃849,1,20,0,2,,True,False,9548,False,netplay
2023-12-21 18:55:42+00:00,13,LY＃863,2,19,2,KEKW＃849,1,9,0,2,,True,False,18214,False,netplay
2023-12-21 19:01:23+00:00,10,LY＃863,2,19,0,KEKW＃849,1,18,3,2,,False,True,7964,False,netplay
2023-12-21 19:03:49+00:00,2,LY＃863,2,19,0,KEKW＃849,1,2,3,2,,False,True,8036,False,netplay
2023-12-21 19:06:14+00:00,31,LY＃863,2,19,0,KEKW＃849,1,2,1,2,,False,True,8786,False,netplay
2023-12-21 19:08:54+00:00,28,LY＃863,2,19,0,KEKW＃849,1,15,2,2,,False,True,13354,False,netplay
2023-12-21 19:12:48+00:00,28,LY＃863,2,19,0,KEKW＃849,1,9,2,2,,False,True,9357,False,netplay
2023-12-21 19:16:04+00:00,8,LY＃863,2,19,0,KEKW＃849,1,15,2,2,,False,True,8513,False,netplay
2023-12-21 19:18:36+00:00,31,LY＃863,2,19,0,KEKW＃849,1,2,2,2,,False,True,10123,False,netplay
2023-12-21 19:21:40+00:00,2,LY＃863,2,19,0,KEKW＃849,1,3,2,2,,False,True,6070,False,netplay
2023-12-21 19:23:50+00:00,3,LY＃863,2,19,2,KEKW＃849,1,0,0,2,,True,False,10722,False,netplay
2023-12-21 19:27:15+00:00,29,LY＃863,2,19,0,KEKW＃849,1,11,2,2,,False,True,13270,False,netplay
2023-12-21 19:31:29+00:00,32,LY＃863,2,19,0,KEKW＃849,1,2,2,2,,False,True,8281,False,netplay
2023-12-21 19:34:02+00:00,3,LY＃863,2,19,0,KEKW＃849,1,9,1,2,,False,True,16293,False,netplay
2023-12-21 19:38:57+00:00,2,LY＃863,2,19,0,KEKW＃849,1,2,4,2,,False,True,6044,False,netplay
2023-12-21 19:40:47+00:00,8,LY＃863,2,19,0,KEKW＃849,1,2,1,2,,False,True,8034,False,netplay
2023-12-21 19:43:10+00:00,28,LY＃863,2,19,2,KEKW＃849,1,2,0,2,,True,False,10725,False,netplay
2023-12-21 19:46:16+00:00,3,LY＃863,2,19,0,KEKW＃849,1,2,2,2,,False,True,12992,False,netplay
2023-12-21 19:50:02+00:00,32,LY＃863,2,19,0,KEKW＃849,1,2,2,2,,False,True,9710,False,netplay
2023-12-21 19:52:53+00:00,31,LY＃863,2,19,2,KEKW＃849,1,15,0,2,,True,False,13787,False,netplay
2023-12-21 19:56:52+00:00,8,LY＃863,2,19,0,KEKW＃849,1,15,3,2,,False,True,9301,False,netplay
2023-12-21 19:59:38+00:00,28,LY＃863,2,19,0,KEKW＃849,1,2,2,2,,False,True,12048,False,netplay
2023-12-21 20:03:08+00:00,31,LY＃863,2,19,0,KEKW＃849,1,2,2,2,,False,True,8227,False,netplay
2023-12-21 20:05:39+00:00,32,LY＃863,2,19,0,KEKW＃849,1,2,2,2,,False,True,9480,False,netplay
2023-12-21 20:08:27+00:00,2,LY＃863,2,19,0,KEKW＃849,1,2,4,2,,False,True,7619,False,netplay
2023-12-21 20:10:49+00:00,8,LY＃863,2,19,3,KEKW＃849,1,1,0,2,,True,False,10502,False,netplay
2023-12-21 20:14:06+00:00,14,LY＃863,2,19,0,KEKW＃849,1,21,1,2,,False,True,19265,False,netplay
2023-12-21 20:19:39+00:00,3,LY＃863,2,19,0,KEKW＃849,1,25,1,2,,False,True,13781,False,netplay
2023-12-21 20:23:47+00:00,8,LY＃863,2,19,0,KEKW＃849,1,22,2,2,,False,True,7947,False,netplay
2023-12-21 20:26:12+00:00,28,LY＃863,2,19,0,KEKW＃849,1,11,2,2,,False,True,9014,False,netplay
2023-12-21 20:28:57+00:00,2,LY＃863,2,19,1,KEKW＃849,1,10,0,2,,True,False,13075,False,netplay
2023-12-21 20:32:56+00:00,17,LY＃863,2,19,0,KEKW＃849,1,4,1,2,,False,True,16631,False,netplay
2023-12-21 20:37:53+00:00,32,LY＃863,2,19,0,KEKW＃849,1,5,1,2,,False,True,10185,False,netplay
2023-12-21 20:40:55+00:00,3,LY＃863,2,19,2,KEKW＃849,1,17,0,2,,True,False,9662,False,netplay
2023-12-21 20:44:13+00:00,27,LY＃863,2,19,2,KEKW＃849,1,3,0,2,,True,False,8001,False,netplay
2023-12-21 20:46:40+00:00,6,LY＃863,2,19,1,KEKW＃849,1,16,0,2,,True,False,17964,False,netplay
2023-12-21 20:52:01+00:00,22,LY＃863,2,19,1,KEKW＃849,1,20,0,2,,True,False,10498,False,netplay
2023-12-21 20:55:40+00:00,23,LY＃863,2,19,1,KEKW＃849,1,13,0,2,,True,False,9516,False,netplay
2023-12-21 20:58:35+00:00,25,LY＃863,2,19,2,KEKW＃849,1,14,0,2,,True,False,11059,False,netplay
2023-12-21 21:01:52+00:00,28,LY＃863,2,19,1,KEKW＃849,1,2,0,2,,True,False,12194,False,netplay
2023-12-21 21:05:23+00:00,2,LY＃863,2,19,0,KEKW＃849,1,2,3,2,,False,True,8697,False,netplay
2023-12-21 21:07:57+00:00,31,LY＃863,2,19,0,KEKW＃849,1,2,2,2,,False,True,6219,False,netplay
2023-12-21 21:09:49+00:00,32,LY＃863,2,19,0,KEKW＃849,1,2,3,2,,False,True,6673,False,netplay
2023-12-21 21:11:50+00:00,28,LY＃863,2,19,1,KEKW＃849,1,2,0,2,,True,False,8530,False,netplay
2023-12-21 21:14:21+00:00,6,LY＃863,2,19,4,KEKW＃849,1,2,4,7,0,False,True,35,False,netplay
2023-12-21 21:14:28+00:00,15,LY＃863,2,19,4,KEKW＃849,1,2,4,7,0,False,True,7,False,netplay
2023-12-21 21:14:36+00:00,32,LY＃863,2,19,0,KEKW＃849,1,2,1,2,,False,True,9794,False,netplay
2023-12-21 21:17:28+00:00,8,LY＃863,2,19,0,KEKW＃849,1,2,2,2,,False,True,8662,False,netplay
2023-12-21 21:20:02+00:00,3,LY＃863,2,19,1,KEKW＃849,1,2,0,2,,True,False,9388,False,netplay
2023-12-21 21:22:46+00:00,8,LY＃863,2,19,0,KEKW＃849,1,2,1,2,,False,True,10595,False,netplay
2023-12-21 21:25:51+00:00,2,LY＃863,2,19,0,KEKW＃849,1,2,2,2,,False,True,10188,False,netplay
2024-01-05 16:33:32+00:00,2,LY＃863,1,6,0,KEKW＃849,2,22,3,2,,False,True,13050,False,netplay
2024-01-05 16:37:25+00:00,31,LY＃863,1,3,0,KEKW＃849,2,0,1,2,,False,True,13009,False,netplay
2024-01-05 16:41:15+00:00,28,LY＃863,1,19,1,KEKW＃849,2,13,0,2,,True,False,18422,False,netplay
2024-01-05 16:46:39+00:00,28,LY＃863,1,19,0,KEKW＃849,2,15,4,2,,False,True,9085,False,netplay
2024-01-05 16:49:21+00:00,32,LY＃863,1,3,0,KEKW＃849,2,2,3,2,,False,True,10147,False,netplay
2024-01-05 16:52:20+00:00,2,LY＃863,1,19,0,KEKW＃849,2,22,2,2,,False,True,14333,False,netplay
2024-01-05 16:56:28+00:00,3,LY＃863,1,19,0,KEKW＃849,2,22,3,2,,False,True,10423,False,netplay
2024-01-05 16:59:33+00:00,8,LY＃863,1,19,0,KEKW＃849,2,20,2,2,,False,True,7913,False,netplay
2024-01-05 17:01:59+00:00,32,LY＃863,1,19,0,KEKW＃849,2,9,2,2,,False,True,12502,False,netplay
2024-01-05 17:05:47+00:00,3,LY＃863,1,2,1,KEKW＃849,2,21,0,2,,True,False,11452,False,netplay
2024-01-05 17:09:10+00:00,2,LY＃863,1,19,0,KEKW＃849,2,15,2,2,,False,True,14479,False,netplay
2024-01-05 17:13:29+00:00,2,LY＃863,1,19,2,KEKW＃849,2,0,0,2,,True,False,9651,False,netplay
2024-01-05 17:16:22+00:00,32,LY＃863,1,19,0,KEKW＃849,2,2,2,2,,False,True,14045,False,netplay
2024-01-05 17:20:27+00:00,31,LY＃863,1,19,0,KEKW＃849,2,2,2,2,,False,True,10850,False,netplay
2024-01-05 17:23:36+00:00,28,LY＃863,1,19,0,KEKW＃849,2,2,3,2,,False,True,7613,False,netplay
2024-01-05 17:25:54+00:00,8,LY＃863,1,19,0,KEKW＃849,2,2,1,2,,False,True,11548,False,netplay
2024-01-05 17:29:15+00:00,8,LY＃863,1,19,3,KEKW＃849,2,2,0,2,,True,False,6534,False,netplay
2024-01-05 17:31:12+00:00,3,LY＃863,1,19,0,KEKW＃849,2,2,1,2,,False,True,15151,False,netplay
2024-01-05 17:35:35+00:00,2,LY＃863,1,19,0,KEKW＃849,2,2,2,2,,False,True,10399,False,netplay
2024-01-05 17:38:37+00:00,31,LY＃863,1,19,0,KEKW＃849,2,2,1,2,,False,True,11323,False,netplay
2024-01-05 17:41:54+00:00,3,LY＃863,1,19,0,KEKW＃849,2,2,3,2,,False,True,11058,False,netplay
2024-01-05 17:45:07+00:00,32,LY＃863,1,19,0,KEKW＃849,2,2,3,2,,False,True,9037,False,netplay
2024-01-05 17:47:46+00:00,28,LY＃863,1,19,0,KEKW＃849,2,20,1,2,,False,True,12054,False,netplay
2024-01-05 17:51:25+00:00,2,LY＃863,1,19,0,KEKW＃849,2,9,2,2,,False,True,11044,False,netplay
2024-01-05 17:54:40+00:00,32,LY＃863,1,19,0,KEKW＃849,2,9,1,2,,False,True,11408,False,netplay
2024-01-05 17:58:02+00:00,28,LY＃863,1,19,0,KEKW＃849,2,9,4,2,,False,True,6373,False,netplay
2024-01-05 18:00:15+00:00,3,LY＃863,1,19,2,KEKW＃849,2,19,0,2,,True,False,14592,False,netplay
2024-01-05 18:04:57+00:00,12,LY＃863,1,19,3,KEKW＃849,2,1,0,2,,True,False,9095,False,netplay
2024-01-05 18:07:57+00:00,8,LY＃863,1,19,2,KEKW＃849,2,3,0,2,,True,False,6608,False,netplay
2024-01-05 18:11:17+00:00,31,LY＃863,1,19,0,KEKW＃849,2,15,2,2,,False,True,15077,False,netplay
2024-01-05 18:15:44+00:00,31,LY＃863,1,19,0,KEKW＃849,2,2,3,2,,False,True,9051,False,netplay
2024-01-05 18:18:24+00:00,8,LY＃863,1,19,2,KEKW＃849,2,11,0,2,,True,False,12158,False,netplay
2024-01-05 18:22:14+00:00,10,LY＃863,1,19,0,KEKW＃849,2,25,1,2,,False,True,14627,False,netplay
2024-01-07 16:37:32+00:00,28,LY＃863,2,3,0,KEKW＃849,1,2,2,2,,False,True,13227,False,netplay
2024-01-07 16:41:37+00:00,32,LY＃863,2,19,0,KEKW＃849,1,2,2,2,,False,True,9950,False,netplay
2024-01-07 16:44:43+00:00,31,LY＃863,2,19,0,KEKW＃849,1,2,1,2,,False,True,11293,False,netplay
2024-01-07 16:48:02+00:00,2,LY＃863,2,19,3,KEKW＃849,1,9,0,2,,True,False,5955,False,netplay
2024-01-07 16:49:54+00:00,2,LY＃863,2,19,0,KEKW＃849,1,15,2,2,,False,True,9619,False,netplay
2024-01-07 16:52:43+00:00,3,LY＃863,2,19,0,KEKW＃849,1,2,1,2,,False,True,12662,False,netplay
2024-01-07 16:56:48+00:00,28,LY＃863,2,19,0,KEKW＃849,1,9,3,2,,False,True,7755,False,netplay
2024-01-07 16:59:09+00:00,8,LY＃863,2,3,0,KEKW＃849,1,15,3,2,,False,True,7706,False,netplay
2024-01-07 17:01:29+00:00,2,LY＃863,2,19,0,KEKW＃849,1,2,1,2,,False,True,9557,False,netplay
2024-01-07 17:04:21+00:00,3,LY＃863,2,20,0,KEKW＃849,1,20,1,2,,False,True,14886,False,netplay
2024-01-07 17:08:40+00:00,31,LY＃863,2,2,0,KEKW＃849,1,9,4,2,,False,True,3364,False,netplay
2024-01-07 17:09:46+00:00,8,LY＃863,2,19,3,KEKW＃849,1,9,4,7,2,False,True,506,False,netplay
2024-01-07 17:10:03+00:00,32,LY＃863,2,19,0,KEKW＃849,1,9,3,2,,False,True,6525,False,netplay
2024-01-07 17:12:01+00:00,28,LY＃863,2,19,0,KEKW＃849,1,22,1,2,,False,True,15606,False,netplay
2024-01-07 17:16:33+00:00,28,LY＃863,2,19,0,KEKW＃849,1,0,1,2,,False,True,13269,False,netplay
2024-01-07 17:20:37+00:00,2,LY＃863,2,19,0,KEKW＃849,1,21,1,2,,False,True,11731,False,netplay
2024-01-07 17:24:01+00:00,32,LY＃863,2,19,0,KEKW＃849,1,21,3,2,,False,True,9531,False,netplay
2024-01-07 17:26:55+00:00,8,LY＃863,2,19,0,KEKW＃849,1,17,1,2,,False,True,15750,False,netplay
2024-01-07 17:31:38+00:00,31,LY＃863,2,19,0,KEKW＃849,1,18,2,2,,False,True,8524,False,netplay
2024-01-07 17:34:09+00:00,3,LY＃863,2,19,0,KEKW＃849,1,1,1,2,,False,True,9228,False,netplay
2024-01-07 17:37:17+00:00,31,LY＃863,2,19,0,KEKW＃849,1,20,1,2,,False,True,13128,False,netplay
2024-01-07 17:41:07+00:00,32,LY＃863,2,19,0,KEKW＃849,1,20,1,2,,False,True,12056,False,netplay
2024-01-14 19:41:23+00:00,31,LY＃863,1,22,1,KEKW＃849,2,23,0,2,,True,False,9781,False,netplay
2024-01-14 19:44:27+00:00,32,LY＃863,1,22,0,KEKW＃849,2,9,4,2,,False,True,2095,False,netplay
2024-01-14 19:45:15+00:00,3,LY＃863,1,8,0,KEKW＃849,2,9,3,2,,False,True,6983,False,netplay
2024-01-14 19:47:24+00:00,2,LY＃863,1,7,0,KEKW＃849,2,9,2,2,,False,True,6950,False,netplay
2024-01-14 19:49:39+00:00,8,LY＃863,1,5,0,KEKW＃849,2,9,1,2,,False,True,6492,False,netplay
2024-01-14 19:51:45+00:00,32,LY＃863,1,12,2,KEKW＃849,2,9,0,2,,True,False,9176,False,netplay
2024-01-14 19:54:33+00:00,8,LY＃863,1,12,0,KEKW＃849,2,3,2,2,,False,True,6877,False,netplay
2024-01-14 19:56:49+00:00,8,LY＃863,1,17,2,KEKW＃849,2,3,0,2,,True,False,5793,False,netplay
2024-01-14 19:58:40+00:00,2,LY＃863,1,17,0,KEKW＃849,2,10,1,2,,False,True,13233,False,netplay
2024-01-14 20:02:47+00:00,5,LY＃863,1,1,3,KEKW＃849,2,10,0,2,,True,False,5841,False,netplay
2024-01-14 20:04:39+00:00,28,LY＃863,1,1,0,KEKW＃849,2,15,2,2,,False,True,12578,False,netplay
2024-01-14 20:08:29+00:00,3,LY＃863,1,0,1,KEKW＃849,2,15,0,2,,True,False,11643,False,netplay
2024-01-14 20:11:57+00:00,8,LY＃863,1,0,0,KEKW＃849,2,13,3,2,,False,True,5095,False,netplay
2024-01-14 20:13:49+00:00,8,LY＃863,1,25,0,KEKW＃849,2,13,2,2,,False,True,7599,False,netplay
2024-01-14 20:16:13+00:00,32,LY＃863,1,20,3,KEKW＃849,2,13,0,2,,True,False,7189,False,netplay
2024-01-14 20:18:38+00:00,31,LY＃863,1,20,0,KEKW＃849,2,24,1,2,,False,True,15833,False,netplay
2024-01-14 20:24:02+00:00,31,LY＃863,2,2,4,KEKW＃849,1,24,0,2,,True,False,3544,False,netplay
2024-01-14 20:25:20+00:00,32,LY＃863,2,2,0,KEKW＃849,1,21,1,2,,False,True,14759,False,netplay
2024-01-14 20:29:50+00:00,28,LY＃863,2,11,4,KEKW＃849,1,21,3,7,0,True,False,1587,False,netplay
2024-01-14 20:30:31+00:00,8,LY＃863,2,11,0,KEKW＃849,1,6,1,2,,False,True,14580,False,netplay
2024-01-14 20:34:49+00:00,32,LY＃863,2,14,4,KEKW＃849,1,6,3,7,0,True,False,2054,False,netplay
2024-01-14 20:35:38+00:00,31,LY＃863,2,14,0,KEKW＃849,1,19,1,2,,False,True,12045,False,netplay
2024-01-14 20:39:21+00:00,28,LY＃863,2,4,2,KEKW＃849,1,19,0,2,,True,False,8748,False,netplay
2024-01-14 20:42:00+00:00,8,LY＃863,2,4,0,KEKW＃849,1,18,4,2,,False,True,4969,False,netplay
2024-01-14 20:43:42+00:00,3,LY＃863,2,16,0,KEKW＃849,1,18,3,2,,False,True,9059,False,netplay
2024-01-14 20:46:41+00:00,32,LY＃863,2,18,0,KEKW＃849,1,18,1,2,,False,True,8017,False,netplay
2024-01-14 20:49:07+00:00,8,LY＃863,2,19,2,KEKW＃849,1,18,0,2,,True,False,5380,False,netplay
2024-01-14 20:50:50+00:00,28,LY＃863,2,19,1,KEKW＃849,1,16,0,2,,True,False,11579,False,netplay
2024-01-14 20:54:21+00:00,2,LY＃863,2,19,3,KEKW＃849,1,4,4,7,0,False,True,2905,False,netplay
2024-01-14 20:55:26+00:00,32,LY＃863,2,6,0,KEKW＃849,1,4,3,2,,False,True,11041,False,netplay
2024-01-14 20:58:45+00:00,32,LY＃863,2,21,0,KEKW＃849,1,4,1,2,,False,True,14816,False,netplay
2024-01-14 21:03:21+00:00,32,LY＃863,2,24,3,KEKW＃849,1,4,0,2,,True,False,5514,False,netplay
2024-01-14 21:05:09+00:00,32,LY＃863,2,24,0,KEKW＃849,1,14,4,2,,False,True,6328,False,netplay
2024-01-14 21:07:14+00:00,3,LY＃863,2,13,0,KEKW＃849,1,14,3,2,,False,True,8563,False,netplay
2024-01-14 21:09:52+00:00,32,LY＃863,2,15,4,KEKW＃849,1,14,4,7,2,False,True,7,False,netplay
2024-01-14 21:09:59+00:00,28,LY＃863,2,15,2,KEKW＃849,1,14,0,2,,True,False,10227,False,netplay
2024-01-14 21:13:19+00:00,8,LY＃863,2,15,0,KEKW＃849,1,11,3,2,,False,True,6873,False,netplay
2024-01-14 21:15:30+00:00,28,LY＃863,2,10,0,KEKW＃849,1,11,2,2,,False,True,11875,False,netplay
2024-01-14 21:19:04+00:00,8,LY＃863,2,3,3,KEKW＃849,1,11,0,2,,True,False,4392,False,netplay
2024-01-14 21:20:34+00:00,31,LY＃863,2,3,0,KEKW＃849,1,2,1,2,,False,True,10779,False,netplay
2024-01-14 21:23:53+00:00,32,LY＃863,2,9,3,KEKW＃849,1,2,3,7,0,False,True,4494,False,netplay
2024-01-14 21:25:38+00:00,8,LY＃863,2,9,1,KEKW＃849,1,20,3,7,2,False,True,5637,False,netplay
2024-01-14 21:27:24+00:00,32,LY＃863,2,23,4,KEKW＃849,1,20,0,2,,True,False,3367,False,netplay
2024-01-14 21:28:41+00:00,8,LY＃863,2,23,0,KEKW＃849,1,25,1,2,,False,True,12723,False,netplay
2024-01-14 21:37:21+00:00,31,LY＃863,2,23,0,KEKW＃849,1,22,2,2,,False,True,6625,False,netplay
2024-01-14 21:39:23+00:00,32,LY＃863,2,9,3,KEKW＃849,1,22,2,7,0,True,False,6662,False,netplay
2024-01-14 21:41:27+00:00,2,LY＃863,2,9,0,KEKW＃849,1,8,3,2,,False,True,7190,False,netplay
2024-01-14 21:43:46+00:00,31,LY＃863,2,3,2,KEKW＃849,1,8,0,2,,True,False,10136,False,netplay
2024-01-14 21:46:47+00:00,32,LY＃863,2,3,0,KEKW＃849,1,7,3,2,,False,True,4630,False,netplay
2024-01-14 21:48:31+00:00,3,LY＃863,2,10,0,KEKW＃849,1,7,1,2,,False,True,12474,False,netplay
2024-01-14 21:52:12+00:00,28,LY＃863,2,15,3,KEKW＃849,1,7,0,2,,True,False,7319,False,netplay
2024-01-14 21:54:30+00:00,8,LY＃863,2,15,0,KEKW＃849,1,5,2,2,,False,True,9258,False,netplay
2024-01-14 21:57:19+00:00,3,LY＃863,2,13,3,KEKW＃849,1,5,0,2,,True,False,8519,False,netplay
2024-01-14 21:59:55+00:00,32,LY＃863,2,13,0,KEKW＃849,1,12,3,2,,False,True,6396,False,netplay
2024-01-14 22:01:59+00:00,2,LY＃863,2,24,0,KEKW＃849,1,12,2,2,,False,True,12217,False,netplay
2024-01-14 22:05:44+00:00,2,LY＃863,2,21,1,KEKW＃849,1,12,0,2,,True,False,10163,False,netplay
2024-01-14 22:08:43+00:00,8,LY＃863,2,21,0,KEKW＃849,1,17,4,2,,False,True,3434,False,netplay
2024-01-14 22:09:56+00:00,32,LY＃863,2,6,1,KEKW＃849,1,17,0,2,,True,False,14273,False,netplay
2024-01-14 22:14:08+00:00,12,LY＃863,2,6,0,KEKW＃849,1,1,4,2,,False,True,2242,False,netplay
2024-01-14 22:15:04+00:00,31,LY＃863,2,19,1,KEKW＃849,1,1,0,2,,True,False,16605,False,netplay
2024-01-14 22:19:58+00:00,28,LY＃863,2,19,3,KEKW＃849,1,0,2,7,2,True,False,6989,False,netplay
2024-01-14 22:22:32+00:00,28,LY＃863,2,16,4,KEKW＃849,1,0,4,7,2,False,True,1,False,netplay
2024-01-14 22:22:45+00:00,28,LY＃863,2,18,2,KEKW＃849,1,0,0,2,,True,False,8048,False,netplay
2024-01-14 22:25:10+00:00,8,LY＃863,2,18,0,KEKW＃849,1,25,2,2,,False,True,7937,False,netplay
2024-01-14 22:27:40+00:00,2,LY＃863,2,16,2,KEKW＃849,1,25,0,2,,True,False,9898,False,netplay
2024-01-14 22:30:45+00:00,32,LY＃863,2,16,2,KEKW＃849,1,20,3,7,2,False,True,5784,False,netplay
2024-01-14 22:32:42+00:00,28,LY＃863,2,4,0,KEKW＃849,1,20,1,2,,False,True,10489,False,netplay
2024-01-14 22:35:55+00:00,32,LY＃863,2,14,4,KEKW＃849,1,20,3,7,0,True,False,1515,False,netplay
2024-01-14 22:36:37+00:00,2,LY＃863,2,14,0,KEKW＃849,1,2,3,2,,False,True,11492,False,netplay
2024-01-14 22:40:07+00:00,32,LY＃863,2,11,0,KEKW＃849,1,2,2,2,,False,True,9418,False,netplay
2024-01-14 22:42:59+00:00,32,LY＃863,2,2,3,KEKW＃849,1,2,3,7,0,False,True,2901,False,netplay
2024-01-14 22:44:02+00:00,31,LY＃863,2,2,0,KEKW＃849,1,11,1,2,,False,True,13100,False,netplay
2024-01-14 22:47:55+00:00,8,LY＃863,2,20,3,KEKW＃849,1,11,3,7,0,False,True,3049,False,netplay
2024-01-14 22:48:57+00:00,32,LY＃863,2,20,0,KEKW＃849,1,14,3,2,,False,True,4814,False,netplay
2024-01-14 22:50:55+00:00,28,LY＃863,2,25,2,KEKW＃849,1,14,1,7,0,True,False,11513,False,netplay
2024-01-14 22:54:36+00:00,28,LY＃863,2,25,2,KEKW＃849,1,4,3,7,2,False,True,6399,False,netplay
2024-01-14 22:56:49+00:00,8,LY＃863,2,0,2,KEKW＃849,1,4,1,7,0,True,False,6691,False,netplay
2024-01-14 22:58:52+00:00,28,LY＃863,2,0,0,KEKW＃849,1,16,3,2,,False,True,10040,False,netplay
2024-01-14 23:01:53+00:00,5,LY＃863,2,1,4,KEKW＃849,1,16,1,7,2,True,False,4875,False,netplay
2024-01-14 23:05:22+00:00,28,LY＃863,2,1,4,KEKW＃849,1,16,4,7,2,False,True,124,False,netplay
2024-01-14 23:06:13+00:00,32,LY＃863,2,1,4,KEKW＃849,1,16,4,7,2,False,True,1,False,netplay
2024-01-14 23:08:48+00:00,8,LY＃863,1,1,4,KEKW＃849,2,16,4,7,0,True,False,13,False,netplay
2024-01-14 23:08:59+00:00,5,LY＃863,1,1,0,KEKW＃849,2,16,2,2,,False,True,20375,False,netplay
2024-01-14 23:14:51+00:00,8,LY＃863,1,17,3,KEKW＃849,2,16,3,7,2,True,False,2939,False,netplay
2024-01-14 23:16:07+00:00,32,LY＃863,1,17,1,KEKW＃849,2,18,2,7,0,False,True,8334,False,netplay
2024-01-14 23:18:44+00:00,31,LY＃863,1,12,1,KEKW＃849,2,18,2,7,2,False,True,8855,False,netplay
2024-01-14 23:21:29+00:00,8,LY＃863,1,12,3,KEKW＃849,2,19,4,7,0,False,True,2784,False,netplay
2024-01-14 23:22:36+00:00,31,LY＃863,1,5,0,KEKW＃849,2,19,2,2,,False,True,13759,False,netplay
2024-01-14 23:26:44+00:00,2,LY＃863,1,7,2,KEKW＃849,2,19,3,7,2,False,True,8717,False,netplay
2024-01-14 23:29:59+00:00,8,LY＃863,1,7,4,KEKW＃849,2,6,4,7,2,True,False,600,False,netplay
2024-01-14 23:31:05+00:00,3,LY＃863,1,7,4,KEKW＃849,2,6,3,7,2,True,False,2261,False,netplay
2024-01-14 23:42:31+00:00,31,LY＃863,1,22,1,KEKW＃849,2,23,0,2,,True,False,10230,False,netplay
2024-01-14 23:45:32+00:00,32,LY＃863,1,22,3,KEKW＃849,2,9,3,7,0,True,False,6130,False,netplay
2024-01-14 23:47:30+00:00,28,LY＃863,1,7,0,KEKW＃849,2,9,2,2,,False,True,13023,False,netplay
2024-01-14 23:51:36+00:00,8,LY＃863,1,0,2,KEKW＃849,2,9,3,7,2,False,True,3986,False,netplay
2024-01-14 23:52:55+00:00,2,LY＃863,1,0,2,KEKW＃849,2,15,4,7,0,False,True,3583,False,netplay
2024-01-14 23:54:12+00:00,8,LY＃863,1,20,0,KEKW＃849,2,15,2,2,,False,True,8655,False,netplay
2024-01-14 23:56:49+00:00,8,LY＃863,1,2,0,KEKW＃849,2,15,3,2,,False,True,5555,False,netplay
2024-01-14 23:58:38+00:00,8,LY＃863,1,19,3,KEKW＃849,2,15,3,7,2,True,False,4897,False,netplay
2024-01-15 00:00:22+00:00,2,LY＃863,1,19,1,KEKW＃849,2,19,3,7,0,False,True,8535,False,netplay
2024-01-15 00:03:07+00:00,8,LY＃863,1,13,4,KEKW＃849,2,19,4,7,0,True,False,45,False,netplay
2024-01-15 00:03:20+00:00,32,LY＃863,1,15,0,KEKW＃849,2,19,2,2,,False,True,13362,False,netplay
2024-01-15 00:07:33+00:00,32,LY＃863,1,9,4,KEKW＃849,2,19,4,7,2,True,False,2981,False,netplay
2024-01-15 00:08:44+00:00,31,LY＃863,1,9,0,KEKW＃849,2,2,1,2,,False,True,14136,False,netplay
2024-01-15 00:12:53+00:00,32,LY＃863,1,23,4,KEKW＃849,2,2,3,7,2,True,False,2441,False,netplay
2024-01-15 00:13:45+00:00,28,LY＃863,1,23,2,KEKW＃849,2,20,0,2,,True,False,7220,False,netplay
2024-01-15 00:16:51+00:00,31,LY＃863,1,23,0,KEKW＃849,2,20,1,2,,False,True,13911,False,netplay
2024-01-15 00:20:55+00:00,32,LY＃863,1,9,4,KEKW＃849,2,20,4,7,2,True,False,323,False,netplay
2024-01-15 00:21:12+00:00,2,LY＃863,1,9,2,KEKW＃849,2,2,0,2,,True,False,8989,False,netplay
2024-01-15 00:23:56+00:00,31,LY＃863,1,9,2,KEKW＃849,2,19,1,7,0,True,False,10344,False,netplay
2024-01-15 00:27:01+00:00,28,LY＃863,1,15,4,KEKW＃849,2,19,4,7,2,True,False,6646,False,netplay
2024-01-15 00:29:01+00:00,8,LY＃863,1,15,0,KEKW＃849,2,15,2,2,,False,True,8553,False,netplay
2024-01-15 00:31:37+00:00,8,LY＃863,1,19,1,KEKW＃849,2,15,3,7,2,False,True,7325,False,netplay
2024-01-15 00:33:59+00:00,8,LY＃863,1,19,3,KEKW＃849,2,9,4,7,0,False,True,1914,False,netplay
2024-01-15 00:34:46+00:00,8,LY＃863,1,2,0,KEKW＃849,2,9,3,2,,False,True,8134,False,netplay
2024-01-15 00:37:16+00:00,3,LY＃863,1,20,2,KEKW＃849,2,9,2,7,2,False,True,7811,False,netplay
2024-01-15 00:39:56+00:00,28,LY＃863,1,20,1,KEKW＃849,2,23,0,2,,True,False,17082,False,netplay
2024-01-16 19:27:27+00:00,8,LY＃863,1,0,0,KEKW＃849,2,0,1,2,,False,True,7203,False,netplay
2024-01-16 19:30:00+00:00,28,LY＃863,1,12,2,KEKW＃849,2,0,3,7,2,False,True,9367,False,netplay
2024-01-16 19:33:03+00:00,32,LY＃863,1,12,2,KEKW＃849,2,10,2,7,0,True,False,11459,False,netplay
2024-01-16 19:36:33+00:00,32,LY＃863,1,16,3,KEKW＃849,2,10,2,7,2,True,False,7688,False,netplay
2024-01-16 19:38:56+00:00,8,LY＃863,1,16,1,KEKW＃849,2,4,1,7,0,False,True,11514,False,netplay
2024-01-16 19:42:23+00:00,8,LY＃863,1,7,2,KEKW＃849,2,4,3,7,2,False,True,5603,False,netplay
2024-01-16 19:44:14+00:00,28,LY＃863,1,7,2,KEKW＃849,2,22,3,7,0,False,True,8338,False,netplay
2024-01-16 19:47:07+00:00,3,LY＃863,1,22,1,KEKW＃849,2,22,2,7,2,False,True,13832,False,netplay
2024-01-16 19:51:18+00:00,3,LY＃863,1,22,4,KEKW＃849,2,20,4,7,0,True,False,2425,False,netplay
2024-01-16 19:53:38+00:00,31,LY＃863,1,3,0,KEKW＃849,2,7,2,2,,False,True,9245,False,netplay
2024-01-16 19:56:56+00:00,2,LY＃863,1,17,3,KEKW＃849,2,7,2,7,2,True,False,4399,False,netplay
2024-01-16 19:58:37+00:00,2,LY＃863,1,17,1,KEKW＃849,2,0,3,7,0,False,True,7219,False,netplay
2024-01-16 20:01:33+00:00,2,LY＃863,1,18,4,KEKW＃849,2,0,1,7,2,True,False,2844,False,netplay
2024-01-16 20:02:50+00:00,31,LY＃863,1,18,0,KEKW＃849,2,22,1,2,,False,True,10205,False,netplay
2024-01-16 20:06:02+00:00,31,LY＃863,1,16,3,KEKW＃849,2,22,3,7,2,True,False,4281,False,netplay
2024-01-16 20:07:30+00:00,8,LY＃863,1,16,1,KEKW＃849,2,24,1,7,0,True,False,16806,False,netplay
2024-01-16 20:12:42+00:00,3,LY＃863,1,0,2,KEKW＃849,2,24,3,7,2,False,True,5847,False,netplay
2024-01-16 20:14:35+00:00,2,LY＃863,1,0,2,KEKW＃849,2,9,4,7,0,False,True,3435,False,netplay
2024-01-16 20:16:22+00:00,8,LY＃863,1,24,0,KEKW＃849,2,11,2,2,,False,True,9325,False,netplay
2024-01-16 20:19:19+00:00,32,LY＃863,1,4,2,KEKW＃849,2,11,2,7,2,False,True,8613,False,netplay
2024-01-16 20:22:11+00:00,32,LY＃863,1,4,3,KEKW＃849,2,6,3,7,0,True,False,5478,False,netplay
2024-01-16 20:24:05+00:00,28,LY＃863,1,15,3,KEKW＃849,2,6,1,7,2,True,False,5881,False,netplay
2024-01-16 20:25:57+00:00,28,LY＃863,1,15,2,KEKW＃849,2,8,3,7,0,False,True,10523,False,netplay
2024-01-16 20:29:52+00:00,3,LY＃863,1,3,2,KEKW＃849,2,8,1,7,2,True,False,12628,False,netplay
2024-01-16 20:33:38+00:00,31,LY＃863,1,3,2,KEKW＃849,2,4,3,7,0,False,True,6984,False,netplay
2024-01-16 20:35:55+00:00,32,LY＃863,1,2,0,KEKW＃849,2,4,4,2,,False,True,5262,False,netplay
2024-01-16 20:38:57+00:00,28,LY＃863,1,23,2,KEKW＃849,2,11,0,2,,True,False,12029,False,netplay
2024-01-16 20:42:56+00:00,3,LY＃863,1,23,2,KEKW＃849,2,19,4,7,0,False,True,4640,False,netplay
2024-01-16 20:44:25+00:00,3,LY＃863,1,12,0,KEKW＃849,2,19,2,2,,False,True,15634,False,netplay
2024-01-16 20:48:58+00:00,2,LY＃863,1,20,1,KEKW＃849,2,19,3,7,2,False,True,9605,False,netplay
2024-01-16 20:52:14+00:00,8,LY＃863,1,20,3,KEKW＃849,2,17,2,7,0,True,False,3748,False,netplay
2024-01-16 20:53:43+00:00,31,LY＃863,1,17,2,KEKW＃849,2,17,2,7,2,False,True,7482,False,netplay
2024-01-16 20:56:48+00:00,28,LY＃863,1,17,2,KEKW＃849,2,12,2,7,0,True,False,10685,False,netplay
2024-01-16 21:00:31+00:00,8,LY＃863,1,9,3,KEKW＃849,2,12,2,7,2,True,False,3314,False,netplay
2024-01-16 21:01:38+00:00,2,LY＃863,1,9,1,KEKW＃849,2,25,2,7,0,False,True,11895,False,netplay
2024-01-16 21:06:14+00:00,31,LY＃863,1,20,0,KEKW＃849,2,0,2,2,,False,True,8184,False,netplay
2024-01-16 21:08:49+00:00,2,LY＃863,1,7,0,KEKW＃849,2,0,3,2,,False,True,9199,False,netplay
2024-01-16 21:11:47+00:00,28,LY＃863,1,13,4,KEKW＃849,2,0,3,7,2,True,False,559,False,netplay
2024-01-16 21:12:15+00:00,3,LY＃863,1,13,0,KEKW＃849,2,20,3,2,,False,True,9440,False,netplay
2024-01-16 21:15:25+00:00,8,LY＃863,1,4,0,KEKW＃849,2,20,2,2,,False,True,10479,False,netplay
2024-01-16 21:19:23+00:00,32,LY＃863,1,22,4,KEKW＃849,2,20,3,7,2,True,False,6171,False,netplay
2024-01-16 21:21:17+00:00,32,LY＃863,1,22,0,KEKW＃849,2,25,2,2,,False,True,12426,False,netplay
2024-01-16 21:27:08+00:00,3,LY＃863,1,15,1,KEKW＃849,2,13,0,2,,True,False,16117,False,netplay
2024-01-16 21:32:02+00:00,31,LY＃863,1,15,3,KEKW＃849,2,5,3,7,2,True,False,2335,False,netplay
2024-01-16 21:33:14+00:00,2,LY＃863,1,0,0,KEKW＃849,2,5,3,2,,False,True,7795,False,netplay
2024-01-16 21:35:47+00:00,8,LY＃863,1,17,0,KEKW＃849,2,5,3,2,,False,True,8924,False,netplay
2024-01-16 21:39:12+00:00,31,LY＃863,1,20,3,KEKW＃849,2,5,4,7,2,False,True,4604,False,netplay
2024-01-16 21:40:46+00:00,31,LY＃863,1,20,1,KEKW＃849,2,1,1,7,0,False,True,8970,False,netplay
2024-01-16 21:43:48+00:00,5,LY＃863,1,1,3,KEKW＃849,2,1,3,7,2,True,False,481,False,netplay
2024-01-16 21:44:27+00:00,12,LY＃863,1,1,1,KEKW＃849,2,4,3,7,0,False,True,3036,False,netplay
2024-01-24 18:11:32+00:00,32,LY＃863,2,22,0,KEKW＃849,1,22,2,2,,False,True,12160,False,netplay
2024-01-24 18:15:12+00:00,32,LY＃863,2,13,0,KEKW＃849,1,0,3,2,,False,True,9683,False,netplay
2024-01-24 18:18:18+00:00,2,LY＃863,2,20,0,KEKW＃849,1,20,3,2,,False,True,4937,False,netplay
2024-01-24 18:20:02+00:00,8,LY＃863,2,3,2,KEKW＃849,1,3,0,2,,True,False,7824,False,netplay
2024-01-24 18:22:33+00:00,12,LY＃863,2,3,0,KEKW＃849,1,1,2,2,,False,True,13060,False,netplay
2024-01-24 18:26:44+00:00,31,LY＃863,2,9,0,KEKW＃849,1,18,1,2,,False,True,8396,False,netplay
2024-01-24 18:29:19+00:00,3,LY＃863,2,22,0,KEKW＃849,1,4,2,2,,False,True,13951,False,netplay
2024-01-24 18:33:28+00:00,28,LY＃863,2,19,2,KEKW＃849,1,8,0,2,,True,False,10914,False,netplay
2024-01-24 18:37:29+00:00,28,LY＃863,2,19,0,KEKW＃849,1,23,2,2,,False,True,8791,False,netplay
2024-01-24 18:40:30+00:00,31,LY＃863,2,19,0,KEKW＃849,1,2,2,2,,False,True,8714,False,netplay
2024-01-24 18:43:12+00:00,2,LY＃863,2,19,2,KEKW＃849,1,17,0,2,,True,False,11036,False,netplay
2024-01-24 18:46:31+00:00,3,LY＃863,2,19,1,KEKW＃849,1,19,0,2,,True,False,16201,False,netplay
2024-01-24 18:51:13+00:00,31,LY＃863,2,19,0,KEKW＃849,1,9,3,2,,False,True,9224,False,netplay
2024-01-24 18:53:57+00:00,28,LY＃863,2,19,0,KEKW＃849,1,20,2,2,,False,True,7847,False,netplay
2024-01-24 18:56:17+00:00,31,LY＃863,2,19,1,KEKW＃849,1,2,0,2,,True,False,12790,False,netplay
2024-01-24 18:59:58+00:00,8,LY＃863,2,19,0,KEKW＃849,1,2,2,2,,False,True,9431,False,netplay
2024-01-24 19:02:44+00:00,32,LY＃863,2,19,0,KEKW＃849,1,2,1,2,,False,True,13935,False,netplay
2024-01-24 19:06:54+00:00,8,LY＃863,2,3,0,KEKW＃849,1,2,1,2,,False,True,10088,False,netplay
2024-01-24 19:09:52+00:00,3,LY＃863,2,3,3,KEKW＃849,1,2,4,7,2,False,True,2949,False,netplay
2024-01-24 19:10:51+00:00,31,LY＃863,2,19,1,KEKW＃849,1,2,0,2,,True,False,11494,False,netplay
2024-01-24 19:14:11+00:00,32,LY＃863,2,19,1,KEKW＃849,1,2,0,2,,True,False,14020,False,netplay
2024-01-24 19:18:13+00:00,2,LY＃863,2,19,0,KEKW＃849,1,2,1,2,,False,True,15825,False,netplay
2024-01-24 19:22:45+00:00,2,LY＃863,2,19,2,KEKW＃849,1,2,0,2,,True,False,11397,False,netplay
2024-01-24 19:26:10+00:00,32,LY＃863,2,2,0,KEKW＃849,1,2,3,2,,False,True,9211,False,netplay
2024-01-24 19:28:58+00:00,28,LY＃863,2,22,1,KEKW＃849,1,2,3,7,2,False,True,8848,False,netplay
2024-01-24 19:31:39+00:00,8,LY＃863,2,19,0,KEKW＃849,1,22,2,2,,False,True,11087,False,netplay
2024-01-24 19:35:05+00:00,32,LY＃863,2,19,2,KEKW＃849,1,1,0,2,,True,False,7047,False,netplay
2024-01-24 19:37:27+00:00,8,LY＃863,2,19,0,KEKW＃849,1,15,2,2,,False,True,11812,False,netplay
2024-01-24 19:46:54+00:00,3,LY＃863,2,22,0,KEKW＃849,1,23,2,2,,False,True,14420,False,netplay
2024-01-24 19:51:07+00:00,3,LY＃863,2,8,2,KEKW＃849,1,23,2,7,0,False,True,6078,False,netplay
2024-01-24 19:53:01+00:00,3,LY＃863,2,8,2,KEKW＃849,1,9,3,7,2,False,True,7747,False,netplay
2024-01-24 19:55:21+00:00,28,LY＃863,2,7,0,KEKW＃849,1,9,3,2,,False,True,7428,False,netplay
2024-01-24 19:57:37+00:00,8,LY＃863,2,5,3,KEKW＃849,1,9,2,7,0,True,False,4439,False,netplay
2024-01-24 19:59:16+00:00,28,LY＃863,2,5,2,KEKW＃849,1,13,0,2,,True,False,8839,False,netplay
2024-01-24 20:01:53+00:00,2,LY＃863,2,5,4,KEKW＃849,1,24,4,7,2,False,True,1998,False,netplay
2024-01-24 20:02:37+00:00,2,LY＃863,2,12,2,KEKW＃849,1,24,0,2,,True,False,12275,False,netplay
2024-01-24 20:06:13+00:00,31,LY＃863,2,12,3,KEKW＃849,1,21,2,7,2,True,False,7397,False,netplay
2024-01-24 20:08:30+00:00,31,LY＃863,2,17,2,KEKW＃849,1,21,2,7,0,False,True,9501,False,netplay
2024-01-24 20:11:19+00:00,31,LY＃863,2,17,2,KEKW＃849,1,6,3,7,2,False,True,5648,False,netplay
2024-01-24 20:13:07+00:00,32,LY＃863,2,1,0,KEKW＃849,1,6,2,2,,False,True,13107,False,netplay
2024-01-24 20:16:57+00:00,32,LY＃863,2,0,2,KEKW＃849,1,6,4,7,0,False,True,7721,False,netplay
2024-01-24 20:19:20+00:00,32,LY＃863,2,0,2,KEKW＃849,1,19,3,7,2,False,True,2942,False,netplay
2024-01-24 20:20:19+00:00,8,LY＃863,2,25,0,KEKW＃849,1,19,2,2,,False,True,13058,False,netplay
2024-01-24 20:24:22+00:00,28,LY＃863,2,20,4,KEKW＃849,1,19,3,7,0,True,False,2192,False,netplay
2024-01-24 20:25:09+00:00,28,LY＃863,2,20,1,KEKW＃849,1,11,0,2,,True,False,15672,False,netplay
2024-01-24 20:29:40+00:00,8,LY＃863,2,20,3,KEKW＃849,1,2,4,7,2,False,True,3222,False,netplay
2024-01-24 20:30:44+00:00,2,LY＃863,2,2,0,KEKW＃849,1,2,2,2,,False,True,14053,False,netplay
2024-01-24 20:34:49+00:00,31,LY＃863,2,11,1,KEKW＃849,1,2,2,7,0,False,True,8962,False,netplay
2024-01-24 20:37:29+00:00,2,LY＃863,2,11,3,KEKW＃849,1,20,4,7,2,False,True,1651,False,netplay
2024-01-24 20:38:09+00:00,3,LY＃863,2,14,0,KEKW＃849,1,20,1,2,,False,True,12503,False,netplay
2024-01-24 20:41:50+00:00,32,LY＃863,2,4,3,KEKW＃849,1,20,3,7,0,False,True,1906,False,netplay
2024-01-24 20:42:33+00:00,3,LY＃863,2,4,1,KEKW＃849,1,25,2,7,2,False,True,9450,False,netplay
2024-01-24 20:45:24+00:00,8,LY＃863,2,16,4,KEKW＃849,1,25,2,7,0,True,False,1281,False,netplay
2024-01-24 20:45:57+00:00,3,LY＃863,2,16,3,KEKW＃849,1,0,0,2,,True,False,8886,False,netplay
2024-01-24 20:48:38+00:00,12,LY＃863,2,16,2,KEKW＃849,1,1,3,7,2,False,True,4403,False,netplay
2024-01-24 20:50:13+00:00,31,LY＃863,2,18,1,KEKW＃849,1,1,1,7,0,False,True,12967,False,netplay
2024-01-24 20:54:32+00:00,8,LY＃863,2,18,3,KEKW＃849,1,7,3,7,2,False,True,2010,False,netplay
2024-01-24 20:55:25+00:00,3,LY＃863,2,19,1,KEKW＃849,1,7,1,7,0,False,True,12792,False,netplay
2024-01-24 20:59:09+00:00,2,LY＃863,2,19,3,KEKW＃849,1,18,3,7,2,False,True,3259,False,netplay
2024-01-24 21:00:14+00:00,2,LY＃863,2,6,0,KEKW＃849,1,18,2,2,,False,True,8482,False,netplay
2024-01-24 21:02:46+00:00,28,LY＃863,2,21,3,KEKW＃849,1,18,3,7,0,False,True,4454,False,netplay
2024-01-24 21:04:09+00:00,31,LY＃863,2,21,2,KEKW＃849,1,8,2,7,2,False,True,12625,False,netplay
2024-01-24 21:07:50+00:00,15,LY＃863,2,24,4,KEKW＃849,1,8,4,7,2,False,True,31,False,netplay
2024-01-24 21:07:57+00:00,3,LY＃863,2,24,1,KEKW＃849,1,8,3,7,0,False,True,11733,False,netplay
2024-01-24 21:11:22+00:00,32,LY＃863,2,24,4,KEKW＃849,1,22,4,7,2,False,True,3892,False,netplay
2024-01-24 21:12:36+00:00,28,LY＃863,2,13,0,KEKW＃849,1,22,1,2,,False,True,12320,False,netplay
2024-01-24 21:16:13+00:00,31,LY＃863,2,15,3,KEKW＃849,1,22,3,7,0,False,True,4606,False,netplay
2024-01-24 21:23:09+00:00,28,LY＃863,2,19,0,KEKW＃849,1,20,2,2,,False,True,11909,False,netplay
2024-01-24 21:26:39+00:00,2,LY＃863,2,9,3,KEKW＃849,1,20,2,7,0,True,False,6422,False,netplay
2024-01-24 21:28:36+00:00,8,LY＃863,2,9,2,KEKW＃849,1,2,1,7,2,True,False,8634,False,netplay
2024-01-24 21:31:14+00:00,8,LY＃863,2,3,3,KEKW＃849,1,2,3,7,0,False,True,3075,False,netplay
2024-01-24 21:32:14+00:00,28,LY＃863,2,3,2,KEKW＃849,1,15,2,7,2,False,True,8664,False,netplay
2024-01-24 21:35:06+00:00,32,LY＃863,2,13,2,KEKW＃849,1,15,3,7,0,False,True,5867,False,netplay
2024-01-24 21:36:52+00:00,2,LY＃863,2,13,2,KEKW＃849,1,9,3,7,2,False,True,5900,False,netplay
2024-01-24 21:39:33+00:00,3,LY＃863,2,11,0,KEKW＃849,1,9,3,2,,False,True,6944,False,netplay
2024-01-24 21:41:43+00:00,2,LY＃863,2,20,3,KEKW＃849,1,9,2,7,0,True,False,3967,False,netplay
2024-01-24 21:45:10+00:00,15,LY＃863,2,22,4,KEKW＃849,1,9,4,7,0,False,True,11,False,netplay
2024-01-24 21:45:17+00:00,32,LY＃863,2,22,3,KEKW＃849,1,9,0,2,,True,False,7797,False,netplay
2024-01-24 21:47:37+00:00,3,LY＃863,2,22,1,KEKW＃849,1,15,1,7,2,False,True,15367,False,netplay
2024-01-24 21:52:05+00:00,8,LY＃863,2,20,4,KEKW＃849,1,15,3,7,0,True,False,1256,False,netplay
2024-01-24 21:52:36+00:00,31,LY＃863,2,20,1,KEKW＃849,1,2,2,7,2,False,True,10332,False,netplay
2024-01-24 21:55:39+00:00,31,LY＃863,2,13,2,KEKW＃849,1,2,2,7,0,False,True,6294,False,netplay
2024-01-24 21:57:32+00:00,11,LY＃863,2,13,4,KEKW＃849,1,20,4,7,0,False,True,2,False,netplay
2024-01-24 21:57:38+00:00,2,LY＃863,2,13,3,KEKW＃849,1,20,3,7,2,False,True,5672,False,netplay
2024-01-24 21:59:22+00:00,32,LY＃863,2,3,0,KEKW＃849,1,20,2,2,,False,True,11165,False,netplay
2024-01-24 22:02:41+00:00,28,LY＃863,2,9,4,KEKW＃849,1,20,3,7,0,True,False,905,False,netplay
2024-01-24 22:04:25+00:00,3,LY＃863,2,22,0,KEKW＃849,1,20,1,2,,False,True,15687,False,netplay
2024-01-24 22:09:01+00:00,32,LY＃863,2,20,4,KEKW＃849,1,20,3,7,0,True,False,1761,False,netplay
2024-01-24 22:09:38+00:00,32,LY＃863,2,20,0,KEKW＃849,1,2,1,2,,False,True,13008,False,netplay
2024-01-24 22:13:38+00:00,2,LY＃863,2,13,4,KEKW＃849,1,15,4,7,2,False,True,2,False,netplay
2024-01-24 22:13:48+00:00,31,LY＃863,2,13,4,KEKW＃849,1,2,3,7,0,True,False,2372,False,netplay
2024-01-24 22:14:38+00:00,31,LY＃863,2,13,1,KEKW＃849,1,15,0,2,,True,False,15136,False,netplay
2024-01-24 22:19:26+00:00,28,LY＃863,2,13,4,KEKW＃849,1,9,4,7,2,False,True,1907,False,netplay
2024-01-24 22:20:08+00:00,3,LY＃863,2,3,1,KEKW＃849,1,9,0,2,,True,False,10643,False,netplay
2024-01-24 22:26:00+00:00,8,LY＃863,2,19,2,KEKW＃849,1,9,0,2,,True,False,13587,False,netplay
2024-01-24 22:29:57+00:00,3,LY＃863,2,19,2,KEKW＃849,1,15,1,7,2,True,False,11802,False,netplay
2024-01-24 22:33:27+00:00,8,LY＃863,2,9,2,KEKW＃849,1,15,3,7,0,False,True,2354,False,netplay
2024-01-24 22:34:15+00:00,31,LY＃863,2,9,2,KEKW＃849,1,2,4,7,2,False,True,2880,False,netplay
2024-01-24 22:35:13+00:00,28,LY＃863,2,3,1,KEKW＃849,1,2,2,7,2,False,True,11310,False,netplay
2024-01-24 22:38:32+00:00,2,LY＃863,2,13,3,KEKW＃849,1,2,3,7,0,False,True,1185,False,netplay
2024-01-24 22:40:48+00:00,28,LY＃863,2,13,2,KEKW＃849,1,20,3,7,2,False,True,9853,False,netplay
2024-01-24 22:43:43+00:00,28,LY＃863,2,20,2,KEKW＃849,1,20,1,7,0,True,False,7931,False,netplay
2024-01-24 22:54:03+00:00,2,LY＃863,2,19,0,KEKW＃849,1,9,2,2,,False,True,10291,False,netplay
2024-01-24 22:57:19+00:00,3,LY＃863,2,9,2,KEKW＃849,1,9,2,7,0,False,True,4736,False,netplay
2024-01-24 22:58:48+00:00,8,LY＃863,2,9,2,KEKW＃849,1,15,3,7,2,False,True,5357,False,netplay
2024-01-24 23:00:27+00:00,8,LY＃863,2,13,1,KEKW＃849,1,15,3,7,2,False,True,10599,False,netplay
2024-01-24 23:03:34+00:00,31,LY＃863,2,20,1,KEKW＃849,1,15,3,7,2,False,True,6198,False,netplay
2024-01-24 23:05:26+00:00,32,LY＃863,2,22,3,KEKW＃849,1,15,3,7,0,False,True,4910,False,netplay
2024-01-24 23:07:05+00:00,32,LY＃863,2,22,2,KEKW＃849,1,2,3,7,2,False,True,6909,False,netplay
2024-01-24 23:12:30+00:00,28,LY＃863,2,19,0,KEKW＃849,1,2,1,2,,False,True,17059,False,netplay
2024-01-24 23:17:23+00:00,32,LY＃863,2,19,1,KEKW＃849,1,2,2,7,2,False,True,9533,False,netplay
2024-01-24 23:20:10+00:00,8,LY＃863,2,19,0,KEKW＃849,1,2,1,2,,False,True,11054,False,netplay
2024-01-24 23:23:25+00:00,2,LY＃863,2,3,1,KEKW＃849,1,2,1,7,2,False,True,8052,False,netplay
2024-01-24 23:25:51+00:00,8,LY＃863,2,20,1,KEKW＃849,1,2,1,7,2,False,True,13346,False,netplay
2024-01-24 23:29:50+00:00,3,LY＃863,2,19,0,KEKW＃849,1,2,2,2,,False,True,10662,False,netplay
2024-01-24 23:32:57+00:00,2,LY＃863,2,19,0,KEKW＃849,1,2,1,2,,False,True,9204,False,netplay
2024-01-24 23:35:43+00:00,31,LY＃863,2,19,0,KEKW＃849,1,2,1,2,,False,True,12690,False,netplay
2024-01-24 23:39:24+00:00,28,LY＃863,2,19,0,KEKW＃849,1,2,1,2,,False,True,8689,False,netplay
2024-01-24 23:42:00+00:00,2,LY＃863,2,19,2,KEKW＃849,1,2,0,2,,True,False,12213,False,netplay
2024-01-24 23:45:32+00:00,28,LY＃863,2,19,0,KEKW＃849,1,2,1,2,,False,True,16668,False,netplay
2024-01-24 23:50:22+00:00,3,LY＃863,2,19,1,KEKW＃849,1,2,0,2,,True,False,12263,False,netplay
2024-01-24 23:53:55+00:00,2,LY＃863,2,19,0,KEKW＃849,1,2,2,2,,False,True,10518,False,netplay
2024-01-24 23:56:59+00:00,32,LY＃863,2,19,0,KEKW＃849,1,2,2,2,,False,True,13055,False,netplay
2024-01-25 00:00:45+00:00,8,LY＃863,2,19,0,KEKW＃849,1,2,4,2,,False,True,7650,False,netplay
2024-01-25 00:03:05+00:00,31,LY＃863,2,9,0,KEKW＃849,1,2,3,2,,False,True,5311,False,netplay
2024-01-25 00:04:42+00:00,8,LY＃863,2,9,1,KEKW＃849,1,2,0,2,,True,False,12274,False,netplay
2024-01-25 00:08:21+00:00,8,LY＃863,2,9,1,KEKW＃849,1,2,0,2,,True,False,10339,False,netplay
2024-01-25 00:11:22+00:00,31,LY＃863,2,9,0,KEKW＃849,1,2,2,2,,False,True,9383,False,netplay
2024-01-25 00:14:16+00:00,28,LY＃863,2,11,0,KEKW＃849,1,2,2,2,,False,True,9336,False,netplay
2024-01-25 00:17:06+00:00,31,LY＃863,2,15,0,KEKW＃849,1,1,2,2,,False,True,8348,False,netplay
2024-01-25 00:19:39+00:00,3,LY＃863,2,15,0,KEKW＃849,1,5,1,2,,False,True,11538,False,netplay
2024-01-25 00:23:11+00:00,2,LY＃863,2,10,0,KEKW＃849,1,10,3,2,,False,True,10209,False,netplay
2024-01-25 00:26:20+00:00,32,LY＃863,2,9,1,KEKW＃849,1,12,0,2,,True,False,18550,False,netplay
2024-01-25 00:31:45+00:00,3,LY＃863,2,9,3,KEKW＃849,1,3,0,2,,True,False,6075,False,netplay
2024-01-25 00:33:42+00:00,32,LY＃863,2,9,1,KEKW＃849,1,19,0,2,,True,False,12180,False,netplay
2024-01-25 00:37:19+00:00,3,LY＃863,2,9,3,KEKW＃849,1,20,0,2,,True,False,5263,False,netplay
2024-01-25 00:38:56+00:00,2,LY＃863,2,9,2,KEKW＃849,1,2,0,2,,True,False,10879,False,netplay
2024-01-26 18:01:02+00:00,8,LY＃863,1,22,1,KEKW＃849,2,20,0,2,,True,False,15958,False,netplay
2024-01-26 18:05:54+00:00,11,LY＃863,1,3,4,KEKW＃849,2,0,4,7,2,True,False,0,False,netplay
2024-01-26 18:06:01+00:00,32,LY＃863,1,3,0,KEKW＃849,2,0,2,2,,False,True,14629,False,netplay
2024-01-26 18:10:29+00:00,3,LY＃863,1,13,0,KEKW＃849,2,22,3,2,,False,True,9798,False,netplay
2024-01-26 18:13:27+00:00,8,LY＃863,1,19,0,KEKW＃849,2,15,3,2,,False,True,10551,False,netplay
2024-01-26 18:16:35+00:00,32,LY＃863,1,19,0,KEKW＃849,2,9,2,2,,False,True,9023,False,netplay
2024-01-26 18:19:17+00:00,31,LY＃863,1,19,1,KEKW＃849,2,19,0,2,,True,False,15309,False,netplay
2024-01-26 18:23:44+00:00,3,LY＃863,1,19,2,KEKW＃849,2,2,0,2,,True,False,9800,False,netplay
2024-01-26 18:26:35+00:00,2,LY＃863,1,19,0,KEKW＃849,2,2,2,2,,False,True,13194,False,netplay
2024-01-26 18:30:25+00:00,2,LY＃863,1,19,0,KEKW＃849,2,2,2,2,,False,True,10303,False,netplay
2024-01-26 18:33:30+00:00,28,LY＃863,1,19,0,KEKW＃849,2,2,2,2,,False,True,12476,False,netplay
2024-01-26 18:37:13+00:00,8,LY＃863,1,20,0,KEKW＃849,2,2,3,2,,False,True,6500,False,netplay
2024-01-26 18:39:10+00:00,28,LY＃863,1,20,0,KEKW＃849,2,20,1,2,,False,True,11960,False,netplay
2024-01-26 18:42:57+00:00,2,LY＃863,1,19,4,KEKW＃849,2,15,4,7,0,True,False,802,False,netplay
2024-01-26 18:43:21+00:00,15,LY＃863,1,20,4,KEKW＃849,2,15,4,7,0,True,False,67,False,netplay
2024-01-26 18:43:29+00:00,3,LY＃863,1,20,0,KEKW＃849,2,15,2,2,,False,True,10565,False,netplay
2024-01-26 18:46:54+00:00,31,LY＃863,1,20,0,KEKW＃849,2,9,2,2,,False,True,9747,False,netplay
2024-01-26 18:50:03+00:00,32,LY＃863,1,19,0,KEKW＃849,2,0,1,2,,False,True,14794,False,netplay
2024-01-26 18:54:32+00:00,31,LY＃863,1,19,0,KEKW＃849,2,2,1,2,,False,True,15321,False,netplay
2024-01-26 18:59:02+00:00,8,LY＃863,1,19,0,KEKW＃849,2,2,2,2,,False,True,9223,False,netplay
2024-01-26 19:01:44+00:00,32,LY＃863,1,19,0,KEKW＃849,2,2,1,2,,False,True,14400,False,netplay
2024-01-26 19:05:54+00:00,3,LY＃863,1,19,1,KEKW＃849,2,2,0,2,,True,False,11198,False,netplay
2024-01-26 19:10:00+00:00,8,LY＃863,1,19,0,KEKW＃849,2,2,2,2,,False,True,10178,False,netplay
2024-01-26 19:13:04+00:00,2,LY＃863,1,19,1,KEKW＃849,2,2,0,2,,True,False,12314,False,netplay
2024-01-26 19:16:37+00:00,31,LY＃863,1,19,0,KEKW＃849,2,2,3,2,,False,True,8703,False,netplay
2024-01-26 19:19:13+00:00,28,LY＃863,1,19,0,KEKW＃849,2,2,3,2,,False,True,9284,False,netplay
2024-01-26 19:21:56+00:00,32,LY＃863,1,19,0,KEKW＃849,2,2,3,2,,False,True,8209,False,netplay
2024-01-26 19:24:30+00:00,3,LY＃863,1,3,0,KEKW＃849,2,2,2,2,,False,True,7490,False,netplay
2024-01-26 19:27:01+00:00,2,LY＃863,1,15,0,KEKW＃849,2,10,1,2,,False,True,12248,False,netplay
2024-01-26 19:30:47+00:00,8,LY＃863,1,7,1,KEKW＃849,2,23,0,2,,True,False,10875,False,netplay
2024-01-26 19:34:08+00:00,12,LY＃863,1,19,0,KEKW＃849,2,1,2,2,,False,True,9140,False,netplay
2024-01-26 19:36:58+00:00,31,LY＃863,1,19,0,KEKW＃849,2,16,2,2,,False,True,10744,False,netplay
2024-01-26 19:40:19+00:00,28,LY＃863,1,20,0,KEKW＃849,2,20,3,2,,False,True,8445,False,netplay
2024-01-26 19:42:51+00:00,8,LY＃863,1,19,1,KEKW＃849,2,3,0,2,,True,False,11838,False,netplay
2024-01-26 19:47:13+00:00,8,LY＃863,1,19,3,KEKW＃849,2,17,0,2,,True,False,9676,False,netplay
2024-01-26 19:50:22+00:00,28,LY＃863,1,19,2,KEKW＃849,2,2,0,2,,True,False,10355,False,netplay
2024-01-26 19:53:22+00:00,31,LY＃863,1,19,0,KEKW＃849,2,2,2,2,,False,True,11175,False,netplay
2024-01-26 19:56:38+00:00,3,LY＃863,1,19,0,KEKW＃849,2,2,2,2,,False,True,9044,False,netplay
2024-01-26 19:59:21+00:00,2,LY＃863,1,19,0,KEKW＃849,2,2,2,2,,False,True,11659,False,netplay
2024-01-26 20:02:48+00:00,31,LY＃863,1,19,0,KEKW＃849,2,2,3,2,,False,True,7631,False,netplay
2024-01-26 20:05:06+00:00,28,LY＃863,1,19,0,KEKW＃849,2,20,1,2,,False,True,10159,False,netplay
2024-01-26 20:08:19+00:00,32,LY＃863,1,19,0,KEKW＃849,2,20,3,2,,False,True,8483,False,netplay
2024-01-26 20:10:52+00:00,2,LY＃863,1,19,2,KEKW＃849,2,19,0,2,,True,False,8430,False,netplay
2024-01-26 20:13:24+00:00,28,LY＃863,1,19,0,KEKW＃849,2,0,1,2,,False,True,11456,False,netplay
2024-01-26 20:16:56+00:00,31,LY＃863,1,19,0,KEKW＃849,2,10,2,2,,False,True,12114,False,netplay
2024-01-30 18:33:08+00:00,32,LY＃863,2,3,0,KEKW＃849,1,20,1,2,,False,True,12817,False,netplay
2024-01-30 18:38:08+00:00,3,LY＃863,2,22,2,KEKW＃849,1,22,0,2,,True,False,11361,False,netplay
2024-01-30 18:41:35+00:00,31,LY＃863,2,20,0,KEKW＃849,1,0,2,2,,False,True,8687,False,netplay
2024-01-30 18:44:16+00:00,28,LY＃863,2,19,0,KEKW＃849,1,9,1,2,,False,True,13227,False,netplay
2024-01-30 18:48:12+00:00,31,LY＃863,2,19,1,KEKW＃849,1,15,0,2,,True,False,15212,False,netplay
2024-01-30 18:52:40+00:00,32,LY＃863,2,19,0,KEKW＃849,1,15,1,2,,False,True,17383,False,netplay
2024-01-30 18:57:43+00:00,2,LY＃863,2,19,0,KEKW＃849,1,20,1,2,,False,True,13392,False,netplay
2024-01-30 19:01:36+00:00,8,LY＃863,2,19,0,KEKW＃849,1,2,1,2,,False,True,8775,False,netplay
2024-01-30 19:04:13+00:00,32,LY＃863,2,19,0,KEKW＃849,1,2,2,2,,False,True,10530,False,netplay
2024-01-30 19:07:17+00:00,31,LY＃863,2,19,0,KEKW＃849,1,2,3,2,,False,True,7820,False,netplay
2024-01-30 19:09:37+00:00,32,LY＃863,2,19,0,KEKW＃849,1,2,3,2,,False,True,10611,False,netplay
2024-01-30 19:12:49+00:00,3,LY＃863,2,19,1,KEKW＃849,1,1,0,2,,True,False,14768,False,netplay
2024-01-30 19:17:33+00:00,8,LY＃863,2,19,2,KEKW＃849,1,0,0,2,,True,False,13651,False,netplay
2024-01-30 19:21:30+00:00,3,LY＃863,2,19,2,KEKW＃849,1,0,0,2,,True,False,13373,False,netplay
2024-01-30 19:29:18+00:00,28,LY＃863,2,22,2,KEKW＃849,1,23,0,2,,True,False,10370,False,netplay
2024-01-30 19:32:21+00:00,2,LY＃863,2,22,3,KEKW＃849,1,9,3,7,2,False,True,6707,False,netplay
2024-01-30 19:34:23+00:00,28,LY＃863,2,8,0,KEKW＃849,1,9,3,2,,False,True,6802,False,netplay
2024-01-30 19:36:27+00:00,2,LY＃863,2,7,1,KEKW＃849,1,9,2,7,0,False,True,8951,False,netplay
2024-01-30 19:39:05+00:00,31,LY＃863,2,7,3,KEKW＃849,1,15,3,7,2,False,True,4186,False,netplay
2024-01-30 19:40:25+00:00,8,LY＃863,2,5,1,KEKW＃849,1,15,1,7,0,True,False,8104,False,netplay
2024-01-30 19:42:50+00:00,3,LY＃863,2,5,4,KEKW＃849,1,13,3,7,2,True,False,4686,False,netplay
2024-01-30 19:44:18+00:00,3,LY＃863,2,12,3,KEKW＃849,1,13,1,7,0,True,False,9585,False,netplay
2024-01-30 19:47:07+00:00,28,LY＃863,2,12,1,KEKW＃849,1,24,1,7,2,False,True,15607,False,netplay
2024-01-30 19:51:38+00:00,31,LY＃863,2,17,4,KEKW＃849,1,24,4,7,0,False,True,2694,False,netplay
2024-01-30 19:52:34+00:00,2,LY＃863,2,17,1,KEKW＃849,1,21,2,7,2,False,True,13311,False,netplay
2024-01-30 19:56:27+00:00,8,LY＃863,2,1,2,KEKW＃849,1,21,2,7,0,False,True,6286,False,netplay
2024-01-30 19:58:22+00:00,32,LY＃863,2,1,2,KEKW＃849,1,6,2,7,2,False,True,4624,False,netplay
2024-01-30 19:59:49+00:00,28,LY＃863,2,0,3,KEKW＃849,1,6,2,7,0,True,False,4924,False,netplay
2024-01-30 20:01:26+00:00,8,LY＃863,2,0,2,KEKW＃849,1,19,3,7,2,False,True,6243,False,netplay
2024-01-30 20:03:20+00:00,2,LY＃863,2,25,3,KEKW＃849,1,19,3,7,0,False,True,7295,False,netplay
2024-01-30 20:05:33+00:00,31,LY＃863,2,25,2,KEKW＃849,1,18,4,7,2,False,True,4756,False,netplay
2024-01-30 20:07:34+00:00,32,LY＃863,2,20,0,KEKW＃849,1,18,1,2,,False,True,10314,False,netplay
2024-01-30 20:10:49+00:00,2,LY＃863,2,2,3,KEKW＃849,1,18,4,7,0,False,True,4148,False,netplay
2024-01-30 20:12:21+00:00,32,LY＃863,2,2,1,KEKW＃849,1,14,3,7,2,False,True,5357,False,netplay
2024-01-30 20:14:01+00:00,32,LY＃863,2,11,2,KEKW＃849,1,14,1,7,0,True,False,6254,False,netplay
2024-01-30 20:15:57+00:00,9,LY＃863,2,11,2,KEKW＃849,1,11,4,7,2,False,True,6765,False,netplay
2024-01-30 20:18:01+00:00,31,LY＃863,2,14,0,KEKW＃849,1,11,1,2,,False,True,9354,False,netplay
2024-01-30 20:20:55+00:00,3,LY＃863,2,4,3,KEKW＃849,1,11,3,7,0,False,True,5009,False,netplay
2024-01-30 20:22:30+00:00,28,LY＃863,2,4,1,KEKW＃849,1,2,1,7,2,False,True,21562,False,netplay
2024-01-30 20:28:53+00:00,8,LY＃863,2,16,2,KEKW＃849,1,2,3,7,0,False,True,5771,False,netplay
2024-01-30 20:30:37+00:00,3,LY＃863,2,16,2,KEKW＃849,1,20,2,7,2,False,True,8870,False,netplay
2024-01-30 20:33:27+00:00,28,LY＃863,2,18,3,KEKW＃849,1,20,2,7,0,True,False,7893,False,netplay
2024-01-30 20:35:50+00:00,2,LY＃863,2,18,1,KEKW＃849,1,25,2,7,2,False,True,6746,False,netplay
2024-01-30 20:39:20+00:00,2,LY＃863,2,6,4,KEKW＃849,1,25,4,7,0,False,True,8,False,netplay
2024-01-30 20:39:36+00:00,8,LY＃863,2,19,1,KEKW＃849,1,25,1,7,0,False,True,7658,False,netplay
2024-01-30 20:41:54+00:00,28,LY＃863,2,19,3,KEKW＃849,1,0,3,7,2,False,True,5874,False,netplay
2024-01-30 20:43:45+00:00,32,LY＃863,2,6,0,KEKW＃849,1,0,2,2,,False,True,11472,False,netplay
2024-01-30 20:47:07+00:00,3,LY＃863,2,21,4,KEKW＃849,1,0,3,7,0,True,False,3455,False,netplay
2024-01-30 20:48:13+00:00,12,LY＃863,2,21,0,KEKW＃849,1,1,3,2,,False,True,5199,False,netplay
2024-01-30 20:49:57+00:00,28,LY＃863,2,24,0,KEKW＃849,1,1,1,2,,False,True,16494,False,netplay
2024-01-30 20:54:45+00:00,31,LY＃863,2,24,4,KEKW＃849,1,17,4,7,0,False,True,22,False,netplay
2024-01-30 20:55:13+00:00,2,LY＃863,2,24,4,KEKW＃849,1,5,4,7,2,False,True,2859,False,netplay
2024-01-30 20:56:38+00:00,8,LY＃863,2,13,0,KEKW＃849,1,5,3,2,,False,True,11220,False,netplay
2024-01-30 20:59:58+00:00,32,LY＃863,2,15,1,KEKW＃849,1,5,1,7,0,False,True,10683,False,netplay
2024-01-30 21:03:05+00:00,32,LY＃863,2,15,4,KEKW＃849,1,7,4,7,2,False,True,2793,False,netplay
2024-01-30 21:04:03+00:00,28,LY＃863,2,10,0,KEKW＃849,1,7,3,2,,False,True,11078,False,netplay
2024-01-30 21:07:20+00:00,2,LY＃863,2,3,1,KEKW＃849,1,7,2,7,0,False,True,11470,False,netplay
2024-01-30 21:10:44+00:00,3,LY＃863,2,3,3,KEKW＃849,1,8,4,7,2,False,True,3518,False,netplay
2024-01-30 21:12:05+00:00,31,LY＃863,2,9,0,KEKW＃849,1,8,2,2,,False,True,10380,False,netplay
2024-01-30 21:15:10+00:00,8,LY＃863,2,23,4,KEKW＃849,1,8,2,7,0,True,False,1700,False,netplay
2024-01-30 21:15:47+00:00,31,LY＃863,2,23,3,KEKW＃849,1,22,2,7,0,True,False,6066,False,netplay
2024-01-30 21:19:04+00:00,8,LY＃863,2,19,1,KEKW＃849,1,2,3,7,2,False,True,4048,False,netplay
2024-01-30 21:20:42+00:00,2,LY＃863,2,19,0,KEKW＃849,1,2,2,2,,False,True,11958,False,netplay
2024-01-30 21:24:11+00:00,3,LY＃863,2,19,0,KEKW＃849,1,2,2,2,,False,True,7899,False,netplay
2024-01-30 21:26:32+00:00,2,LY＃863,2,19,0,KEKW＃849,1,2,2,2,,False,True,9129,False,netplay
2024-01-30 21:29:12+00:00,3,LY＃863,2,19,0,KEKW＃849,1,2,3,2,,False,True,8641,False,netplay
2024-01-30 21:31:48+00:00,31,LY＃863,2,19,0,KEKW＃849,1,2,3,2,,False,True,6915,False,netplay
2024-01-30 21:33:52+00:00,32,LY＃863,2,19,0,KEKW＃849,1,2,1,2,,False,True,12389,False,netplay
2024-01-30 21:37:28+00:00,8,LY＃863,2,19,0,KEKW＃849,1,2,2,2,,False,True,9811,False,netplay
2024-01-30 21:40:20+00:00,28,LY＃863,2,19,0,KEKW＃849,1,2,2,2,,False,True,13863,False,netplay
2024-02-02 16:35:28+00:00,3,LY＃863,2,22,4,KEKW＃849,1,20,4,7,0,False,True,269,False,netplay
2024-02-02 16:45:20+00:00,288,LY＃863,2,2,4,KEKW＃849,1,12,4,7,2,False,True,1738,False,netplay
2024-02-02 16:49:49+00:00,288,LY＃863,2,6,4,KEKW＃849,1,18,4,7,0,False,True,9762,False,netplay
2024-02-02 17:25:43+00:00,32,LY＃863,2,16,1,KEKW＃849,1,1,0,2,,True,False,17698,False,netplay
2024-02-02 17:31:03+00:00,3,LY＃863,2,16,3,KEKW＃849,1,23,1,7,2,True,False,10032,False,netplay
2024-02-02 17:34:44+00:00,2,LY＃863,2,4,4,KEKW＃849,1,23,3,7,0,True,False,3722,False,netplay
2024-02-02 17:35:58+00:00,31,LY＃863,2,4,0,KEKW＃849,1,0,2,2,,False,True,10415,False,netplay
2024-02-02 17:39:05+00:00,3,LY＃863,2,22,2,KEKW＃849,1,0,2,7,0,False,True,8829,False,netplay
2024-02-02 17:41:43+00:00,32,LY＃863,2,22,3,KEKW＃849,1,20,3,7,2,False,True,4907,False,netplay
2024-02-02 17:43:16+00:00,31,LY＃863,2,9,1,KEKW＃849,1,20,1,7,0,False,True,13482,False,netplay
2024-02-02 17:51:47+00:00,2,LY＃863,2,10,0,KEKW＃849,1,25,2,2,,False,True,7765,False,netplay
2024-02-02 17:54:16+00:00,8,LY＃863,2,16,2,KEKW＃849,1,25,2,7,0,False,True,7158,False,netplay
2024-02-02 17:56:29+00:00,8,LY＃863,2,16,3,KEKW＃849,1,6,3,7,2,False,True,5304,False,netplay
2024-02-02 17:58:10+00:00,28,LY＃863,2,1,0,KEKW＃849,1,6,3,2,,False,True,13410,False,netplay
2024-02-02 18:02:06+00:00,32,LY＃863,2,17,2,KEKW＃849,1,6,2,7,0,False,True,10213,False,netplay
2024-02-02 18:05:12+00:00,28,LY＃863,2,17,3,KEKW＃849,1,19,3,7,2,False,True,7689,False,netplay
2024-02-02 18:07:34+00:00,8,LY＃863,2,0,0,KEKW＃849,1,19,2,2,,False,True,11784,False,netplay
2024-02-02 18:11:07+00:00,32,LY＃863,2,15,4,KEKW＃849,1,19,3,7,0,True,False,4754,False,netplay
2024-02-02 18:12:41+00:00,31,LY＃863,2,15,0,KEKW＃849,1,15,1,2,,False,True,13952,False,netplay
2024-02-02 18:16:45+00:00,28,LY＃863,2,19,3,KEKW＃849,1,15,3,7,0,False,True,5528,False,netplay
2024-02-02 18:20:18+00:00,32,LY＃863,2,19,4,KEKW＃849,1,11,4,7,2,False,True,44,False,netplay
2024-02-02 18:20:35+00:00,2,LY＃863,2,16,3,KEKW＃849,1,11,0,2,,True,False,10793,False,netplay
2024-02-02 18:24:02+00:00,28,LY＃863,2,16,1,KEKW＃849,1,20,3,7,2,False,True,7953,False,netplay
2024-02-02 18:26:30+00:00,31,LY＃863,2,4,0,KEKW＃849,1,20,2,2,,False,True,10472,False,netplay
2024-02-02 18:29:38+00:00,3,LY＃863,2,25,3,KEKW＃849,1,20,3,7,0,False,True,3233,False,netplay
2024-02-02 18:30:41+00:00,8,LY＃863,2,25,1,KEKW＃849,1,2,2,7,2,False,True,9034,False,netplay
2024-02-02 18:33:22+00:00,28,LY＃863,2,3,1,KEKW＃849,1,2,2,7,0,False,True,12086,False,netplay
2024-02-02 18:39:26+00:00,3,LY＃863,2,16,0,KEKW＃849,1,4,3,2,,False,True,9869,False,netplay
2024-02-02 18:42:49+00:00,3,LY＃863,2,18,0,KEKW＃849,1,4,2,2,,False,True,12168,False,netplay
2024-02-02 18:46:28+00:00,32,LY＃863,2,2,2,KEKW＃849,1,4,4,7,0,False,True,5928,False,netplay
2024-02-02 18:48:15+00:00,2,LY＃863,2,2,3,KEKW＃849,1,2,4,7,2,False,True,4221,False,netplay
2024-02-02 18:49:38+00:00,31,LY＃863,2,9,0,KEKW＃849,1,2,2,2,,False,True,7951,False,netplay
2024-02-02 18:58:01+00:00,2,LY＃863,2,9,4,KEKW＃849,1,0,4,7,2,False,True,32,False,netplay
2024-02-02 18:58:21+00:00,8,LY＃863,2,2,0,KEKW＃849,1,0,3,2,,False,True,5029,False,netplay
2024-02-02 19:00:01+00:00,32,LY＃863,2,9,2,KEKW＃849,1,0,1,7,0,True,False,9141,False,netplay
2024-02-02 19:02:43+00:00,8,LY＃863,2,9,2,KEKW＃849,1,19,2,7,2,False,True,5985,False,netplay
2024-02-02 19:04:34+00:00,3,LY＃863,2,18,4,KEKW＃849,1,19,4,7,2,False,True,16,False,netplay
2024-02-02 19:04:43+00:00,3,LY＃863,2,19,0,KEKW＃849,1,19,3,2,,False,True,11135,False,netplay
2024-02-02 19:11:47+00:00,8,LY＃863,2,2,0,KEKW＃849,1,8,1,2,,False,True,12856,False,netplay
2024-02-02 19:15:36+00:00,2,LY＃863,2,15,4,KEKW＃849,1,8,4,7,0,False,True,2377,False,netplay
2024-02-02 19:16:29+00:00,2,LY＃863,2,15,0,KEKW＃849,1,20,2,2,,False,True,9412,False,netplay
2024-02-02 19:19:15+00:00,31,LY＃863,2,5,3,KEKW＃849,1,20,2,7,0,True,False,6131,False,netplay
2024-02-02 19:21:08+00:00,31,LY＃863,2,5,2,KEKW＃849,1,15,3,7,2,False,True,5404,False,netplay
2024-02-02 19:22:55+00:00,28,LY＃863,2,23,2,KEKW＃849,1,15,1,7,0,True,False,9664,False,netplay
2024-02-02 19:28:01+00:00,12,LY＃863,2,0,0,KEKW＃849,1,1,3,2,,False,True,4406,False,netplay
2024-02-02 19:29:36+00:00,28,LY＃863,2,20,0,KEKW＃849,1,1,2,2,,False,True,11901,False,netplay
2024-02-02 19:33:18+00:00,32,LY＃863,2,13,3,KEKW＃849,1,1,4,7,0,False,True,4283,False,netplay
2024-02-02 19:34:40+00:00,32,LY＃863,2,13,1,KEKW＃849,1,9,3,7,2,False,True,11423,False,netplay
2024-02-02 19:38:03+00:00,8,LY＃863,2,12,1,KEKW＃849,1,9,1,7,0,False,True,10706,False,netplay
2024-02-02 19:41:12+00:00,3,LY＃863,2,12,3,KEKW＃849,1,2,2,7,2,True,False,7344,False,netplay
2024-02-02 19:47:10+00:00,3,LY＃863,2,2,4,KEKW＃849,1,2,4,7,0,False,True,181,False,netplay
2024-02-02 19:47:24+00:00,28,LY＃863,2,2,2,KEKW＃849,1,10,0,2,,True,False,13612,False,netplay
2024-02-02 19:51:23+00:00,3,LY＃863,2,2,2,KEKW＃849,1,17,1,7,2,True,False,9597,False,netplay
2024-02-02 19:54:22+00:00,2,LY＃863,2,14,4,KEKW＃849,1,17,3,7,0,True,False,4133,False,netplay
2024-02-02 19:55:43+00:00,31,LY＃863,2,14,3,KEKW＃849,1,3,0,2,,True,False,15675,False,netplay
2024-02-02 20:00:15+00:00,15,LY＃863,2,14,4,KEKW＃849,1,11,4,7,0,False,True,1,False,netplay
2024-02-02 20:00:24+00:00,28,LY＃863,2,14,1,KEKW＃849,1,11,2,7,2,False,True,7507,False,netplay
2024-02-02 20:02:41+00:00,31,LY＃863,2,22,2,KEKW＃849,1,11,2,7,0,False,True,6779,False,netplay
2024-02-02 20:04:43+00:00,8,LY＃863,2,22,2,KEKW＃849,1,13,2,7,2,False,True,9591,False,netplay
2024-02-02 20:07:42+00:00,8,LY＃863,2,3,3,KEKW＃849,1,13,2,7,0,True,False,4324,False,netplay
2024-02-02 20:09:04+00:00,32,LY＃863,2,3,1,KEKW＃849,1,23,1,7,2,False,True,10618,False,netplay
2024-02-02 20:21:21+00:00,3,LY＃863,2,0,0,KEKW＃849,1,1,2,2,,False,True,12215,False,netplay
2024-02-02 20:25:01+00:00,32,LY＃863,2,2,3,KEKW＃849,1,1,3,7,0,True,False,8390,False,netplay
2024-02-02 20:27:33+00:00,2,LY＃863,2,2,2,KEKW＃849,1,0,3,7,2,False,True,11703,False,netplay
2024-02-02 20:31:39+00:00,28,LY＃863,2,16,3,KEKW＃849,1,0,1,7,0,True,False,8029,False,netplay
2024-02-02 20:34:03+00:00,31,LY＃863,2,16,2,KEKW＃849,1,2,2,7,2,False,True,8833,False,netplay
2024-02-02 20:36:43+00:00,2,LY＃863,2,4,4,KEKW＃849,1,2,2,7,0,True,False,2850,False,netplay
2024-02-02 20:40:22+00:00,2,LY＃863,2,24,1,KEKW＃849,1,10,0,2,,True,False,11284,False,netplay
2024-02-02 20:43:44+00:00,8,LY＃863,2,24,3,KEKW＃849,1,15,4,7,2,False,True,2140,False,netplay
2024-02-02 20:44:33+00:00,31,LY＃863,2,25,0,KEKW＃849,1,15,1,2,,False,True,10626,False,netplay
2024-02-02 20:47:42+00:00,8,LY＃863,2,11,3,KEKW＃849,1,15,3,7,0,True,False,3203,False,netplay
2024-02-02 20:48:43+00:00,28,LY＃863,2,11,0,KEKW＃849,1,2,3,2,,False,True,10928,False,netplay
2024-02-02 20:51:58+00:00,32,LY＃863,2,9,0,KEKW＃849,1,2,3,2,,False,True,8023,False,netplay
2024-02-02 20:57:00+00:00,2,LY＃863,2,15,0,KEKW＃849,1,17,3,2,,False,True,12503,False,netplay
2024-02-02 21:01:12+00:00,3,LY＃863,2,24,0,KEKW＃849,1,17,2,2,,False,True,12675,False,netplay
2024-02-02 21:05:25+00:00,28,LY＃863,2,13,4,KEKW＃849,1,17,3,7,0,True,False,6865,False,netplay
2024-02-02 21:07:32+00:00,3,LY＃863,2,13,0,KEKW＃849,1,20,2,2,,False,True,13796,False,netplay
2024-02-02 21:11:37+00:00,31,LY＃863,2,19,1,KEKW＃849,1,20,2,7,0,False,True,9292,False,netplay
2024-02-02 21:14:25+00:00,32,LY＃863,2,19,3,KEKW＃849,1,2,4,7,2,False,True,2423,False,netplay
2024-02-02 21:17:26+00:00,2,LY＃863,2,2,0,KEKW＃849,1,7,2,2,,False,True,8749,False,netplay
2024-02-02 21:20:09+00:00,28,LY＃863,2,9,4,KEKW＃849,1,7,2,7,0,True,False,5157,False,netplay
2024-02-02 21:21:45+00:00,31,LY＃863,2,9,3,KEKW＃849,1,0,0,2,,True,False,3273,False,netplay
2024-02-02 21:23:18+00:00,2,LY＃863,2,9,1,KEKW＃849,1,15,4,7,2,False,True,4864,False,netplay
2024-02-02 21:25:36+00:00,3,LY＃863,2,19,0,KEKW＃849,1,15,3,2,,False,True,8586,False,netplay
2024-02-02 21:30:04+00:00,8,LY＃863,2,17,4,KEKW＃849,1,15,4,7,0,False,True,1,False,netplay
2024-02-02 21:30:13+00:00,6,LY＃863,2,17,4,KEKW＃849,1,2,4,7,0,False,True,9,False,netplay
2024-02-02 21:30:20+00:00,28,LY＃863,2,17,0,KEKW＃849,1,2,3,2,,False,True,8381,False,netplay
2024-02-02 21:32:56+00:00,32,LY＃863,2,18,0,KEKW＃849,1,2,2,2,,False,True,8286,False,netplay
2024-02-02 21:35:32+00:00,31,LY＃863,2,2,2,KEKW＃849,1,2,3,7,0,False,True,6958,False,netplay
2024-02-02 21:37:38+00:00,32,LY＃863,2,2,3,KEKW＃849,1,15,4,7,2,False,True,2808,False,netplay
2024-02-02 21:38:38+00:00,28,LY＃863,2,4,0,KEKW＃849,1,15,2,2,,False,True,15180,False,netplay
2024-02-02 21:43:03+00:00,32,LY＃863,2,13,2,KEKW＃849,1,15,2,7,0,False,True,7843,False,netplay
2024-02-02 22:05:45+00:00,8,LY＃863,2,15,0,KEKW＃849,1,25,4,2,,False,True,9332,False,netplay
2024-02-02 22:09:05+00:00,31,LY＃863,2,16,0,KEKW＃849,1,25,4,2,,False,True,8111,False,netplay
2024-02-02 22:12:07+00:00,2,LY＃863,2,6,0,KEKW＃849,1,25,3,2,,False,True,11995,False,netplay
2024-02-02 22:16:15+00:00,8,LY＃863,2,21,0,KEKW＃849,1,25,2,2,,False,True,10749,False,netplay
2024-02-02 22:24:16+00:00,3,LY＃863,2,0,0,KEKW＃849,1,23,2,2,,False,True,9367,False,netplay
2024-02-02 22:27:04+00:00,32,LY＃863,2,7,0,KEKW＃849,1,23,3,2,,False,True,12134,False,netplay
2024-02-02 22:31:22+00:00,28,LY＃863,2,8,4,KEKW＃849,1,23,3,7,0,True,False,2850,False,netplay
2024-02-02 22:32:20+00:00,3,LY＃863,2,8,0,KEKW＃849,1,20,3,2,,False,True,10040,False,netplay
2024-02-02 22:35:33+00:00,3,LY＃863,2,22,0,KEKW＃849,1,20,3,2,,False,True,8531,False,netplay
2024-02-02 22:40:49+00:00,8,LY＃863,2,17,0,KEKW＃849,1,18,1,2,,False,True,11975,False,netplay
2024-02-02 22:44:21+00:00,31,LY＃863,2,3,3,KEKW＃849,1,18,4,7,0,False,True,5629,False,netplay
2024-02-02 22:46:08+00:00,2,LY＃863,2,3,2,KEKW＃849,1,19,0,2,,True,False,11058,False,netplay
2024-02-02 22:49:24+00:00,28,LY＃863,2,3,4,KEKW＃849,1,20,4,7,2,False,True,1494,False,netplay
2024-02-02 22:50:00+00:00,2,LY＃863,2,12,3,KEKW＃849,1,20,0,2,,True,False,5801,False,netplay
2024-02-02 22:53:22+00:00,31,LY＃863,2,24,0,KEKW＃849,1,10,2,2,,False,True,14103,False,netplay
2024-02-02 22:57:50+00:00,32,LY＃863,2,12,3,KEKW＃849,1,10,3,7,0,False,True,8228,False,netplay
2024-02-02 23:00:18+00:00,32,LY＃863,2,12,1,KEKW＃849,1,9,1,7,2,False,True,12182,False,netplay
2024-02-02 23:03:54+00:00,8,LY＃863,2,9,3,KEKW＃849,1,9,3,7,0,False,True,2291,False,netplay
2024-02-02 23:04:41+00:00,8,LY＃863,2,9,2,KEKW＃849,1,2,3,7,2,False,True,5505,False,netplay
2024-02-02 23:09:20+00:00,3,LY＃863,2,6,0,KEKW＃849,1,15,3,2,,False,True,11436,False,netplay
2024-02-02 23:12:46+00:00,2,LY＃863,2,9,0,KEKW＃849,1,15,2,2,,False,True,10314,False,netplay
2024-02-02 23:15:53+00:00,28,LY＃863,2,12,3,KEKW＃849,1,15,3,7,0,False,True,7900,False,netplay
2024-02-02 23:18:13+00:00,3,LY＃863,2,12,2,KEKW＃849,1,2,3,7,2,False,True,8515,False,netplay
2024-02-02 23:24:59+00:00,31,LY＃863,2,16,1,KEKW＃849,1,16,0,2,,True,False,16597,False,netplay
2024-02-02 23:29:49+00:00,3,LY＃863,2,16,3,KEKW＃849,1,20,3,7,2,False,True,6381,False,netplay
2024-02-02 23:31:48+00:00,32,LY＃863,2,9,1,KEKW＃849,1,20,1,7,0,False,True,9789,False,netplay
2024-02-02 23:34:42+00:00,28,LY＃863,2,9,4,KEKW＃849,1,2,2,7,2,True,False,2400,False,netplay
2024-02-02 23:35:35+00:00,28,LY＃863,2,12,0,KEKW＃849,1,2,3,2,,False,True,13334,False,netplay
2024-02-02 23:40:28+00:00,3,LY＃863,2,2,0,KEKW＃849,1,15,3,2,,False,True,8744,False,netplay
2024-02-02 23:43:07+00:00,31,LY＃863,2,9,0,KEKW＃849,1,15,3,2,,False,True,10597,False,netplay
2024-02-02 23:46:22+00:00,8,LY＃863,2,19,0,KEKW＃849,1,15,3,2,,False,True,6214,False,netplay
2024-02-02 23:50:47+00:00,2,LY＃863,2,20,2,KEKW＃849,1,10,0,2,,True,False,10947,False,netplay
2024-02-02 23:54:06+00:00,8,LY＃863,2,20,2,KEKW＃849,1,19,3,7,2,False,True,4596,False,netplay
2024-02-02 23:55:32+00:00,28,LY＃863,2,18,4,KEKW＃849,1,19,4,7,2,False,True,1,False,netplay
2024-02-02 23:55:41+00:00,31,LY＃863,2,19,2,KEKW＃849,1,19,1,7,0,True,False,13567,False,netplay
2024-02-02 23:59:36+00:00,2,LY＃863,2,19,3,KEKW＃849,1,2,4,7,2,False,True,4124,False,netplay
2024-02-03 00:00:56+00:00,8,LY＃863,2,9,0,KEKW＃849,1,2,3,2,,False,True,7828,False,netplay
2024-02-03 00:06:10+00:00,32,LY＃863,2,6,0,KEKW＃849,1,25,2,2,,False,True,11110,False,netplay
2024-02-03 00:09:33+00:00,3,LY＃863,2,16,2,KEKW＃849,1,25,2,7,0,False,True,7482,False,netplay
2024-02-03 00:11:49+00:00,32,LY＃863,2,16,2,KEKW＃849,1,0,4,7,2,False,True,5887,False,netplay
2024-02-03 00:13:40+00:00,2,LY＃863,2,8,1,KEKW＃849,1,0,0,2,,True,False,13061,False,netplay
2024-02-03 00:18:03+00:00,31,LY＃863,2,8,3,KEKW＃849,1,12,4,7,2,False,True,703,False,netplay
2024-02-03 00:18:24+00:00,8,LY＃863,2,20,0,KEKW＃849,1,12,2,2,,False,True,8453,False,netplay
2024-02-03 00:20:58+00:00,32,LY＃863,2,19,0,KEKW＃849,1,12,3,2,,False,True,8052,False,netplay
2024-02-03 00:30:17+00:00,28,LY＃863,2,3,0,KEKW＃849,1,16,2,2,,False,True,11396,False,netplay
2024-02-03 00:33:53+00:00,31,LY＃863,2,23,2,KEKW＃849,1,16,2,7,0,True,False,5361,False,netplay
2024-02-03 00:37:02+00:00,32,LY＃863,2,23,2,KEKW＃849,1,20,4,7,2,False,True,5277,False,netplay
2024-02-03 00:38:43+00:00,2,LY＃863,2,19,1,KEKW＃849,1,20,0,2,,True,False,10490,False,netplay
2024-02-03 00:41:52+00:00,31,LY＃863,2,19,4,KEKW＃849,1,2,4,7,2,False,True,843,False,netplay
2024-02-03 00:43:50+00:00,15,LY＃863,2,13,4,KEKW＃849,1,3,4,7,2,False,True,37,False,netplay
2024-02-03 00:43:58+00:00,3,LY＃863,2,13,3,KEKW＃849,1,3,0,2,,True,False,14110,False,netplay
2024-02-03 00:48:08+00:00,28,LY＃863,2,13,2,KEKW＃849,1,17,2,7,2,False,True,12630,False,netplay
2024-02-03 00:52:01+00:00,3,LY＃863,2,23,4,KEKW＃849,1,17,4,7,2,False,True,749,False,netplay
2024-02-03 00:52:24+00:00,8,LY＃863,2,19,3,KEKW＃849,1,17,2,7,0,True,False,6241,False,netplay
2024-02-03 00:54:19+00:00,8,LY＃863,2,19,2,KEKW＃849,1,24,0,2,,True,False,9556,False,netplay
2024-02-03 00:57:11+00:00,2,LY＃863,2,19,3,KEKW＃849,1,11,2,7,2,True,False,6392,False,netplay
2024-02-03 00:59:22+00:00,2,LY＃863,2,23,3,KEKW＃849,1,11,2,7,0,True,False,5660,False,netplay
2024-02-03 01:01:05+00:00,15,LY＃863,2,23,4,KEKW＃849,1,4,4,7,0,False,True,1,False,netplay
2024-02-03 01:01:14+00:00,3,LY＃863,2,23,1,KEKW＃849,1,4,2,7,2,False,True,8081,False,netplay
2024-02-03 01:05:10+00:00,31,LY＃863,2,3,0,KEKW＃849,1,15,3,2,,False,True,7518,False,netplay
2024-02-03 01:07:38+00:00,28,LY＃863,2,20,0,KEKW＃849,1,15,3,2,,False,True,10869,False,netplay
2024-02-03 01:10:55+00:00,32,LY＃863,2,23,0,KEKW＃849,1,15,3,2,,False,True,10413,False,netplay
2024-02-03 01:14:36+00:00,31,LY＃863,2,19,3,KEKW＃849,1,15,4,7,0,False,True,4336,False,netplay
2024-02-03 01:15:58+00:00,28,LY＃863,2,19,1,KEKW＃849,1,2,2,7,2,False,True,8916,False,netplay
2024-02-05 19:42:13+00:00,8,LY＃863,1,3,0,KEKW＃849,2,20,3,2,,False,True,9907,False,netplay
2024-02-05 19:45:11+00:00,3,LY＃863,1,3,0,KEKW＃849,2,20,2,2,,False,True,11205,False,netplay
2024-02-05 19:48:39+00:00,31,LY＃863,1,19,1,KEKW＃849,2,0,0,2,,True,False,18420,False,netplay
2024-02-05 19:54:08+00:00,28,LY＃863,1,19,0,KEKW＃849,2,20,2,2,,False,True,8444,False,netplay
2024-02-05 19:56:38+00:00,2,LY＃863,1,19,0,KEKW＃849,2,20,1,2,,False,True,12086,False,netplay
2024-02-05 20:00:09+00:00,28,LY＃863,1,19,0,KEKW＃849,2,20,2,2,,False,True,10375,False,netplay
2024-02-05 20:03:13+00:00,32,LY＃863,1,19,1,KEKW＃849,2,20,0,2,,True,False,10433,False,netplay
2024-02-05 20:06:22+00:00,31,LY＃863,1,19,0,KEKW＃849,2,2,2,2,,False,True,12078,False,netplay
2024-02-05 20:10:58+00:00,8,LY＃863,1,3,0,KEKW＃849,2,2,3,2,,False,True,8997,False,netplay
2024-02-05 20:13:41+00:00,32,LY＃863,1,20,1,KEKW＃849,2,2,1,7,2,True,False,12851,False,netplay
2024-02-05 20:17:23+00:00,8,LY＃863,1,20,4,KEKW＃849,2,15,4,7,0,True,False,2092,False,netplay
2024-02-05 20:18:19+00:00,8,LY＃863,1,23,0,KEKW＃849,2,15,3,2,,False,True,8950,False,netplay
2024-02-05 20:21:00+00:00,31,LY＃863,1,19,0,KEKW＃849,2,15,2,2,,False,True,9100,False,netplay
2024-02-05 20:26:26+00:00,3,LY＃863,1,16,0,KEKW＃849,2,18,3,2,,False,True,10872,False,netplay
2024-02-05 20:30:32+00:00,28,LY＃863,1,8,0,KEKW＃849,2,18,2,2,,False,True,9841,False,netplay
2024-02-05 20:33:29+00:00,2,LY＃863,1,4,1,KEKW＃849,2,18,3,7,2,False,True,6384,False,netplay
2024-02-05 20:35:25+00:00,32,LY＃863,1,4,3,KEKW＃849,2,20,4,7,0,False,True,5967,False,netplay
2024-02-05 20:37:17+00:00,3,LY＃863,1,25,0,KEKW＃849,2,20,3,2,,False,True,8462,False,netplay
2024-02-05 20:39:48+00:00,2,LY＃863,1,3,0,KEKW＃849,2,20,3,2,,False,True,8429,False,netplay
2024-02-05 20:44:00+00:00,8,LY＃863,1,17,2,KEKW＃849,2,11,0,2,,True,False,10805,False,netplay
2024-02-05 20:48:00+00:00,3,LY＃863,1,17,2,KEKW＃849,2,19,3,7,0,False,True,11025,False,netplay
2024-02-05 20:51:33+00:00,32,LY＃863,1,15,0,KEKW＃849,2,19,3,2,,False,True,11657,False,netplay
2024-02-05 20:55:13+00:00,31,LY＃863,1,4,2,KEKW＃849,2,19,2,7,2,False,True,13491,False,netplay
2024-02-05 20:59:09+00:00,2,LY＃863,1,4,2,KEKW＃849,2,9,4,7,0,False,True,5332,False,netplay
2024-02-05 21:00:55+00:00,28,LY＃863,1,13,2,KEKW＃849,2,9,0,2,,True,False,11688,False,netplay
2024-02-05 21:10:50+00:00,12,LY＃863,1,0,0,KEKW＃849,2,1,3,2,,False,True,7475,False,netplay
2024-02-05 21:13:35+00:00,2,LY＃863,1,2,1,KEKW＃849,2,1,1,7,2,True,False,13147,False,netplay
2024-02-05 21:17:43+00:00,3,LY＃863,1,2,4,KEKW＃849,2,0,4,7,0,True,False,3677,False,netplay
2024-02-05 21:18:59+00:00,3,LY＃863,1,22,1,KEKW＃849,2,0,0,2,,True,False,16498,False,netplay
2024-02-05 21:24:01+00:00,28,LY＃863,1,22,3,KEKW＃849,2,2,4,7,0,False,True,2609,False,netplay
2024-02-05 21:24:56+00:00,28,LY＃863,1,12,1,KEKW＃849,2,2,2,7,0,False,True,18343,False,netplay
2024-02-05 21:32:12+00:00,31,LY＃863,1,6,0,KEKW＃849,2,2,2,2,,False,True,13188,False,netplay
2024-02-05 21:37:05+00:00,32,LY＃863,1,17,1,KEKW＃849,2,2,2,7,2,False,True,10530,False,netplay
2024-02-05 21:40:37+00:00,2,LY＃863,1,8,4,KEKW＃849,2,15,4,7,0,True,False,112,False,netplay
2024-02-05 21:40:50+00:00,2,LY＃863,1,17,2,KEKW＃849,2,15,4,7,0,False,True,1747,False,netplay
2024-02-05 21:41:46+00:00,8,LY＃863,1,8,0,KEKW＃849,2,15,3,2,,False,True,6754,False,netplay
2024-02-05 21:44:00+00:00,32,LY＃863,1,23,0,KEKW＃849,2,15,3,2,,False,True,8387,False,netplay
2024-02-05 21:46:32+00:00,3,LY＃863,1,19,3,KEKW＃849,2,15,3,7,2,True,False,5390,False,netplay
2024-02-05 21:50:23+00:00,32,LY＃863,1,7,0,KEKW＃849,2,8,1,2,,False,True,16343,False,netplay
2024-02-05 21:55:19+00:00,28,LY＃863,1,16,3,KEKW＃849,2,8,3,7,2,True,False,3416,False,netplay
2024-02-05 21:56:37+00:00,31,LY＃863,1,16,1,KEKW＃849,2,20,1,7,0,False,True,7513,False,netplay
2024-02-05 21:58:55+00:00,2,LY＃863,1,21,3,KEKW＃849,2,20,3,7,2,True,False,3519,False,netplay
2024-02-05 22:00:02+00:00,8,LY＃863,1,21,1,KEKW＃849,2,2,3,7,0,False,True,5074,False,netplay
2024-02-05 22:01:41+00:00,31,LY＃863,1,19,0,KEKW＃849,2,2,4,2,,False,True,8404,False,netplay
2024-02-05 22:07:39+00:00,8,LY＃863,1,16,0,KEKW＃849,2,11,1,2,,False,True,11864,False,netplay
2024-02-05 22:11:21+00:00,31,LY＃863,1,2,3,KEKW＃849,2,11,4,7,2,False,True,3273,False,netplay
2024-02-05 22:12:26+00:00,31,LY＃863,1,2,1,KEKW＃849,2,23,3,7,0,False,True,4818,False,netplay
2024-02-05 22:13:59+00:00,28,LY＃863,1,3,0,KEKW＃849,2,23,3,2,,False,True,8088,False,netplay
2024-02-05 22:16:30+00:00,32,LY＃863,1,20,4,KEKW＃849,2,23,2,7,2,True,False,6203,False,netplay
2024-02-05 22:18:24+00:00,28,LY＃863,1,20,0,KEKW＃849,2,0,1,2,,False,True,13488,False,netplay
2024-02-05 22:22:27+00:00,2,LY＃863,1,19,4,KEKW＃849,2,0,3,7,2,True,False,2183,False,netplay
2024-02-05 22:24:12+00:00,32,LY＃863,1,19,2,KEKW＃849,2,25,0,2,,True,False,11427,False,netplay
2024-02-05 22:28:57+00:00,8,LY＃863,2,19,4,KEKW＃849,1,10,4,7,2,False,True,9,False,netplay
2024-02-05 22:30:20+00:00,8,LY＃863,2,17,0,KEKW＃849,1,10,1,2,,False,True,14340,False,netplay
2024-02-05 22:34:33+00:00,3,LY＃863,2,19,4,KEKW＃849,1,10,4,7,0,False,True,1933,False,netplay
2024-02-05 22:35:15+00:00,3,LY＃863,2,19,0,KEKW＃849,1,15,2,2,,False,True,18029,False,netplay
2024-02-05 22:40:27+00:00,8,LY＃863,2,6,4,KEKW＃849,1,15,4,7,2,False,True,6,False,netplay
2024-02-05 22:40:35+00:00,31,LY＃863,2,21,0,KEKW＃849,1,15,4,2,,False,True,3730,False,netplay
2024-02-05 22:41:49+00:00,28,LY＃863,2,9,0,KEKW＃849,1,15,3,2,,False,True,10546,False,netplay
2024-02-05 22:48:30+00:00,32,LY＃863,2,19,0,KEKW＃849,1,24,2,2,,False,True,10988,False,netplay
2024-02-05 22:51:45+00:00,2,LY＃863,2,13,3,KEKW＃849,1,24,3,7,0,False,True,6366,False,netplay
2024-02-05 22:54:07+00:00,8,LY＃863,2,13,2,KEKW＃849,1,20,3,7,2,False,True,7211,False,netplay
2024-02-05 22:56:17+00:00,3,LY＃863,2,12,1,KEKW＃849,1,20,1,7,0,False,True,13703,False,netplay
2024-02-05 23:00:13+00:00,2,LY＃863,2,12,3,KEKW＃849,1,2,4,7,2,False,True,587,False,netplay
2024-02-05 23:04:04+00:00,3,LY＃863,2,17,0,KEKW＃849,1,25,2,2,,False,True,12814,False,netplay
2024-02-05 23:07:49+00:00,32,LY＃863,2,19,2,KEKW＃849,1,25,2,7,0,False,True,8992,False,netplay
2024-02-05 23:10:31+00:00,28,LY＃863,2,19,1,KEKW＃849,1,20,3,7,2,False,True,8929,False,netplay
2024-02-05 23:13:13+00:00,8,LY＃863,2,13,1,KEKW＃849,1,20,1,7,0,False,True,7887,False,netplay
2024-02-05 23:15:34+00:00,3,LY＃863,2,13,4,KEKW＃849,1,2,4,7,2,False,True,2012,False,netplay
2024-02-05 23:16:18+00:00,31,LY＃863,2,9,0,KEKW＃849,1,2,2,2,,False,True,12966,False,netplay
2024-02-05 23:22:25+00:00,28,LY＃863,2,19,0,KEKW＃849,1,2,2,2,,False,True,7440,False,netplay
2024-02-05 23:24:37+00:00,2,LY＃863,2,19,0,KEKW＃849,1,2,1,2,,False,True,9856,False,netplay
2024-02-05 23:27:30+00:00,32,LY＃863,2,19,0,KEKW＃849,1,2,3,2,,False,True,9534,False,netplay
2024-02-05 23:30:18+00:00,2,LY＃863,2,19,0,KEKW＃849,1,2,2,2,,False,True,8904,False,netplay
2024-02-05 23:32:55+00:00,28,LY＃863,2,19,0,KEKW＃849,1,2,2,2,,False,True,13074,False,netplay
2024-02-05 23:36:42+00:00,3,LY＃863,2,19,0,KEKW＃849,1,2,1,2,,False,True,12238,False,netplay
2024-02-05 23:40:15+00:00,31,LY＃863,2,19,0,KEKW＃849,1,2,1,2,,False,True,10699,False,netplay
2024-02-05 23:43:21+00:00,8,LY＃863,2,19,0,KEKW＃849,1,2,2,2,,False,True,9106,False,netplay
2024-02-05 23:46:01+00:00,28,LY＃863,2,19,4,KEKW＃849,1,2,4,7,2,False,True,10,False,netplay
2024-02-05 23:46:08+00:00,2,LY＃863,2,19,0,KEKW＃849,1,2,2,2,,False,True,9295,False,netplay
2024-02-05 23:48:51+00:00,8,LY＃863,2,19,0,KEKW＃849,1,2,1,2,,False,True,7331,False,netplay
2024-02-05 23:51:02+00:00,3,LY＃863,2,19,0,KEKW＃849,1,2,3,2,,False,True,8978,False,netplay
2024-02-05 23:53:40+00:00,31,LY＃863,2,19,0,KEKW＃849,1,2,1,2,,False,True,11748,False,netplay
2024-02-05 23:57:05+00:00,32,LY＃863,2,19,0,KEKW＃849,1,2,2,2,,False,True,12069,False,netplay
2024-02-06 00:00:35+00:00,3,LY＃863,2,19,0,KEKW＃849,1,2,1,2,,False,True,11054,False,netplay
2024-02-06 00:03:48+00:00,2,LY＃863,2,19,2,KEKW＃849,1,2,0,2,,True,False,11765,False,netplay
2024-02-06 00:07:12+00:00,8,LY＃863,2,19,1,KEKW＃849,1,2,0,2,,True,False,9817,False,netplay
2024-02-06 00:10:04+00:00,31,LY＃863,2,19,0,KEKW＃849,1,2,1,2,,False,True,14177,False,netplay
2024-02-06 00:14:12+00:00,8,LY＃863,2,19,0,KEKW＃849,1,2,1,2,,False,True,15734,False,netplay
2024-02-06 00:18:43+00:00,28,LY＃863,2,19,0,KEKW＃849,1,2,1,2,,False,True,14661,False,netplay
2024-02-06 00:22:56+00:00,32,LY＃863,2,19,0,KEKW＃849,1,2,2,2,,False,True,7129,False,netplay
2024-02-06 00:25:03+00:00,31,LY＃863,2,19,0,KEKW＃849,1,2,1,2,,False,True,10311,False,netplay
2024-02-06 00:28:03+00:00,28,LY＃863,2,19,1,KEKW＃849,1,2,0,2,,True,False,15707,False,netplay
2024-02-08 17:08:27+00:00,31,LY＃863,1,3,0,KEKW＃849,2,20,4,2,,False,True,6830,False,netplay
2024-02-08 17:10:30+00:00,8,LY＃863,1,3,0,KEKW＃849,2,20,2,2,,False,True,8466,False,netplay
2024-02-08 17:13:04+00:00,28,LY＃863,1,13,0,KEKW＃849,2,2,1,2,,False,True,23489,False,netplay
2024-02-08 17:19:49+00:00,2,LY＃863,1,20,0,KEKW＃849,2,15,1,2,,False,True,14423,False,netplay
2024-02-08 17:24:02+00:00,32,LY＃863,1,19,0,KEKW＃849,2,15,2,2,,False,True,14377,False,netplay
2024-02-08 17:28:16+00:00,31,LY＃863,1,9,0,KEKW＃849,2,2,1,2,,False,True,6531,False,netplay
2024-02-08 17:30:18+00:00,3,LY＃863,1,19,1,KEKW＃849,2,2,0,2,,True,False,11719,False,netplay
2024-02-08 17:33:42+00:00,28,LY＃863,1,19,1,KEKW＃849,2,2,0,2,,True,False,16604,False,netplay
2024-02-08 17:38:27+00:00,2,LY＃863,1,19,0,KEKW＃849,2,2,1,2,,False,True,8351,False,netplay
2024-02-08 17:40:57+00:00,8,LY＃863,1,19,0,KEKW＃849,2,2,3,2,,False,True,5645,False,netplay
2024-02-08 17:43:11+00:00,28,LY＃863,1,19,0,KEKW＃849,2,2,1,2,,False,True,12523,False,netplay
2024-02-08 17:50:47+00:00,32,LY＃863,1,17,0,KEKW＃849,2,11,2,2,,False,True,16323,False,netplay
2024-02-08 17:55:35+00:00,2,LY＃863,1,0,2,KEKW＃849,2,11,2,7,2,True,False,9857,False,netplay
2024-02-08 17:58:29+00:00,8,LY＃863,1,0,2,KEKW＃849,2,2,1,7,0,True,False,5461,False,netplay
2024-02-08 18:00:18+00:00,31,LY＃863,1,19,4,KEKW＃849,2,2,3,7,2,True,False,1091,False,netplay
2024-02-08 18:00:47+00:00,32,LY＃863,1,19,0,KEKW＃849,2,15,3,2,,False,True,8441,False,netplay
2024-02-08 18:03:20+00:00,8,LY＃863,1,22,1,KEKW＃849,2,15,1,7,2,True,False,11844,False,netplay
2024-02-08 18:08:02+00:00,31,LY＃863,1,24,1,KEKW＃849,2,10,0,2,,True,False,13470,False,netplay
2024-02-08 18:11:57+00:00,3,LY＃863,1,24,3,KEKW＃849,2,2,4,7,0,False,True,2166,False,netplay
2024-02-08 18:12:47+00:00,32,LY＃863,1,21,0,KEKW＃849,2,2,2,2,,False,True,11750,False,netplay
2024-02-08 18:16:13+00:00,3,LY＃863,1,3,3,KEKW＃849,2,2,2,7,2,True,False,3389,False,netplay
2024-02-08 18:17:20+00:00,31,LY＃863,1,3,1,KEKW＃849,2,15,2,7,0,False,True,9231,False,netplay
2024-02-08 18:20:04+00:00,31,LY＃863,1,7,0,KEKW＃849,2,15,3,2,,False,True,10147,False,netplay
2024-02-08 18:23:05+00:00,2,LY＃863,1,13,3,KEKW＃849,2,15,3,7,2,True,False,3516,False,netplay
2024-02-08 18:26:45+00:00,32,LY＃863,1,13,0,KEKW＃849,2,2,3,2,,False,True,14434,False,netplay
2024-02-08 18:30:56+00:00,28,LY＃863,1,19,0,KEKW＃849,2,2,1,2,,False,True,17592,False,netplay
2024-02-08 18:36:00+00:00,2,LY＃863,1,13,0,KEKW＃849,2,2,4,2,,False,True,8734,False,netplay
2024-02-08 18:38:36+00:00,31,LY＃863,1,12,0,KEKW＃849,2,2,2,2,,False,True,9519,False,netplay
2024-02-08 18:41:42+00:00,2,LY＃863,1,20,0,KEKW＃849,2,2,3,2,,False,True,11234,False,netplay
2024-02-08 18:45:03+00:00,28,LY＃863,1,9,0,KEKW＃849,2,2,1,2,,False,True,14954,False,netplay
2024-02-08 18:49:47+00:00,8,LY＃863,1,22,0,KEKW＃849,2,2,2,2,,False,True,8949,False,netplay
2024-02-08 18:52:37+00:00,32,LY＃863,1,19,1,KEKW＃849,2,2,0,2,,True,False,12989,False,netplay
2024-02-08 18:56:29+00:00,3,LY＃863,1,9,0,KEKW＃849,2,2,2,2,,False,True,11286,False,netplay
2024-02-08 18:59:51+00:00,28,LY＃863,1,9,2,KEKW＃849,2,2,0,2,,True,False,8197,False,netplay
2024-02-08 19:02:18+00:00,28,LY＃863,1,19,4,KEKW＃849,2,2,4,7,0,True,False,10,False,netplay
2024-02-08 19:02:25+00:00,32,LY＃863,1,19,0,KEKW＃849,2,2,1,2,,False,True,15886,False,netplay
2024-02-08 19:07:16+00:00,3,LY＃863,1,20,0,KEKW＃849,2,2,1,2,,False,True,13765,False,netplay
2024-02-08 19:11:32+00:00,2,LY＃863,1,0,0,KEKW＃849,2,2,3,2,,False,True,11228,False,netplay
2024-02-08 19:14:48+00:00,31,LY＃863,1,0,0,KEKW＃849,2,20,2,2,,False,True,10228,False,netplay
2024-02-08 19:17:48+00:00,8,LY＃863,1,0,0,KEKW＃849,2,0,1,2,,False,True,9402,False,netplay
2024-02-08 19:20:36+00:00,8,LY＃863,1,0,0,KEKW＃849,2,9,3,2,,False,True,6123,False,netplay
2024-02-08 19:22:49+00:00,28,LY＃863,1,16,0,KEKW＃849,2,2,3,2,,False,True,13439,False,netplay
2024-02-08 19:26:48+00:00,32,LY＃863,1,16,0,KEKW＃849,2,16,1,2,,False,True,13062,False,netplay
2024-02-08 19:30:40+00:00,31,LY＃863,1,19,3,KEKW＃849,2,3,0,2,,True,False,9056,False,netplay
2024-02-08 19:33:24+00:00,2,LY＃863,1,12,0,KEKW＃849,2,2,2,2,,False,True,12633,False,netplay
2024-02-08 19:37:05+00:00,3,LY＃863,1,9,0,KEKW＃849,2,2,2,2,,False,True,11932,False,netplay
2024-02-08 19:40:51+00:00,2,LY＃863,1,3,0,KEKW＃849,2,2,3,2,,False,True,8812,False,netplay
2024-02-08 19:43:43+00:00,3,LY＃863,1,19,0,KEKW＃849,2,14,3,2,,False,True,9600,False,netplay
2024-02-08 19:46:44+00:00,8,LY＃863,1,19,1,KEKW＃849,2,19,0,2,,True,False,11598,False,netplay
2024-02-08 19:50:13+00:00,8,LY＃863,1,19,0,KEKW＃849,2,15,2,2,,False,True,10081,False,netplay
2024-02-08 19:53:11+00:00,28,LY＃863,1,19,0,KEKW＃849,2,2,2,2,,False,True,9353,False,netplay
2024-02-08 19:55:56+00:00,32,LY＃863,1,19,0,KEKW＃849,2,2,3,2,,False,True,5218,False,netplay
2024-02-08 19:57:33+00:00,31,LY＃863,1,19,0,KEKW＃849,2,2,2,2,,False,True,5927,False,netplay
2024-02-08 19:59:20+00:00,2,LY＃863,1,19,0,KEKW＃849,2,2,1,2,,False,True,7748,False,netplay
2024-02-08 20:01:40+00:00,3,LY＃863,1,19,0,KEKW＃849,2,2,2,2,,False,True,10558,False,netplay
2024-02-08 20:04:45+00:00,2,LY＃863,1,19,0,KEKW＃849,2,2,2,2,,False,True,10013,False,netplay
2024-02-08 20:07:40+00:00,31,LY＃863,1,19,0,KEKW＃849,2,2,2,2,,False,True,7362,False,netplay
2024-02-08 20:09:55+00:00,28,LY＃863,1,19,0,KEKW＃849,2,2,3,2,,False,True,7855,False,netplay
2024-02-08 20:12:16+00:00,8,LY＃863,1,19,0,KEKW＃849,2,20,2,2,,False,True,7230,False,netplay
2024-02-08 20:14:31+00:00,32,LY＃863,1,19,0,KEKW＃849,2,9,0,2,,False,True,15502,False,netplay
2024-02-08 20:19:40+00:00,3,LY＃863,1,19,0,KEKW＃849,2,2,4,2,,False,True,9090,False,netplay
2024-02-08 20:22:20+00:00,2,LY＃863,1,19,0,KEKW＃849,2,2,2,2,,False,True,8346,False,netplay
2024-02-08 20:24:54+00:00,32,LY＃863,1,19,0,KEKW＃849,2,2,3,2,,False,True,8208,False,netplay
2024-02-08 20:27:21+00:00,8,LY＃863,1,19,0,KEKW＃849,2,2,3,2,,False,True,7464,False,netplay
2024-02-08 20:29:34+00:00,28,LY＃863,1,19,0,KEKW＃849,2,2,2,2,,False,True,11429,False,netplay
2024-02-08 20:32:55+00:00,31,LY＃863,1,19,0,KEKW＃849,2,2,1,2,,False,True,7491,False,netplay
2024-02-08 20:35:09+00:00,32,LY＃863,1,19,0,KEKW＃849,2,2,3,2,,False,True,6552,False,netplay
2024-02-08 20:37:12+00:00,8,LY＃863,1,19,0,KEKW＃849,2,2,1,2,,False,True,10217,False,netplay
2024-02-13 18:53:31+00:00,2,LY＃863,1,3,0,KEKW＃849,2,0,1,2,,False,True,9917,False,netplay
2024-02-13 18:56:51+00:00,8,LY＃863,1,16,0,KEKW＃849,2,0,2,2,,False,True,9194,False,netplay
2024-02-13 18:59:35+00:00,2,LY＃863,1,16,1,KEKW＃849,2,0,0,2,,True,False,13390,False,netplay
2024-02-13 19:03:29+00:00,28,LY＃863,1,9,0,KEKW＃849,2,0,1,2,,False,True,10737,False,netplay
2024-02-13 19:06:37+00:00,28,LY＃863,1,9,4,KEKW＃849,2,0,4,7,0,True,False,31,False,netplay
2024-02-13 19:06:44+00:00,32,LY＃863,1,9,0,KEKW＃849,2,0,4,2,,False,True,7293,False,netplay
2024-02-13 19:08:58+00:00,3,LY＃863,1,9,0,KEKW＃849,2,0,1,2,,False,True,10676,False,netplay
2024-02-13 19:13:44+00:00,31,LY＃863,1,9,0,KEKW＃849,2,0,1,2,,False,True,11662,False,netplay
2024-02-13 19:17:12+00:00,32,LY＃863,1,19,2,KEKW＃849,2,0,4,7,0,False,True,3191,False,netplay
2024-02-13 19:18:21+00:00,3,LY＃863,1,20,1,KEKW＃849,2,0,0,2,,True,False,13296,False,netplay
2024-02-13 19:22:17+00:00,31,LY＃863,1,2,0,KEKW＃849,2,9,4,2,,False,True,5118,False,netplay
2024-02-13 19:23:57+00:00,28,LY＃863,1,9,0,KEKW＃849,2,20,2,2,,False,True,8558,False,netplay
2024-02-13 19:26:30+00:00,8,LY＃863,1,9,0,KEKW＃849,2,2,2,2,,False,True,5327,False,netplay
2024-02-13 19:28:07+00:00,2,LY＃863,1,9,0,KEKW＃849,2,2,2,2,,False,True,8951,False,netplay
2024-02-13 19:30:45+00:00,31,LY＃863,1,9,0,KEKW＃849,2,2,3,2,,False,True,6472,False,netplay
2024-02-13 19:32:43+00:00,28,LY＃863,1,9,0,KEKW＃849,2,2,4,2,,False,True,10582,False,netplay
2024-02-13 19:35:48+00:00,2,LY＃863,1,9,0,KEKW＃849,2,2,2,2,,False,True,8500,False,netplay
2024-02-13 19:38:18+00:00,8,LY＃863,1,9,0,KEKW＃849,2,2,3,2,,False,True,4436,False,netplay
2024-02-13 19:39:41+00:00,3,LY＃863,1,9,0,KEKW＃849,2,2,3,2,,False,True,9821,False,netplay
2024-02-13 19:42:34+00:00,32,LY＃863,1,9,0,KEKW＃849,2,2,3,2,,False,True,11118,False,netplay
2024-02-13 19:45:49+00:00,31,LY＃863,1,9,0,KEKW＃849,2,2,3,2,,False,True,6411,False,netplay
2024-02-13 19:47:48+00:00,8,LY＃863,1,9,0,KEKW＃849,2,2,1,2,,False,True,11232,False,netplay
2024-02-13 19:51:05+00:00,31,LY＃863,1,9,0,KEKW＃849,2,2,3,2,,False,True,9285,False,netplay
2024-02-13 19:53:53+00:00,3,LY＃863,1,9,0,KEKW＃849,2,2,1,2,,False,True,11034,False,netplay
2024-02-13 19:57:08+00:00,32,LY＃863,1,9,0,KEKW＃849,2,2,3,2,,False,True,7986,False,netplay
2024-02-13 19:59:32+00:00,2,LY＃863,1,15,0,KEKW＃849,2,2,2,2,,False,True,15387,False,netplay
2024-02-13 20:03:59+00:00,28,LY＃863,1,15,0,KEKW＃849,2,15,4,2,,False,True,6412,False,netplay
2024-02-13 20:06:04+00:00,8,LY＃863,1,15,0,KEKW＃849,2,20,2,2,,False,True,9437,False,netplay
2024-02-13 20:08:51+00:00,2,LY＃863,1,15,0,KEKW＃849,2,0,3,2,,False,True,10905,False,netplay
2024-02-13 20:12:14+00:00,31,LY＃863,1,17,0,KEKW＃849,2,9,2,2,,False,True,10490,False,netplay
2024-02-13 20:15:41+00:00,28,LY＃863,1,9,2,KEKW＃849,2,19,0,2,,True,False,10665,False,netplay
2024-02-13 20:19:30+00:00,2,LY＃863,1,9,0,KEKW＃849,2,2,1,2,,False,True,10183,False,netplay
2024-02-13 20:22:40+00:00,32,LY＃863,1,19,0,KEKW＃849,2,2,1,2,,False,True,13141,False,netplay
2024-02-13 20:26:28+00:00,3,LY＃863,1,19,3,KEKW＃849,2,2,0,2,,True,False,8049,False,netplay
2024-02-13 20:28:51+00:00,8,LY＃863,1,19,0,KEKW＃849,2,2,4,2,,False,True,6876,False,netplay
2024-02-13 20:30:55+00:00,2,LY＃863,1,19,0,KEKW＃849,2,2,3,2,,False,True,5533,False,netplay
2024-02-16 19:25:40+00:00,3,LY＃863,2,3,0,KEKW＃849,1,0,2,2,,False,True,10077,False,netplay
2024-02-16 19:28:59+00:00,28,LY＃863,2,12,0,KEKW＃849,1,0,2,2,,False,True,9042,False,netplay
2024-02-16 19:31:54+00:00,2,LY＃863,2,20,0,KEKW＃849,1,0,1,2,,False,True,12043,False,netplay
2024-02-16 19:35:37+00:00,31,LY＃863,2,20,0,KEKW＃849,1,0,2,2,,False,True,9276,False,netplay
2024-02-16 19:38:31+00:00,32,LY＃863,2,19,0,KEKW＃849,1,19,2,2,,False,True,12085,False,netplay
2024-02-16 19:42:08+00:00,8,LY＃863,2,9,0,KEKW＃849,1,20,3,2,,False,True,7726,False,netplay
2024-02-16 19:44:28+00:00,6,LY＃863,2,19,4,KEKW＃849,1,22,4,7,2,False,True,2,False,netplay
2024-02-16 19:44:38+00:00,3,LY＃863,2,19,1,KEKW＃849,1,4,0,2,,True,False,8467,False,netplay
2024-02-16 19:47:16+00:00,32,LY＃863,2,9,2,KEKW＃849,1,9,0,2,,True,False,9821,False,netplay
2024-02-16 19:50:22+00:00,2,LY＃863,2,19,0,KEKW＃849,1,0,2,2,,False,True,5502,False,netplay
2024-02-16 19:52:06+00:00,31,LY＃863,2,13,0,KEKW＃849,1,19,1,2,,False,True,13530,False,netplay
2024-02-16 19:56:11+00:00,32,LY＃863,2,12,3,KEKW＃849,1,16,0,2,,True,False,12285,False,netplay
2024-02-16 20:00:16+00:00,31,LY＃863,2,20,0,KEKW＃849,1,20,2,2,,False,True,8063,False,netplay
2024-02-16 20:03:01+00:00,2,LY＃863,2,19,0,KEKW＃849,1,9,2,2,,False,True,8750,False,netplay
2024-02-16 20:05:43+00:00,8,LY＃863,2,19,2,KEKW＃849,1,22,0,2,,True,False,12486,False,netplay
2024-02-16 20:09:26+00:00,8,LY＃863,2,9,0,KEKW＃849,1,0,1,2,,False,True,11191,False,netplay
2024-02-16 20:12:47+00:00,28,LY＃863,2,16,0,KEKW＃849,1,20,2,2,,False,True,9960,False,netplay
2024-02-16 20:15:46+00:00,3,LY＃863,2,19,2,KEKW＃849,1,13,0,2,,True,False,12107,False,netplay
2024-02-16 20:19:24+00:00,28,LY＃863,2,19,2,KEKW＃849,1,2,0,2,,True,False,12211,False,netplay
2024-02-16 20:23:00+00:00,3,LY＃863,2,12,0,KEKW＃849,1,2,2,2,,False,True,12976,False,netplay
2024-02-16 20:27:01+00:00,3,LY＃863,2,9,0,KEKW＃849,1,20,2,2,,False,True,10814,False,netplay
2024-02-16 20:31:05+00:00,8,LY＃863,2,19,2,KEKW＃849,1,19,0,2,,True,False,9146,False,netplay
2024-02-16 20:33:54+00:00,31,LY＃863,2,19,0,KEKW＃849,1,0,1,2,,False,True,12513,False,netplay
2024-02-16 20:37:35+00:00,2,LY＃863,2,9,0,KEKW＃849,1,2,2,2,,False,True,7570,False,netplay
2024-02-16 20:40:04+00:00,31,LY＃863,2,15,2,KEKW＃849,1,23,0,2,,True,False,8133,False,netplay
2024-02-16 20:42:36+00:00,15,LY＃863,2,12,0,KEKW＃849,1,0,1,2,,False,True,12257,False,netplay
2024-02-16 20:46:27+00:00,28,LY＃863,2,19,0,KEKW＃849,1,15,2,2,,False,True,11675,False,netplay
2024-02-16 20:50:12+00:00,32,LY＃863,2,19,1,KEKW＃849,1,9,0,2,,True,False,8473,False,netplay
2024-02-16 20:52:49+00:00,2,LY＃863,2,9,1,KEKW＃849,1,2,0,2,,True,False,9426,False,netplay
2024-02-16 20:55:42+00:00,8,LY＃863,2,12,2,KEKW＃849,1,0,0,2,,True,False,11940,False,netplay
2024-02-16 20:59:15+00:00,3,LY＃863,2,19,0,KEKW＃849,1,20,3,2,,False,True,4372,False,netplay
2024-02-16 21:00:50+00:00,8,LY＃863,2,19,0,KEKW＃849,1,19,3,2,,False,True,10837,False,netplay
2024-02-16 21:04:13+00:00,28,LY＃863,2,20,0,KEKW＃849,1,13,1,2,,False,True,10653,False,netplay
2024-02-16 21:07:32+00:00,3,LY＃863,2,3,0,KEKW＃849,1,2,2,2,,False,True,9165,False,netplay
2024-02-16 21:10:19+00:00,32,LY＃863,2,19,1,KEKW＃849,1,23,0,2,,True,False,12989,False,netplay
2024-02-16 21:14:40+00:00,25,LY＃863,2,16,0,KEKW＃849,1,14,3,2,,False,True,8776,False,netplay
2024-02-16 21:17:38+00:00,2,LY＃863,2,12,4,KEKW＃849,1,15,4,7,2,False,True,26,False,netplay
2024-02-16 21:17:51+00:00,31,LY＃863,2,9,2,KEKW＃849,1,0,0,2,,True,False,11019,False,netplay
2024-02-16 21:21:06+00:00,11,LY＃863,2,19,0,KEKW＃849,1,2,2,2,,False,True,14123,False,netplay
2024-02-16 21:25:16+00:00,32,LY＃863,2,19,0,KEKW＃849,1,20,3,2,,False,True,12191,False,netplay
2024-02-16 21:28:52+00:00,28,LY＃863,2,19,0,KEKW＃849,1,19,3,2,,False,True,4232,False,netplay
2024-02-16 21:30:17+00:00,31,LY＃863,2,19,0,KEKW＃849,1,25,2,2,,False,True,12454,False,netplay
2024-02-16 21:34:05+00:00,3,LY＃863,2,19,2,KEKW＃849,1,13,0,2,,True,False,13303,False,netplay
2024-02-16 21:38:00+00:00,12,LY＃863,2,19,2,KEKW＃849,1,1,0,2,,True,False,7165,False,netplay
2024-02-16 21:40:17+00:00,28,LY＃863,2,9,2,KEKW＃849,1,9,0,2,,True,False,7684,False,netplay
2024-02-16 21:42:37+00:00,32,LY＃863,2,12,0,KEKW＃849,1,2,3,2,,False,True,10633,False,netplay
2024-02-16 21:45:46+00:00,8,LY＃863,2,19,0,KEKW＃849,1,15,2,2,,False,True,7240,False,netplay
2024-02-16 21:47:58+00:00,2,LY＃863,2,19,3,KEKW＃849,1,19,0,2,,True,False,7802,False,netplay
2024-02-16 21:50:19+00:00,2,LY＃863,2,19,3,KEKW＃849,1,0,0,2,,True,False,9796,False,netplay
2024-02-16 21:53:14+00:00,15,LY＃863,2,19,4,KEKW＃849,1,20,4,7,0,False,True,1,False,netplay
2024-02-16 21:53:40+00:00,31,LY＃863,2,19,0,KEKW＃849,1,20,1,2,,False,True,11540,False,netplay
2024-02-16 21:57:21+00:00,32,LY＃863,2,19,0,KEKW＃849,1,9,3,2,,False,True,10675,False,netplay
2024-02-16 22:00:46+00:00,31,LY＃863,2,19,1,KEKW＃849,1,2,0,2,,True,False,13184,False,netplay
2024-02-16 22:04:36+00:00,3,LY＃863,2,19,0,KEKW＃849,1,2,2,2,,False,True,10430,False,netplay
2024-02-16 22:08:13+00:00,2,LY＃863,2,19,0,KEKW＃849,1,2,1,2,,False,True,12229,False,netplay
2024-02-16 22:11:50+00:00,8,LY＃863,2,19,0,KEKW＃849,1,2,3,2,,False,True,5014,False,netplay
2024-02-16 22:13:26+00:00,28,LY＃863,2,19,0,KEKW＃849,1,2,3,2,,False,True,9927,False,netplay
2024-02-16 22:16:22+00:00,3,LY＃863,2,19,0,KEKW＃849,1,0,2,2,,False,True,8041,False,netplay
2024-02-20 20:30:45+00:00,3,LY＃863,1,3,0,KEKW＃849,2,0,2,2,,False,True,9789,False,netplay
2024-02-20 20:33:44+00:00,32,LY＃863,1,9,0,KEKW＃849,2,6,2,2,,False,True,14265,False,netplay
2024-02-20 20:38:00+00:00,28,LY＃863,1,12,0,KEKW＃849,2,20,2,2,,False,True,11604,False,netplay
2024-02-20 20:41:28+00:00,8,LY＃863,1,19,3,KEKW＃849,2,23,0,2,,True,False,8611,False,netplay
2024-02-20 20:44:06+00:00,28,LY＃863,1,19,0,KEKW＃849,2,2,1,2,,False,True,12644,False,netplay
2024-02-20 20:47:59+00:00,31,LY＃863,1,9,0,KEKW＃849,2,2,2,2,,False,True,6792,False,netplay
2024-02-20 20:50:09+00:00,3,LY＃863,1,20,0,KEKW＃849,2,2,2,2,,False,True,11366,False,netplay
2024-02-20 20:53:30+00:00,2,LY＃863,1,19,0,KEKW＃849,2,9,3,2,,False,True,6710,False,netplay
2024-02-20 20:55:33+00:00,32,LY＃863,1,19,1,KEKW＃849,2,0,0,2,,True,False,9990,False,netplay
2024-02-20 20:58:35+00:00,8,LY＃863,1,19,2,KEKW＃849,2,20,0,2,,True,False,11136,False,netplay
2024-02-20 21:02:02+00:00,6,LY＃863,1,19,0,KEKW＃849,2,2,4,2,,False,True,8402,False,netplay
2024-02-20 21:04:31+00:00,8,LY＃863,1,19,0,KEKW＃849,2,2,2,2,,False,True,5697,False,netplay
2024-02-20 21:06:16+00:00,3,LY＃863,1,19,0,KEKW＃849,2,2,1,2,,False,True,13525,False,netplay
2024-02-20 21:10:24+00:00,28,LY＃863,1,19,0,KEKW＃849,2,2,1,2,,False,True,16525,False,netplay
2024-02-20 21:15:14+00:00,31,LY＃863,1,19,0,KEKW＃849,2,2,2,2,,False,True,11061,False,netplay
2024-02-20 21:18:29+00:00,2,LY＃863,1,19,0,KEKW＃849,2,2,2,2,,False,True,12083,False,netplay
2024-02-20 21:22:01+00:00,31,LY＃863,1,19,1,KEKW＃849,2,2,0,2,,True,False,13320,False,netplay
2024-02-20 21:25:52+00:00,32,LY＃863,1,19,0,KEKW＃849,2,2,1,2,,False,True,13054,False,netplay
2024-02-20 21:30:04+00:00,32,LY＃863,1,25,3,KEKW＃849,2,2,4,7,0,False,True,1202,False,netplay
2024-02-20 21:30:35+00:00,3,LY＃863,1,12,1,KEKW＃849,2,0,0,2,,True,False,15922,False,netplay
2024-02-20 21:35:14+00:00,31,LY＃863,1,12,0,KEKW＃849,2,19,3,2,,False,True,12228,False,netplay
2024-02-20 21:38:51+00:00,28,LY＃863,1,19,0,KEKW＃849,2,13,2,2,,False,True,8307,False,netplay
2024-02-20 21:41:23+00:00,2,LY＃863,1,19,0,KEKW＃849,2,17,1,2,,False,True,11733,False,netplay
2024-02-20 21:44:55+00:00,8,LY＃863,1,19,0,KEKW＃849,2,3,1,2,,False,True,11358,False,netplay
2024-02-20 21:48:54+00:00,31,LY＃863,1,19,1,KEKW＃849,2,22,0,2,,True,False,11893,False,netplay
2024-02-20 21:52:37+00:00,12,LY＃863,1,19,3,KEKW＃849,2,1,0,2,,True,False,7555,False,netplay
2024-02-20 21:55:01+00:00,2,LY＃863,1,19,0,KEKW＃849,2,9,2,2,,False,True,9939,False,netplay
2024-02-20 21:58:14+00:00,2,LY＃863,1,19,1,KEKW＃849,2,14,0,2,,True,False,10451,False,netplay
2024-02-20 22:01:28+00:00,3,LY＃863,1,19,0,KEKW＃849,2,20,2,2,,False,True,6937,False,netplay
2024-02-20 22:03:38+00:00,3,LY＃863,1,19,2,KEKW＃849,2,8,0,2,,True,False,11391,False,netplay
2024-02-20 22:07:06+00:00,32,LY＃863,1,19,3,KEKW＃849,2,23,0,2,,True,False,6585,False,netplay
2024-02-20 22:09:22+00:00,8,LY＃863,1,19,0,KEKW＃849,2,0,1,2,,False,True,9926,False,netplay
2024-02-20 22:12:20+00:00,8,LY＃863,1,19,2,KEKW＃849,2,2,0,2,,True,False,8566,False,netplay
2024-02-20 22:14:52+00:00,3,LY＃863,1,19,0,KEKW＃849,2,2,3,2,,False,True,7971,False,netplay
2024-02-20 22:17:15+00:00,28,LY＃863,1,19,0,KEKW＃849,2,2,2,2,,False,True,10544,False,netplay
2024-02-20 22:20:24+00:00,32,LY＃863,1,19,1,KEKW＃849,2,19,0,2,,True,False,15598,False,netplay
2024-02-20 22:25:09+00:00,31,LY＃863,1,19,2,KEKW＃849,2,12,0,2,,True,False,9141,False,netplay
2024-02-20 22:28:03+00:00,2,LY＃863,1,19,2,KEKW＃849,2,0,0,2,,True,False,8881,False,netplay
2024-02-20 22:30:58+00:00,28,LY＃863,1,19,0,KEKW＃849,2,20,3,2,,False,True,7673,False,netplay
2024-02-20 22:33:22+00:00,8,LY＃863,1,19,0,KEKW＃849,2,13,2,2,,False,True,10205,False,netplay
2024-02-20 22:36:23+00:00,3,LY＃863,1,19,3,KEKW＃849,2,11,0,2,,True,False,9153,False,netplay
2024-02-20 22:39:13+00:00,31,LY＃863,1,19,1,KEKW＃849,2,15,0,2,,True,False,14206,False,netplay
2024-02-20 22:43:35+00:00,8,LY＃863,1,19,0,KEKW＃849,2,2,1,2,,False,True,11601,False,netplay
2024-02-24 18:57:24+00:00,3,LY＃863,1,3,0,KEKW＃849,2,21,1,2,,False,True,12328,False,netplay
2024-02-24 19:01:08+00:00,8,LY＃863,1,22,3,KEKW＃849,2,23,0,2,,True,False,8953,False,netplay
2024-02-24 19:04:18+00:00,32,LY＃863,1,19,3,KEKW＃849,2,18,0,2,,True,False,11079,False,netplay
2024-02-24 19:13:33+00:00,3,LY＃863,1,4,0,KEKW＃849,2,21,3,2,,False,True,13871,False,netplay
2024-02-24 19:17:37+00:00,28,LY＃863,1,16,1,KEKW＃849,2,21,1,7,2,True,False,16176,False,netplay
2024-02-24 19:22:16+00:00,31,LY＃863,1,16,3,KEKW＃849,2,25,4,7,0,False,True,2897,False,netplay
2024-02-24 19:23:15+00:00,31,LY＃863,1,3,0,KEKW＃849,2,25,3,2,,False,True,8729,False,netplay
2024-02-24 19:25:51+00:00,2,LY＃863,1,10,0,KEKW＃849,2,25,3,2,,False,True,7714,False,netplay
2024-02-24 19:28:10+00:00,3,LY＃863,1,15,0,KEKW＃849,2,25,3,2,,False,True,6901,False,netplay
2024-02-24 19:30:17+00:00,32,LY＃863,1,14,3,KEKW＃849,2,25,3,7,2,True,False,3496,False,netplay
2024-02-24 19:31:29+00:00,28,LY＃863,1,14,3,KEKW＃849,2,23,0,2,,True,False,8460,False,netplay
2024-02-24 19:34:02+00:00,8,LY＃863,1,14,3,KEKW＃849,2,6,2,7,0,True,False,6185,False,netplay
2024-02-24 19:36:00+00:00,31,LY＃863,1,5,2,KEKW＃849,2,6,2,7,2,True,False,8697,False,netplay
2024-02-24 19:38:34+00:00,2,LY＃863,1,5,2,KEKW＃849,2,0,3,7,0,False,True,6623,False,netplay
2024-02-24 19:40:35+00:00,2,LY＃863,1,12,3,KEKW＃849,2,0,1,7,2,True,False,9469,False,netplay
2024-02-24 19:43:23+00:00,28,LY＃863,1,12,2,KEKW＃849,2,9,2,7,0,True,False,9461,False,netplay
2024-02-24 19:46:10+00:00,28,LY＃863,1,17,4,KEKW＃849,2,9,2,7,2,True,False,2487,False,netplay
2024-02-24 19:47:09+00:00,3,LY＃863,1,17,1,KEKW＃849,2,19,3,7,0,False,True,9676,False,netplay
2024-02-24 19:50:03+00:00,32,LY＃863,1,1,1,KEKW＃849,2,19,1,7,2,False,True,9661,False,netplay
2024-02-24 19:52:54+00:00,2,LY＃863,1,1,4,KEKW＃849,2,18,4,7,0,True,False,1470,False,netplay
2024-02-24 19:54:27+00:00,31,LY＃863,1,18,0,KEKW＃849,2,18,2,2,,False,True,9038,False,netplay
2024-02-24 19:57:11+00:00,11,LY＃863,1,19,4,KEKW＃849,2,18,4,7,0,True,False,5,False,netplay
2024-02-24 19:57:19+00:00,3,LY＃863,1,19,2,KEKW＃849,2,18,2,7,2,True,False,7714,False,netplay
2024-02-24 19:59:38+00:00,8,LY＃863,1,19,2,KEKW＃849,2,1,3,7,0,False,True,6036,False,netplay
2024-02-24 20:01:29+00:00,8,LY＃863,1,9,2,KEKW＃849,2,1,1,7,2,True,False,10363,False,netplay
2024-02-24 20:04:35+00:00,32,LY＃863,1,9,4,KEKW＃849,2,3,0,2,,True,False,5599,False,netplay
2024-02-24 20:06:19+00:00,31,LY＃863,1,9,2,KEKW＃849,2,10,2,7,0,True,False,7065,False,netplay
2024-02-24 20:11:18+00:00,31,LY＃863,1,13,2,KEKW＃849,2,10,2,7,2,True,False,9329,False,netplay
2024-02-24 20:14:30+00:00,2,LY＃863,1,13,2,KEKW＃849,2,15,3,7,0,False,True,8351,False,netplay
2024-02-24 20:16:59+00:00,28,LY＃863,1,11,0,KEKW＃849,2,15,3,2,,False,True,9221,False,netplay
2024-02-24 20:19:43+00:00,3,LY＃863,1,7,1,KEKW＃849,2,15,3,7,2,False,True,9805,False,netplay
2024-02-24 20:22:38+00:00,28,LY＃863,1,7,3,KEKW＃849,2,13,3,7,0,True,False,4042,False,netplay
2024-02-24 20:24:12+00:00,32,LY＃863,1,0,2,KEKW＃849,2,13,1,7,2,True,False,11420,False,netplay
2024-02-24 20:27:37+00:00,8,LY＃863,1,0,2,KEKW＃849,2,11,4,7,0,False,True,2762,False,netplay
2024-02-24 20:28:33+00:00,8,LY＃863,1,6,0,KEKW＃849,2,11,3,2,,False,True,6258,False,netplay
2024-02-24 20:30:33+00:00,2,LY＃863,1,23,2,KEKW＃849,2,11,1,7,2,True,False,5891,False,netplay
2024-02-24 20:32:43+00:00,3,LY＃863,1,23,3,KEKW＃849,2,7,3,7,0,True,False,8418,False,netplay
2024-02-24 20:35:16+00:00,3,LY＃863,1,24,1,KEKW＃849,2,7,1,7,2,True,False,12798,False,netplay
2024-02-24 20:38:59+00:00,32,LY＃863,1,24,3,KEKW＃849,2,24,3,7,0,True,False,2991,False,netplay
2024-02-24 20:39:59+00:00,28,LY＃863,1,2,1,KEKW＃849,2,24,1,7,2,True,False,17152,False,netplay
2024-02-24 20:44:59+00:00,31,LY＃863,1,2,3,KEKW＃849,2,2,4,7,0,False,True,818,False,netplay
2024-02-24 20:45:24+00:00,32,LY＃863,1,8,1,KEKW＃849,2,2,3,7,0,False,True,9392,False,netplay
2024-02-24 20:48:11+00:00,8,LY＃863,1,21,0,KEKW＃849,2,2,3,2,,False,True,5390,False,netplay
2024-02-24 20:49:51+00:00,2,LY＃863,1,25,0,KEKW＃849,2,2,3,2,,False,True,10139,False,netplay
2024-02-24 20:52:54+00:00,31,LY＃863,1,20,3,KEKW＃849,2,2,3,7,2,True,False,3710,False,netplay
2024-02-24 20:54:33+00:00,31,LY＃863,1,20,2,KEKW＃849,2,8,2,7,0,True,False,9111,False,netplay
2024-02-24 20:57:14+00:00,3,LY＃863,1,22,0,KEKW＃849,2,8,3,2,,False,True,11582,False,netplay
2024-02-24 21:13:06+00:00,2,LY＃863,1,19,1,KEKW＃849,2,20,0,2,,True,False,10796,False,netplay
2024-02-24 21:16:15+00:00,28,LY＃863,1,19,0,KEKW＃849,2,20,2,2,,False,True,10121,False,netplay
2024-02-24 21:19:13+00:00,28,LY＃863,1,19,0,KEKW＃849,2,20,1,2,,False,True,9957,False,netplay
2024-02-24 21:22:07+00:00,8,LY＃863,1,19,0,KEKW＃849,2,20,2,2,,False,True,8316,False,netplay
2024-02-24 21:24:35+00:00,31,LY＃863,1,19,1,KEKW＃849,2,20,0,2,,True,False,11950,False,netplay
2024-02-24 21:28:03+00:00,8,LY＃863,1,19,0,KEKW＃849,2,20,1,2,,False,True,12426,False,netplay
2024-02-24 21:31:39+00:00,32,LY＃863,1,19,0,KEKW＃849,2,20,2,2,,False,True,11615,False,netplay
2024-02-24 21:35:01+00:00,32,LY＃863,1,19,2,KEKW＃849,2,20,0,2,,True,False,13065,False,netplay
2024-02-24 21:39:05+00:00,2,LY＃863,1,19,1,KEKW＃849,2,20,0,2,,True,False,13315,False,netplay
2024-02-24 21:42:56+00:00,32,LY＃863,1,19,2,KEKW＃849,2,20,0,2,,True,False,10490,False,netplay
2024-02-24 21:46:00+00:00,3,LY＃863,1,19,1,KEKW＃849,2,20,0,2,,True,False,15647,False,netplay
2024-02-24 21:50:29+00:00,32,LY＃863,1,19,2,KEKW＃849,2,20,0,2,,True,False,12201,False,netplay
2024-02-24 21:54:01+00:00,8,LY＃863,1,19,2,KEKW＃849,2,20,0,2,,True,False,12171,False,netplay
2024-02-24 21:57:32+00:00,28,LY＃863,1,19,0,KEKW＃849,2,20,1,2,,False,True,14582,False,netplay
2024-02-24 22:02:05+00:00,8,LY＃863,1,19,2,KEKW＃849,2,20,0,2,,True,False,11375,False,netplay
2024-02-24 22:05:29+00:00,3,LY＃863,1,19,0,KEKW＃849,2,20,1,2,,False,True,9807,False,netplay
2024-02-24 22:08:23+00:00,3,LY＃863,1,19,1,KEKW＃849,2,20,0,2,,True,False,11657,False,netplay
2024-02-24 22:11:46+00:00,2,LY＃863,1,19,2,KEKW＃849,2,20,0,2,,True,False,10129,False,netplay
2024-02-24 22:14:45+00:00,31,LY＃863,1,19,0,KEKW＃849,2,20,2,2,,False,True,11739,False,netplay
2024-02-24 22:18:11+00:00,28,LY＃863,1,19,0,KEKW＃849,2,20,1,2,,False,True,14424,False,netplay
2024-02-24 22:22:44+00:00,3,LY＃863,2,19,0,KEKW＃849,1,2,2,2,,False,True,9588,False,netplay
2024-02-24 22:25:32+00:00,31,LY＃863,2,19,0,KEKW＃849,1,2,1,2,,False,True,13212,False,netplay
2024-02-24 22:29:21+00:00,8,LY＃863,2,19,0,KEKW＃849,1,2,2,2,,False,True,7552,False,netplay
2024-02-24 22:31:37+00:00,3,LY＃863,2,19,1,KEKW＃849,1,2,1,7,2,True,False,14129,False,netplay
2024-02-28 20:50:24+00:00,31,LY＃863,2,3,1,KEKW＃849,1,0,0,2,,True,False,14374,False,netplay
2024-02-28 20:54:51+00:00,3,LY＃863,2,22,0,KEKW＃849,1,9,2,2,,False,True,12536,False,netplay
2024-02-28 20:58:40+00:00,8,LY＃863,2,20,0,KEKW＃849,1,8,1,2,,False,True,10338,False,netplay
2024-02-28 21:01:51+00:00,32,LY＃863,2,12,0,KEKW＃849,1,19,3,2,,False,True,10404,False,netplay
2024-02-28 21:05:06+00:00,31,LY＃863,2,19,0,KEKW＃849,1,20,2,2,,False,True,8224,False,netplay
2024-02-28 21:07:37+00:00,28,LY＃863,2,19,0,KEKW＃849,1,20,2,2,,False,True,11835,False,netplay
2024-02-28 21:11:04+00:00,2,LY＃863,2,19,0,KEKW＃849,1,20,1,2,,False,True,12389,False,netplay
2024-02-28 21:14:43+00:00,3,LY＃863,2,19,0,KEKW＃849,1,20,3,2,,False,True,8270,False,netplay
2024-02-28 21:17:13+00:00,2,LY＃863,2,19,2,KEKW＃849,1,9,0,2,,True,False,8166,False,netplay
2024-02-28 21:19:41+00:00,31,LY＃863,2,19,0,KEKW＃849,1,0,2,2,,False,True,10117,False,netplay
2024-02-28 21:23:15+00:00,31,LY＃863,2,19,0,KEKW＃849,1,9,2,2,,False,True,13704,False,netplay
2024-02-28 21:27:17+00:00,32,LY＃863,2,19,2,KEKW＃849,1,23,0,2,,True,False,11255,False,netplay
2024-02-28 21:31:08+00:00,12,LY＃863,2,19,1,KEKW＃849,1,1,0,2,,True,False,9360,False,netplay
2024-02-28 21:34:06+00:00,8,LY＃863,2,19,0,KEKW＃849,1,12,1,2,,False,True,13814,False,netplay
2024-02-28 21:38:11+00:00,8,LY＃863,2,19,0,KEKW＃849,1,16,4,2,,False,True,3177,False,netplay
2024-02-28 21:39:19+00:00,28,LY＃863,2,19,0,KEKW＃849,1,3,2,2,,False,True,13661,False,netplay
2024-02-28 21:43:24+00:00,8,LY＃863,2,19,0,KEKW＃849,1,25,1,2,,False,True,9744,False,netplay
2024-02-28 21:46:30+00:00,31,LY＃863,2,19,2,KEKW＃849,1,17,0,2,,True,False,12264,False,netplay
2024-02-28 21:50:18+00:00,32,LY＃863,2,19,0,KEKW＃849,1,9,1,2,,False,True,11652,False,netplay
2024-02-28 21:53:49+00:00,3,LY＃863,2,19,0,KEKW＃849,1,6,1,2,,False,True,10864,False,netplay
2024-02-28 21:57:12+00:00,2,LY＃863,2,19,1,KEKW＃849,1,5,0,2,,True,False,17956,False,netplay
2024-02-28 22:03:05+00:00,28,LY＃863,2,19,2,KEKW＃849,1,13,0,2,,True,False,8308,False,netplay
2024-02-28 22:05:56+00:00,2,LY＃863,2,19,1,KEKW＃849,1,9,0,2,,True,False,12582,False,netplay
2024-02-28 22:09:36+00:00,3,LY＃863,2,19,1,KEKW＃849,1,20,0,2,,True,False,14268,False,netplay
2024-02-28 22:13:44+00:00,31,LY＃863,2,19,0,KEKW＃849,1,20,1,2,,False,True,8542,False,netplay
2024-02-28 22:16:16+00:00,28,LY＃863,2,19,0,KEKW＃849,1,20,2,2,,False,True,15568,False,netplay
2024-02-28 22:20:46+00:00,32,LY＃863,2,19,0,KEKW＃849,1,2,2,2,,False,True,12681,False,netplay
2024-02-28 22:24:28+00:00,28,LY＃863,2,19,0,KEKW＃849,1,2,1,2,,False,True,11037,False,netplay
2024-02-28 22:27:45+00:00,3,LY＃863,2,19,0,KEKW＃849,1,2,1,2,,False,True,9932,False,netplay
2024-02-28 22:30:39+00:00,2,LY＃863,2,19,0,KEKW＃849,1,2,2,2,,False,True,7861,False,netplay
2024-02-28 22:32:59+00:00,8,LY＃863,2,19,0,KEKW＃849,1,2,3,2,,False,True,6849,False,netplay
2024-02-28 22:35:03+00:00,31,LY＃863,2,19,0,KEKW＃849,1,9,1,2,,False,True,14519,False,netplay
2024-02-28 22:39:28+00:00,32,LY＃863,2,19,0,KEKW＃849,1,19,1,2,,False,True,11951,False,netplay
2024-02-28 22:43:01+00:00,2,LY＃863,2,19,2,KEKW＃849,1,18,0,2,,True,False,9033,False,netplay
2024-02-28 22:45:50+00:00,8,LY＃863,2,19,2,KEKW＃849,1,15,0,2,,True,False,11923,False,netplay
2024-02-28 22:49:24+00:00,28,LY＃863,2,19,0,KEKW＃849,1,0,3,2,,False,True,9998,False,netplay
2024-02-28 22:52:50+00:00,8,LY＃863,2,19,1,KEKW＃849,1,4,0,2,,True,False,15024,False,netplay
2024-02-28 22:57:17+00:00,11,LY＃863,2,19,4,KEKW＃849,1,20,4,7,0,False,True,20,False,netplay
2024-02-28 22:57:25+00:00,2,LY＃863,2,19,0,KEKW＃849,1,20,1,2,,False,True,7203,False,netplay
2024-02-28 22:59:36+00:00,3,LY＃863,2,19,0,KEKW＃849,1,20,3,2,,False,True,9945,False,netplay
2024-02-28 23:02:38+00:00,28,LY＃863,2,19,0,KEKW＃849,1,20,1,2,,False,True,11574,False,netplay
2024-02-28 23:06:04+00:00,32,LY＃863,2,19,1,KEKW＃849,1,20,0,2,,True,False,15139,False,netplay
2024-03-08 17:53:46+00:00,3,LY＃863,1,3,0,KEKW＃849,2,0,1,2,,False,True,12698,False,netplay
2024-03-08 17:58:06+00:00,31,LY＃863,1,3,1,KEKW＃849,2,9,0,2,,True,False,10297,False,netplay
2024-03-08 18:01:15+00:00,28,LY＃863,1,20,0,KEKW＃849,2,20,2,2,,False,True,12299,False,netplay
2024-03-08 18:04:52+00:00,32,LY＃863,1,2,1,KEKW＃849,2,19,0,2,,True,False,14138,False,netplay
2024-03-08 18:09:03+00:00,2,LY＃863,1,19,0,KEKW＃849,2,15,2,2,,False,True,13008,False,netplay
2024-03-08 18:13:07+00:00,28,LY＃863,1,19,0,KEKW＃849,2,0,1,2,,False,True,10527,False,netplay
2024-03-08 18:16:19+00:00,8,LY＃863,1,19,1,KEKW＃849,2,9,0,2,,True,False,10973,False,netplay
2024-03-08 18:19:36+00:00,8,LY＃863,1,19,0,KEKW＃849,2,2,2,2,,False,True,8929,False,netplay
2024-03-08 18:22:16+00:00,2,LY＃863,1,19,0,KEKW＃849,2,2,2,2,,False,True,9437,False,netplay
2024-03-08 18:25:03+00:00,3,LY＃863,1,19,3,KEKW＃849,2,2,0,2,,True,False,7732,False,netplay
2024-03-08 18:27:37+00:00,3,LY＃863,1,19,1,KEKW＃849,2,2,0,2,,True,False,10297,False,netplay
2024-03-08 18:30:37+00:00,32,LY＃863,1,19,0,KEKW＃849,2,2,3,2,,False,True,11234,False,netplay
2024-03-08 18:33:59+00:00,31,LY＃863,1,19,0,KEKW＃849,2,2,1,2,,False,True,9622,False,netplay
2024-03-08 18:36:49+00:00,28,LY＃863,1,19,1,KEKW＃849,2,2,0,2,,True,False,13596,False,netplay
2024-03-08 18:40:54+00:00,31,LY＃863,1,19,1,KEKW＃849,2,2,0,2,,True,False,13219,False,netplay
2024-03-08 18:44:47+00:00,32,LY＃863,1,19,0,KEKW＃849,2,2,1,2,,False,True,11702,False,netplay
2024-03-08 18:48:12+00:00,2,LY＃863,1,19,0,KEKW＃849,2,2,1,2,,False,True,10921,False,netplay
2024-03-08 18:51:24+00:00,8,LY＃863,1,19,0,KEKW＃849,2,2,2,2,,False,True,9073,False,netplay
2024-03-08 18:54:05+00:00,32,LY＃863,1,19,0,KEKW＃849,2,2,2,2,,False,True,9453,False,netplay
2024-03-08 18:56:51+00:00,3,LY＃863,1,19,0,KEKW＃849,2,2,1,2,,False,True,8327,False,netplay
2024-03-08 18:59:20+00:00,31,LY＃863,1,19,0,KEKW＃849,2,2,1,2,,False,True,5297,False,netplay
2024-03-08 19:00:58+00:00,2,LY＃863,1,9,1,KEKW＃849,2,2,0,2,,True,False,8954,False,netplay
2024-03-08 19:03:39+00:00,8,LY＃863,1,9,0,KEKW＃849,2,2,2,2,,False,True,9045,False,netplay
2024-03-08 19:06:22+00:00,3,LY＃863,1,19,0,KEKW＃849,2,20,1,2,,False,True,11647,False,netplay
2024-03-08 19:09:47+00:00,28,LY＃863,1,19,0,KEKW＃849,2,20,2,2,,False,True,10049,False,netplay
2024-03-08 19:12:46+00:00,8,LY＃863,1,19,0,KEKW＃849,2,19,1,2,,False,True,9755,False,netplay
2024-03-08 19:15:41+00:00,32,LY＃863,1,16,0,KEKW＃849,2,19,2,2,,False,True,9611,False,netplay
2024-03-08 19:18:41+00:00,2,LY＃863,1,9,3,KEKW＃849,2,22,0,2,,True,False,4819,False,netplay
2024-03-08 19:20:15+00:00,12,LY＃863,1,9,1,KEKW＃849,2,1,0,2,,True,False,7500,False,netplay
2024-03-08 19:22:35+00:00,3,LY＃863,1,19,2,KEKW＃849,2,9,0,2,,True,False,9958,False,netplay
2024-03-08 19:25:38+00:00,28,LY＃863,1,19,2,KEKW＃849,2,2,0,2,,True,False,11592,False,netplay
2024-03-08 19:29:00+00:00,2,LY＃863,1,19,0,KEKW＃849,2,2,3,2,,False,True,7721,False,netplay
2024-03-08 19:31:18+00:00,31,LY＃863,1,19,0,KEKW＃849,2,2,2,2,,False,True,8843,False,netplay
2024-03-08 19:33:56+00:00,32,LY＃863,1,19,0,KEKW＃849,2,2,2,2,,False,True,8345,False,netplay
2024-03-08 19:36:43+00:00,28,LY＃863,1,19,0,KEKW＃849,2,2,1,2,,False,True,12200,False,netplay
2024-03-08 19:40:33+00:00,3,LY＃863,1,19,0,KEKW＃849,2,2,2,2,,False,True,12545,False,netplay
2024-03-09 17:37:16+00:00,31,LY＃863,2,20,0,KEKW＃849,1,21,3,2,,False,True,10013,False,netplay
2024-03-09 17:40:22+00:00,2,LY＃863,2,2,0,KEKW＃849,1,21,2,2,,False,True,11976,False,netplay
2024-03-09 17:43:53+00:00,28,LY＃863,2,13,3,KEKW＃849,1,21,3,7,0,False,True,5072,False,netplay
2024-03-09 17:45:29+00:00,3,LY＃863,2,13,1,KEKW＃849,1,0,3,7,2,False,True,11685,False,netplay
2024-03-09 17:48:57+00:00,31,LY＃863,2,14,2,KEKW＃849,1,0,1,7,0,True,False,8027,False,netplay
2024-03-09 17:51:20+00:00,31,LY＃863,2,14,3,KEKW＃849,1,9,1,7,2,True,False,6600,False,netplay
2024-03-09 17:53:21+00:00,3,LY＃863,2,12,4,KEKW＃849,1,9,4,7,0,False,True,2294,False,netplay
2024-03-09 17:54:11+00:00,28,LY＃863,2,12,0,KEKW＃849,1,15,1,2,,False,True,18251,False,netplay
2024-03-09 17:59:31+00:00,32,LY＃863,2,3,4,KEKW＃849,1,15,4,7,0,False,True,3933,False,netplay
2024-03-09 18:00:50+00:00,2,LY＃863,2,3,0,KEKW＃849,1,2,2,2,,False,True,11321,False,netplay
2024-03-09 18:04:10+00:00,8,LY＃863,2,19,1,KEKW＃849,1,2,2,7,0,False,True,6700,False,netplay
2024-03-09 18:06:11+00:00,32,LY＃863,2,19,3,KEKW＃849,1,20,3,7,2,False,True,6144,False,netplay
2024-03-09 18:08:04+00:00,8,LY＃863,2,23,0,KEKW＃849,1,20,2,2,,False,True,8837,False,netplay
2024-03-09 18:10:54+00:00,32,LY＃863,2,21,3,KEKW＃849,1,20,3,7,0,False,True,3887,False,netplay
2024-03-09 18:12:43+00:00,8,LY＃863,2,21,0,KEKW＃849,1,20,3,2,,False,True,7828,False,netplay
2024-03-09 18:15:03+00:00,31,LY＃863,2,23,0,KEKW＃849,1,20,3,2,,False,True,7361,False,netplay
2024-03-09 18:17:17+00:00,3,LY＃863,2,19,1,KEKW＃849,1,20,2,7,0,False,True,7727,False,netplay
2024-03-09 18:19:34+00:00,3,LY＃863,2,19,4,KEKW＃849,1,2,4,7,2,False,True,2625,False,netplay
2024-03-09 18:20:27+00:00,2,LY＃863,2,3,1,KEKW＃849,1,2,3,7,2,False,True,11104,False,netplay
2024-03-09 18:23:47+00:00,28,LY＃863,2,12,0,KEKW＃849,1,2,2,2,,False,True,13451,False,netplay
2024-03-09 18:27:43+00:00,28,LY＃863,2,14,3,KEKW＃849,1,2,3,7,0,False,True,3824,False,netplay
2024-03-09 18:28:59+00:00,8,LY＃863,2,14,1,KEKW＃849,1,15,2,7,2,False,True,10967,False,netplay
2024-03-09 18:32:13+00:00,31,LY＃863,2,13,3,KEKW＃849,1,15,3,7,0,False,True,8242,False,netplay
2024-03-09 18:34:45+00:00,2,LY＃863,2,13,1,KEKW＃849,1,19,2,7,2,False,True,6708,False,netplay
2024-03-09 18:36:46+00:00,2,LY＃863,2,2,2,KEKW＃849,1,19,3,7,0,False,True,10555,False,netplay
2024-03-09 18:39:51+00:00,32,LY＃863,2,2,3,KEKW＃849,1,0,3,7,2,False,True,6943,False,netplay
2024-03-09 18:41:56+00:00,32,LY＃863,2,20,2,KEKW＃849,1,0,1,7,0,True,False,9055,False,netplay
2024-03-09 18:44:38+00:00,28,LY＃863,2,20,3,KEKW＃849,1,21,3,7,2,False,True,7904,False,netplay
2024-03-09 18:51:32+00:00,3,LY＃863,2,9,0,KEKW＃849,1,12,1,2,,False,True,11618,False,netplay
2024-03-09 18:55:01+00:00,8,LY＃863,2,3,3,KEKW＃849,1,12,3,7,0,False,True,3130,False,netplay
2024-03-09 18:56:02+00:00,31,LY＃863,2,3,1,KEKW＃849,1,0,1,7,2,False,True,9905,False,netplay
2024-03-09 18:58:57+00:00,3,LY＃863,2,13,4,KEKW＃849,1,0,4,7,0,False,True,3023,False,netplay
2024-03-09 18:59:57+00:00,8,LY＃863,2,13,0,KEKW＃849,1,2,1,2,,False,True,10955,False,netplay
2024-03-09 19:03:18+00:00,31,LY＃863,2,19,3,KEKW＃849,1,2,3,7,0,False,True,1728,False,netplay
2024-03-09 19:04:01+00:00,28,LY＃863,2,19,2,KEKW＃849,1,19,3,7,2,False,True,10885,False,netplay
2024-03-09 19:07:30+00:00,2,LY＃863,2,14,2,KEKW＃849,1,19,3,7,0,False,True,5936,False,netplay
2024-03-09 19:09:27+00:00,31,LY＃863,2,14,2,KEKW＃849,1,15,3,7,2,False,True,8479,False,netplay
2024-03-09 19:12:26+00:00,28,LY＃863,2,2,1,KEKW＃849,1,15,3,7,2,False,True,6049,False,netplay
2024-03-09 19:14:26+00:00,32,LY＃863,2,25,1,KEKW＃849,1,15,3,7,0,False,True,7961,False,netplay
2024-03-09 19:16:49+00:00,2,LY＃863,2,25,4,KEKW＃849,1,9,4,7,2,False,True,606,False,netplay
2024-03-09 19:17:11+00:00,8,LY＃863,2,12,2,KEKW＃849,1,9,0,2,,True,False,9713,False,netplay
2024-03-09 19:22:57+00:00,3,LY＃863,2,22,0,KEKW＃849,1,9,1,2,,False,True,13687,False,netplay
2024-03-09 19:27:32+00:00,2,LY＃863,2,12,4,KEKW＃849,1,9,3,7,0,True,False,2959,False,netplay
2024-03-09 19:28:33+00:00,32,LY＃863,2,12,0,KEKW＃849,1,15,3,2,,False,True,13555,False,netplay
2024-03-09 19:32:32+00:00,8,LY＃863,2,0,0,KEKW＃849,1,15,3,2,,False,True,9848,False,netplay
2024-03-09 19:35:30+00:00,3,LY＃863,2,2,1,KEKW＃849,1,15,3,7,2,False,True,4822,False,netplay
2024-03-09 19:37:27+00:00,32,LY＃863,2,16,4,KEKW＃849,1,15,4,7,0,False,True,1416,False,netplay
2024-03-09 19:38:06+00:00,32,LY＃863,2,16,0,KEKW＃849,1,19,1,2,,False,True,15387,False,netplay
2024-03-09 19:42:35+00:00,28,LY＃863,2,19,3,KEKW＃849,1,19,4,7,0,False,True,5468,False,netplay
2024-03-09 19:44:19+00:00,3,LY＃863,2,19,2,KEKW＃849,1,2,2,7,2,False,True,8383,False,netplay
2024-03-09 19:46:50+00:00,31,LY＃863,2,13,0,KEKW＃849,1,2,3,2,,False,True,8029,False,netplay
2024-03-09 19:49:17+00:00,2,LY＃863,2,3,4,KEKW＃849,1,2,4,7,0,False,True,1648,False,netplay
2024-03-09 19:49:56+00:00,15,LY＃863,2,3,4,KEKW＃849,1,0,4,7,0,False,True,3,False,netplay
2024-03-09 19:50:02+00:00,8,LY＃863,2,3,0,KEKW＃849,1,0,3,2,,False,True,6013,False,netplay
2024-03-09 19:51:53+00:00,31,LY＃863,2,9,1,KEKW＃849,1,0,1,7,0,True,False,8441,False,netplay
2024-03-09 19:54:31+00:00,2,LY＃863,2,9,4,KEKW＃849,1,7,4,7,0,False,True,14,False,netplay
2024-03-09 19:54:49+00:00,31,LY＃863,2,9,4,KEKW＃849,1,7,4,7,2,False,True,2883,False,netplay
2024-03-09 19:59:21+00:00,28,LY＃863,2,19,0,KEKW＃849,1,2,2,2,,False,True,11592,False,netplay
2024-03-09 20:02:43+00:00,8,LY＃863,2,19,0,KEKW＃849,1,2,2,2,,False,True,7901,False,netplay
2024-03-09 20:05:03+00:00,32,LY＃863,2,19,1,KEKW＃849,1,2,0,2,,True,False,10976,False,netplay
2024-03-09 20:08:15+00:00,28,LY＃863,2,19,0,KEKW＃849,1,2,2,2,,False,True,10893,False,netplay
2024-03-09 20:11:26+00:00,3,LY＃863,2,19,0,KEKW＃849,1,2,2,2,,False,True,12598,False,netplay
2024-03-09 20:15:05+00:00,28,LY＃863,2,19,0,KEKW＃849,1,2,2,2,,False,True,8937,False,netplay
2024-03-09 20:17:43+00:00,32,LY＃863,2,19,1,KEKW＃849,1,2,0,2,,True,False,12330,False,netplay
2024-03-09 20:21:16+00:00,28,LY＃863,2,19,1,KEKW＃849,1,2,0,2,,True,False,10992,False,netplay
2024-03-09 20:24:27+00:00,8,LY＃863,2,19,0,KEKW＃849,1,2,2,2,,False,True,10131,False,netplay
2024-03-09 20:27:25+00:00,3,LY＃863,2,19,0,KEKW＃849,1,2,1,2,,False,True,9339,False,netplay
2024-03-09 20:30:10+00:00,31,LY＃863,2,19,0,KEKW＃849,1,2,3,2,,False,True,8526,False,netplay
2024-03-09 20:32:42+00:00,8,LY＃863,2,19,2,KEKW＃849,1,20,0,2,,True,False,7175,False,netplay
2024-03-09 20:34:50+00:00,3,LY＃863,2,19,0,KEKW＃849,1,20,3,2,,False,True,9534,False,netplay
2024-03-09 20:37:38+00:00,2,LY＃863,2,19,1,KEKW＃849,1,20,0,2,,True,False,11703,False,netplay
2024-03-09 20:41:02+00:00,2,LY＃863,2,19,0,KEKW＃849,1,20,2,2,,False,True,10891,False,netplay
2024-03-09 20:44:14+00:00,28,LY＃863,2,19,1,KEKW＃849,1,9,0,2,,True,False,11720,False,netplay
2024-03-09 20:47:47+00:00,31,LY＃863,2,19,0,KEKW＃849,1,2,3,2,,False,True,9916,False,netplay
2024-03-09 20:50:41+00:00,3,LY＃863,2,19,0,KEKW＃849,1,2,1,2,,False,True,11817,False,netplay
2024-03-09 20:54:08+00:00,2,LY＃863,2,19,0,KEKW＃849,1,2,2,2,,False,True,11492,False,netplay
2024-03-09 20:57:29+00:00,31,LY＃863,2,19,0,KEKW＃849,1,2,1,2,,False,True,11257,False,netplay
2024-03-09 21:00:46+00:00,32,LY＃863,2,19,0,KEKW＃849,1,2,2,2,,False,True,8994,False,netplay
2024-03-09 21:03:26+00:00,8,LY＃863,2,19,1,KEKW＃849,1,9,0,2,,True,False,10289,False,netplay
2024-03-09 21:06:30+00:00,32,LY＃863,2,19,1,KEKW＃849,1,20,0,2,,True,False,14619,False,netplay
2024-03-09 21:10:48+00:00,3,LY＃863,2,19,1,KEKW＃849,1,20,0,2,,True,False,10954,False,netplay
2024-03-09 21:14:05+00:00,32,LY＃863,2,19,2,KEKW＃849,1,0,0,2,,True,False,12166,False,netplay
2024-03-09 21:17:45+00:00,31,LY＃863,2,19,0,KEKW＃849,1,2,1,2,,False,True,10850,False,netplay
2024-03-09 21:20:55+00:00,3,LY＃863,2,19,2,KEKW＃849,1,2,0,2,,True,False,9979,False,netplay
2024-03-09 21:23:49+00:00,2,LY＃863,2,19,3,KEKW＃849,1,2,0,2,,True,False,8723,False,netplay
2024-03-09 21:26:40+00:00,28,LY＃863,2,19,2,KEKW＃849,1,2,0,2,,True,False,8681,False,netplay
2024-03-09 21:29:13+00:00,8,LY＃863,2,19,3,KEKW＃849,1,2,0,2,,True,False,8839,False,netplay
2024-03-09 21:31:48+00:00,3,LY＃863,2,19,3,KEKW＃849,1,2,0,2,,True,False,6416,False,netplay
2024-03-09 21:33:43+00:00,2,LY＃863,2,19,0,KEKW＃849,1,2,1,2,,False,True,11142,False,netplay
2024-03-09 21:36:58+00:00,32,LY＃863,2,19,0,KEKW＃849,1,2,2,2,,False,True,8933,False,netplay
2024-03-09 21:39:36+00:00,28,LY＃863,2,19,0,KEKW＃849,1,2,1,2,,False,True,9012,False,netplay
2024-03-09 21:42:23+00:00,8,LY＃863,2,19,1,KEKW＃849,1,2,0,2,,True,False,10892,False,netplay
2024-03-09 21:45:32+00:00,8,LY＃863,2,19,1,KEKW＃849,1,2,0,2,,True,False,9848,False,netplay
2024-03-09 21:48:24+00:00,28,LY＃863,2,19,0,KEKW＃849,1,2,2,2,,False,True,12214,False,netplay
2024-03-09 21:51:58+00:00,2,LY＃863,2,19,0,KEKW＃849,1,2,1,2,,False,True,13035,False,netplay
2024-03-15 17:01:45+00:00,31,LY＃863,2,3,0,KEKW＃849,1,19,1,2,,False,True,13274,False,netplay
2024-03-15 17:05:44+00:00,3,LY＃863,2,12,1,KEKW＃849,1,3,0,2,,True,False,12515,False,netplay
2024-03-15 17:09:29+00:00,2,LY＃863,2,20,1,KEKW＃849,1,0,0,2,,True,False,12442,False,netplay
2024-03-15 17:13:09+00:00,28,LY＃863,2,2,0,KEKW＃849,1,9,2,2,,False,True,12400,False,netplay
2024-03-15 17:16:56+00:00,32,LY＃863,2,9,0,KEKW＃849,1,20,1,2,,False,True,10466,False,netplay
2024-03-15 17:20:10+00:00,8,LY＃863,2,19,0,KEKW＃849,1,13,1,2,,False,True,11663,False,netplay
2024-03-15 17:23:34+00:00,28,LY＃863,2,19,2,KEKW＃849,1,2,0,2,,True,False,14846,False,netplay
2024-03-15 17:27:50+00:00,3,LY＃863,2,19,0,KEKW＃849,1,2,3,2,,False,True,7142,False,netplay
2024-03-15 17:30:13+00:00,31,LY＃863,2,19,0,KEKW＃849,1,2,1,2,,False,True,15091,False,netplay
2024-03-15 17:34:35+00:00,2,LY＃863,2,19,0,KEKW＃849,1,2,2,2,,False,True,13429,False,netplay
2024-03-15 17:48:40+00:00,8,LY＃863,2,19,3,KEKW＃849,1,11,0,2,,True,False,7765,False,netplay
2024-03-15 17:51:02+00:00,12,LY＃863,2,19,3,KEKW＃849,1,1,0,2,,True,False,9380,False,netplay
2024-03-15 17:53:49+00:00,8,LY＃863,2,19,3,KEKW＃849,1,3,3,7,2,False,True,4874,False,netplay
2024-03-15 17:55:30+00:00,31,LY＃863,2,18,2,KEKW＃849,1,3,1,7,0,True,False,8442,False,netplay
2024-03-15 17:58:04+00:00,32,LY＃863,2,18,3,KEKW＃849,1,12,4,7,2,False,True,2019,False,netplay
2024-03-15 17:58:50+00:00,32,LY＃863,2,11,0,KEKW＃849,1,12,2,2,,False,True,12257,False,netplay
2024-03-15 18:02:38+00:00,2,LY＃863,2,23,1,KEKW＃849,1,12,3,7,2,False,True,7535,False,netplay
2024-03-15 18:04:54+00:00,28,LY＃863,2,20,2,KEKW＃849,1,12,4,7,0,False,True,6416,False,netplay
2024-03-15 18:06:54+00:00,31,LY＃863,2,20,2,KEKW＃849,1,23,3,7,2,False,True,6010,False,netplay
2024-03-15 18:08:47+00:00,5,LY＃863,2,1,1,KEKW＃849,1,23,1,7,0,False,True,9094,False,netplay
2024-03-15 18:11:33+00:00,3,LY＃863,2,1,4,KEKW＃849,1,18,4,7,2,False,True,2446,False,netplay
2024-03-15 18:12:27+00:00,3,LY＃863,2,3,0,KEKW＃849,1,18,3,2,,False,True,6902,False,netplay
2024-03-15 18:14:39+00:00,32,LY＃863,2,2,1,KEKW＃849,1,18,1,7,0,False,True,9345,False,netplay
2024-03-15 18:17:40+00:00,31,LY＃863,2,2,3,KEKW＃849,1,4,3,7,2,False,True,4360,False,netplay
2024-03-15 18:19:07+00:00,8,LY＃863,2,4,1,KEKW＃849,1,4,1,7,0,False,True,11030,False,netplay
2024-03-15 18:22:21+00:00,2,LY＃863,2,4,3,KEKW＃849,1,2,4,7,2,False,True,1266,False,netplay
2024-03-15 18:22:57+00:00,3,LY＃863,2,12,2,KEKW＃849,1,2,0,2,,True,False,13478,False,netplay
2024-03-15 18:26:59+00:00,28,LY＃863,2,12,3,KEKW＃849,1,19,0,2,,True,False,19643,False,netplay
2024-03-15 18:32:38+00:00,6,LY＃863,2,12,4,KEKW＃849,1,20,4,7,0,False,True,15,False,netplay
2024-03-15 18:32:45+00:00,32,LY＃863,2,12,4,KEKW＃849,1,20,4,7,2,False,True,4387,False,netplay
2024-03-15 18:46:15+00:00,28,LY＃863,2,20,0,KEKW＃849,1,9,2,2,,False,True,7341,False,netplay
2024-03-15 18:48:30+00:00,2,LY＃863,2,3,0,KEKW＃849,1,9,3,2,,False,True,7719,False,netplay
2024-03-15 18:51:01+00:00,31,LY＃863,2,19,4,KEKW＃849,1,9,4,7,0,False,True,3236,False,netplay
2024-03-15 18:52:06+00:00,12,LY＃863,2,19,0,KEKW＃849,1,1,1,2,,False,True,16035,False,netplay
2024-03-15 18:56:53+00:00,28,LY＃863,2,8,2,KEKW＃849,1,1,3,7,0,False,True,5336,False,netplay
2024-03-15 18:58:32+00:00,8,LY＃863,2,8,2,KEKW＃849,1,3,3,7,2,False,True,3318,False,netplay
2024-03-15 18:59:40+00:00,30,LY＃863,2,1,0,KEKW＃849,1,3,3,2,,False,True,9960,False,netplay
2024-03-15 19:02:37+00:00,32,LY＃863,2,9,3,KEKW＃849,1,3,2,7,0,True,False,3795,False,netplay
2024-03-15 19:03:51+00:00,2,LY＃863,2,9,1,KEKW＃849,1,8,1,7,2,True,False,8897,False,netplay
2024-03-15 19:06:34+00:00,2,LY＃863,2,15,2,KEKW＃849,1,8,3,7,0,False,True,7698,False,netplay
2024-03-15 19:08:53+00:00,8,LY＃863,2,15,2,KEKW＃849,1,15,3,7,2,False,True,3892,False,netplay
2024-03-15 19:10:13+00:00,3,LY＃863,2,24,0,KEKW＃849,1,15,4,2,,False,True,7394,False,netplay
2024-03-15 19:12:32+00:00,31,LY＃863,2,4,0,KEKW＃849,1,15,4,2,,False,True,7943,False,netplay
2024-03-15 19:14:55+00:00,8,LY＃863,2,2,0,KEKW＃849,1,15,3,2,,False,True,6033,False,netplay
2024-03-15 19:30:23+00:00,31,LY＃863,2,19,1,KEKW＃849,1,1,0,2,,True,False,14458,False,netplay
2024-03-15 19:34:41+00:00,32,LY＃863,2,19,4,KEKW＃849,1,20,3,7,2,True,False,2155,False,netplay
2024-03-15 19:35:30+00:00,5,LY＃863,2,1,0,KEKW＃849,1,20,4,2,,False,True,2003,False,netplay
2024-03-15 19:36:15+00:00,32,LY＃863,2,13,0,KEKW＃849,1,20,3,2,,False,True,9657,False,netplay
2024-03-15 19:39:07+00:00,2,LY＃863,2,9,3,KEKW＃849,1,20,2,7,0,True,False,3208,False,netplay
2024-03-15 19:40:13+00:00,3,LY＃863,2,9,2,KEKW＃849,1,2,0,2,,True,False,10438,False,netplay
2024-03-15 19:43:22+00:00,28,LY＃863,2,9,4,KEKW＃849,1,19,4,7,2,False,True,1218,False,netplay
2024-03-15 19:43:53+00:00,3,LY＃863,2,23,1,KEKW＃849,1,19,2,7,2,False,True,9469,False,netplay
2024-03-15 19:46:44+00:00,8,LY＃863,2,18,2,KEKW＃849,1,19,2,7,0,True,False,7576,False,netplay
2024-03-15 19:49:05+00:00,31,LY＃863,2,18,2,KEKW＃849,1,18,3,7,2,False,True,4672,False,netplay
2024-03-15 19:50:36+00:00,28,LY＃863,2,15,0,KEKW＃849,1,18,3,2,,False,True,9847,False,netplay
2024-03-15 19:53:32+00:00,32,LY＃863,2,24,0,KEKW＃849,1,18,3,2,,False,True,6482,False,netplay
2024-03-15 19:55:36+00:00,31,LY＃863,2,20,2,KEKW＃849,1,18,3,7,0,False,True,4397,False,netplay
2024-03-15 19:57:00+00:00,3,LY＃863,2,20,1,KEKW＃849,1,15,3,7,2,False,True,7605,False,netplay
2024-03-15 19:59:28+00:00,3,LY＃863,2,2,0,KEKW＃849,1,15,3,2,,False,True,6876,False,netplay
2024-03-15 20:13:44+00:00,28,LY＃863,2,20,0,KEKW＃849,1,13,2,2,,False,True,13565,False,netplay
2024-03-15 20:17:54+00:00,8,LY＃863,2,4,1,KEKW＃849,1,13,3,7,0,False,True,7765,False,netplay
2024-03-15 20:20:18+00:00,2,LY＃863,2,4,3,KEKW＃849,1,18,4,7,2,False,True,1339,False,netplay
2024-03-15 20:20:51+00:00,2,LY＃863,2,2,0,KEKW＃849,1,18,3,2,,False,True,8336,False,netplay
2024-03-15 20:23:34+00:00,28,LY＃863,2,0,0,KEKW＃849,1,18,3,2,,False,True,9092,False,netplay
2024-03-15 20:26:20+00:00,31,LY＃863,2,19,1,KEKW＃849,1,18,3,7,0,False,True,9414,False,netplay
2024-03-15 20:29:07+00:00,31,LY＃863,2,19,4,KEKW＃849,1,2,4,7,2,False,True,2051,False,netplay
2024-03-15 20:29:54+00:00,3,LY＃863,2,18,0,KEKW＃849,1,2,2,2,,False,True,11277,False,netplay
2024-03-15 20:33:14+00:00,32,LY＃863,2,12,2,KEKW＃849,1,2,2,7,0,False,True,9351,False,netplay
2024-03-15 20:35:59+00:00,28,LY＃863,2,12,2,KEKW＃849,1,15,4,7,2,False,True,3006,False,netplay
2024-03-15 20:37:03+00:00,2,LY＃863,2,1,0,KEKW＃849,1,15,4,2,,False,True,6371,False,netplay
2024-03-15 20:40:22+00:00,8,LY＃863,2,18,4,KEKW＃849,1,2,4,7,2,False,True,12,False,netplay
2024-03-15 20:40:32+00:00,8,LY＃863,2,19,0,KEKW＃849,1,2,1,2,,False,True,8640,False,netplay
2024-03-15 20:43:05+00:00,28,LY＃863,2,19,0,KEKW＃849,1,2,1,2,,False,True,10135,False,netplay
2024-03-15 20:46:04+00:00,32,LY＃863,2,19,0,KEKW＃849,1,2,4,2,,False,True,5555,False,netplay
2024-03-15 20:47:45+00:00,2,LY＃863,2,19,1,KEKW＃849,1,2,1,7,2,False,True,10564,False,netplay
2024-03-15 20:50:51+00:00,3,LY＃863,2,0,0,KEKW＃849,1,2,4,2,,False,True,5962,False,netplay
2024-03-15 20:52:48+00:00,31,LY＃863,2,0,0,KEKW＃849,1,20,3,2,,False,True,4160,False,netplay
2024-03-15 20:54:06+00:00,8,LY＃863,2,0,0,KEKW＃849,1,0,2,2,,False,True,6499,False,netplay
2024-03-15 20:56:07+00:00,8,LY＃863,2,0,0,KEKW＃849,1,19,2,2,,False,True,7784,False,netplay
2024-03-15 20:58:34+00:00,32,LY＃863,2,0,0,KEKW＃849,1,9,3,2,,False,True,9655,False,netplay
2024-03-15 21:01:28+00:00,28,LY＃863,2,0,0,KEKW＃849,1,5,1,2,,False,True,13227,False,netplay
2024-03-15 21:05:31+00:00,3,LY＃863,2,0,0,KEKW＃849,1,0,1,2,,False,True,12843,False,netplay
2024-03-15 21:09:13+00:00,31,LY＃863,2,0,0,KEKW＃849,1,0,1,2,,False,True,9276,False,netplay
2024-03-15 21:11:59+00:00,2,LY＃863,2,0,0,KEKW＃849,1,25,3,2,,False,True,6616,False,netplay
2024-03-15 21:14:20+00:00,8,LY＃863,2,0,0,KEKW＃849,1,19,1,2,,False,True,11611,False,netplay
2024-03-15 21:17:59+00:00,2,LY＃863,2,19,0,KEKW＃849,1,23,1,2,,False,True,8672,False,netplay
2024-03-15 21:20:37+00:00,28,LY＃863,2,19,0,KEKW＃849,1,20,3,2,,False,True,5556,False,netplay
2024-03-15 21:22:18+00:00,31,LY＃863,2,19,0,KEKW＃849,1,20,1,2,,False,True,11122,False,netplay
2024-03-15 21:25:38+00:00,3,LY＃863,2,19,0,KEKW＃849,1,0,2,2,,False,True,9404,False,netplay
2024-03-15 21:28:27+00:00,32,LY＃863,2,19,0,KEKW＃849,1,2,3,2,,False,True,9295,False,netplay
2024-03-15 21:31:12+00:00,31,LY＃863,2,19,0,KEKW＃849,1,2,3,2,,False,True,8890,False,netplay
2024-03-15 21:33:50+00:00,2,LY＃863,2,19,1,KEKW＃849,1,19,0,2,,True,False,12050,False,netplay
2024-03-15 21:37:26+00:00,32,LY＃863,2,19,0,KEKW＃849,1,9,1,2,,False,True,10797,False,netplay
2024-03-15 21:40:42+00:00,32,LY＃863,2,19,0,KEKW＃849,1,2,2,2,,False,True,9788,False,netplay
2024-03-15 21:43:37+00:00,3,LY＃863,2,19,2,KEKW＃849,1,15,0,2,,True,False,9405,False,netplay
2024-03-15 21:46:32+00:00,8,LY＃863,2,19,3,KEKW＃849,1,20,0,2,,True,False,5552,False,netplay
2024-03-15 21:48:18+00:00,32,LY＃863,2,19,1,KEKW＃849,1,0,0,2,,True,False,11195,False,netplay
2024-03-15 21:51:42+00:00,31,LY＃863,2,19,1,KEKW＃849,1,2,0,2,,True,False,11204,False,netplay
2024-03-15 21:54:57+00:00,28,LY＃863,2,19,1,KEKW＃849,1,2,1,7,2,True,False,9195,False,netplay
2024-03-15 21:57:38+00:00,8,LY＃863,2,19,2,KEKW＃849,1,2,0,2,,True,False,7416,False,netplay
2024-03-15 21:59:51+00:00,3,LY＃863,2,19,3,KEKW＃849,1,2,0,2,,True,False,7871,False,netplay
2024-03-15 22:02:11+00:00,2,LY＃863,2,19,0,KEKW＃849,1,2,2,2,,False,True,7920,False,netplay
2024-03-15 22:04:31+00:00,28,LY＃863,2,19,0,KEKW＃849,1,2,3,2,,False,True,9643,False,netplay
2024-03-15 22:07:21+00:00,32,LY＃863,2,19,4,KEKW＃849,1,2,4,7,2,False,True,26,False,netplay
2024-03-15 22:07:28+00:00,8,LY＃863,2,19,0,KEKW＃849,1,2,3,2,,False,True,8279,False,netplay
2024-03-15 22:09:54+00:00,28,LY＃863,2,19,1,KEKW＃849,1,2,0,2,,True,False,16265,False,netplay
2024-03-15 22:14:34+00:00,8,LY＃863,2,19,0,KEKW＃849,1,2,2,2,,False,True,8371,False,netplay
2024-03-15 22:17:02+00:00,2,LY＃863,2,19,0,KEKW＃849,1,2,3,2,,False,True,9407,False,netplay
2024-03-15 22:19:50+00:00,31,LY＃863,2,19,0,KEKW＃849,1,2,3,2,,False,True,11427,False,netplay
2024-03-15 22:23:09+00:00,3,LY＃863,2,19,0,KEKW＃849,1,2,2,2,,False,True,8983,False,netplay
2024-03-20 19:00:40+00:00,32,LY＃863,2,3,0,KEKW＃849,1,2,2,2,,False,True,11025,False,netplay
2024-03-20 19:03:58+00:00,11,LY＃863,2,3,4,KEKW＃849,1,19,4,7,2,False,True,17,False,netplay
2024-03-20 19:04:05+00:00,2,LY＃863,2,3,0,KEKW＃849,1,19,1,2,,False,True,10851,False,netplay
2024-03-20 19:07:22+00:00,32,LY＃863,2,0,0,KEKW＃849,1,15,4,2,,False,True,3697,False,netplay
2024-03-20 19:10:07+00:00,3,LY＃863,2,0,0,KEKW＃849,1,0,2,2,,False,True,7190,False,netplay
2024-03-20 19:12:18+00:00,8,LY＃863,2,22,2,KEKW＃849,1,9,3,7,2,False,True,5452,False,netplay
2024-03-20 19:14:01+00:00,3,LY＃863,2,20,0,KEKW＃849,1,20,2,2,,False,True,10168,False,netplay
2024-03-20 19:17:03+00:00,2,LY＃863,2,2,1,KEKW＃849,1,23,0,2,,True,False,13701,False,netplay
2024-03-20 19:21:09+00:00,32,LY＃863,2,12,0,KEKW＃849,1,2,1,2,,False,True,12058,False,netplay
2024-03-20 19:24:52+00:00,8,LY＃863,2,19,0,KEKW＃849,1,0,1,2,,False,True,12587,False,netplay
2024-03-20 19:28:33+00:00,32,LY＃863,2,19,0,KEKW＃849,1,9,2,2,,False,True,10467,False,netplay
2024-03-20 19:31:38+00:00,28,LY＃863,2,19,0,KEKW＃849,1,20,1,2,,False,True,10185,False,netplay
2024-03-20 19:34:39+00:00,31,LY＃863,2,19,1,KEKW＃849,1,19,3,7,2,False,True,6603,False,netplay
2024-03-20 19:36:52+00:00,2,LY＃863,2,19,0,KEKW＃849,1,2,2,2,,False,True,9046,False,netplay
2024-03-20 19:39:42+00:00,32,LY＃863,2,19,0,KEKW＃849,1,3,2,2,,False,True,11879,False,netplay
2024-03-20 19:43:40+00:00,3,LY＃863,2,19,0,KEKW＃849,1,13,2,2,,False,True,12922,False,netplay
2024-03-20 19:48:06+00:00,28,LY＃863,2,19,3,KEKW＃849,1,23,0,2,,True,False,8902,False,netplay
2024-03-20 19:50:54+00:00,31,LY＃863,2,19,3,KEKW＃849,1,20,0,2,,True,False,8101,False,netplay
2024-03-20 19:53:20+00:00,3,LY＃863,2,19,0,KEKW＃849,1,15,3,2,,False,True,6845,False,netplay
2024-03-20 19:55:31+00:00,31,LY＃863,2,19,0,KEKW＃849,1,0,1,2,,False,True,11063,False,netplay
2024-03-20 19:58:47+00:00,8,LY＃863,2,19,0,KEKW＃849,1,2,3,2,,False,True,10472,False,netplay
2024-03-20 20:01:54+00:00,31,LY＃863,2,19,0,KEKW＃849,1,22,2,2,,False,True,11411,False,netplay
2024-03-20 20:05:54+00:00,28,LY＃863,2,19,0,KEKW＃849,1,2,2,2,,False,True,13120,False,netplay
2024-03-20 20:09:43+00:00,2,LY＃863,2,19,0,KEKW＃849,1,20,2,2,,False,True,8454,False,netplay
2024-03-20 20:12:16+00:00,3,LY＃863,2,19,0,KEKW＃849,1,19,2,2,,False,True,10887,False,netplay
2024-03-20 20:15:46+00:00,32,LY＃863,2,19,0,KEKW＃849,1,20,2,2,,False,True,10015,False,netplay
2024-03-20 20:18:46+00:00,8,LY＃863,2,19,0,KEKW＃849,1,0,1,2,,False,True,11997,False,netplay
2024-03-20 20:22:40+00:00,8,LY＃863,2,19,0,KEKW＃849,1,20,1,2,,False,True,11185,False,netplay
2024-03-20 20:26:09+00:00,32,LY＃863,2,19,0,KEKW＃849,1,2,3,2,,False,True,9094,False,netplay
2024-03-20 20:28:49+00:00,2,LY＃863,2,19,0,KEKW＃849,1,2,1,2,,False,True,12276,False,netplay
2024-03-20 20:32:23+00:00,28,LY＃863,2,19,0,KEKW＃849,1,2,2,2,,False,True,11036,False,netplay
2024-03-20 20:35:37+00:00,31,LY＃863,2,19,0,KEKW＃849,1,2,3,2,,False,True,7920,False,netplay
2024-03-20 20:38:00+00:00,3,LY＃863,2,19,0,KEKW＃849,1,2,2,2,,False,True,12145,False,netplay
2024-03-20 20:41:33+00:00,32,LY＃863,2,19,0,KEKW＃849,1,2,3,2,,False,True,7669,False,netplay
2024-03-20 20:46:10+00:00,3,LY＃863,2,19,0,KEKW＃849,1,2,3,2,,False,True,10130,False,netplay
2024-03-20 20:54:39+00:00,2,LY＃863,2,19,4,KEKW＃849,1,23,4,7,2,False,True,17,False,netplay
2024-03-20 20:54:52+00:00,8,LY＃863,2,18,0,KEKW＃849,1,23,3,2,,False,True,6849,False,netplay
2024-03-20 20:57:08+00:00,31,LY＃863,2,2,0,KEKW＃849,1,23,3,2,,False,True,7727,False,netplay
2024-03-20 20:59:29+00:00,28,LY＃863,2,17,2,KEKW＃849,1,23,2,7,0,False,True,6319,False,netplay
2024-03-20 21:01:23+00:00,2,LY＃863,2,17,2,KEKW＃849,1,2,3,7,2,False,True,3393,False,netplay
2024-03-20 21:02:28+00:00,8,LY＃863,2,1,0,KEKW＃849,1,2,4,2,,False,True,7154,False,netplay
2024-03-20 21:04:46+00:00,31,LY＃863,2,19,3,KEKW＃849,1,2,1,7,0,True,False,6605,False,netplay
2024-03-20 21:06:48+00:00,12,LY＃863,2,19,2,KEKW＃849,1,1,0,2,,True,False,10053,False,netplay
2024-03-20 21:09:47+00:00,8,LY＃863,2,19,4,KEKW＃849,1,15,4,7,2,False,True,1423,False,netplay
2024-03-20 21:10:23+00:00,28,LY＃863,2,0,0,KEKW＃849,1,15,3,2,,False,True,8450,False,netplay
2024-03-20 21:12:55+00:00,3,LY＃863,2,3,0,KEKW＃849,1,15,3,2,,False,True,11891,False,netplay
2024-03-20 21:16:25+00:00,32,LY＃863,2,20,3,KEKW＃849,1,15,3,7,0,False,True,4091,False,netplay
2024-03-20 21:17:43+00:00,32,LY＃863,2,20,1,KEKW＃849,1,8,2,7,2,False,True,8810,False,netplay
2024-03-20 21:20:21+00:00,2,LY＃863,2,9,2,KEKW＃849,1,8,2,7,0,True,False,6863,False,netplay
2024-03-20 21:22:26+00:00,28,LY＃863,2,9,2,KEKW＃849,1,19,4,7,2,False,True,4587,False,netplay
2024-03-20 21:23:54+00:00,28,LY＃863,2,8,0,KEKW＃849,1,19,3,2,,False,True,12194,False,netplay
2024-03-20 21:35:26+00:00,3,LY＃863,2,3,0,KEKW＃849,1,18,3,2,,False,True,7510,False,netplay
2024-03-20 21:37:44+00:00,2,LY＃863,2,20,0,KEKW＃849,1,18,2,2,,False,True,9752,False,netplay
2024-03-20 21:40:39+00:00,32,LY＃863,2,23,4,KEKW＃849,1,18,3,7,0,True,False,2034,False,netplay
2024-03-20 21:41:25+00:00,32,LY＃863,2,23,0,KEKW＃849,1,25,1,2,,False,True,12155,False,netplay
2024-03-20 21:44:59+00:00,31,LY＃863,2,19,4,KEKW＃849,1,25,4,7,0,False,True,2608,False,netplay
2024-03-20 21:45:53+00:00,3,LY＃863,2,19,2,KEKW＃849,1,17,0,2,,True,False,9547,False,netplay
2024-03-20 21:48:44+00:00,15,LY＃863,2,19,4,KEKW＃849,1,3,4,7,0,False,True,95,False,netplay
2024-03-20 21:48:54+00:00,2,LY＃863,2,19,3,KEKW＃849,1,3,3,7,2,False,True,4477,False,netplay
2024-03-20 21:50:24+00:00,8,LY＃863,2,18,4,KEKW＃849,1,3,1,7,0,True,False,7526,False,netplay
2024-03-20 21:52:41+00:00,8,LY＃863,2,18,2,KEKW＃849,1,13,0,2,,True,False,13008,False,netplay
2024-03-20 21:56:32+00:00,28,LY＃863,2,18,3,KEKW＃849,1,21,3,7,2,False,True,6178,False,netplay
2024-03-20 21:58:25+00:00,32,LY＃863,2,13,3,KEKW＃849,1,21,2,7,2,True,False,4614,False,netplay
2024-03-20 22:00:00+00:00,8,LY＃863,2,13,4,KEKW＃849,1,21,4,7,0,False,True,12,False,netplay
2024-03-20 22:00:07+00:00,32,LY＃863,2,13,3,KEKW＃849,1,21,2,7,0,True,False,4842,False,netplay
2024-03-20 22:01:39+00:00,31,LY＃863,2,13,2,KEKW＃849,1,24,2,7,2,False,True,7519,False,netplay
2024-03-20 22:03:55+00:00,2,LY＃863,2,12,3,KEKW＃849,1,24,2,7,0,True,False,5315,False,netplay
2024-03-20 22:05:44+00:00,12,LY＃863,2,12,1,KEKW＃849,1,1,1,7,2,False,True,13525,False,netplay
2024-03-20 22:09:46+00:00,28,LY＃863,2,25,3,KEKW＃849,1,1,4,7,0,False,True,4502,False,netplay
2024-03-20 22:11:10+00:00,31,LY＃863,2,25,1,KEKW＃849,1,23,2,7,2,False,True,7621,False,netplay
2024-03-20 22:13:28+00:00,3,LY＃863,2,24,0,KEKW＃849,1,23,3,2,,False,True,9535,False,netplay
2024-03-20 22:16:18+00:00,31,LY＃863,2,15,3,KEKW＃849,1,23,3,7,0,False,True,4445,False,netplay
2024-03-20 22:23:38+00:00,6,LY＃863,2,25,2,KEKW＃849,1,4,0,2,,True,False,10910,False,netplay
2024-03-20 22:26:59+00:00,28,LY＃863,2,25,2,KEKW＃849,1,19,4,7,2,False,True,3519,False,netplay
2024-03-20 22:28:13+00:00,2,LY＃863,2,19,1,KEKW＃849,1,19,0,2,,True,False,13523,False,netplay
2024-03-20 22:32:18+00:00,32,LY＃863,2,19,4,KEKW＃849,1,2,4,7,2,False,True,939,False,netplay
2024-03-20 22:32:55+00:00,8,LY＃863,2,23,0,KEKW＃849,1,2,2,2,,False,True,6028,False,netplay
2024-03-20 22:34:47+00:00,32,LY＃863,2,3,0,KEKW＃849,1,2,2,2,,False,True,9234,False,netplay
2024-03-20 22:37:48+00:00,3,LY＃863,2,3,3,KEKW＃849,1,13,1,7,2,True,False,8265,False,netplay
2024-03-20 22:40:17+00:00,31,LY＃863,2,9,4,KEKW＃849,1,13,3,7,0,True,False,1291,False,netplay
2024-03-20 22:40:49+00:00,2,LY＃863,2,9,2,KEKW＃849,1,17,0,2,,True,False,6594,False,netplay
2024-03-20 22:42:52+00:00,3,LY＃863,2,9,4,KEKW＃849,1,24,0,2,,True,False,7458,False,netplay
2024-03-20 22:45:09+00:00,8,LY＃863,2,9,4,KEKW＃849,1,0,0,2,,True,False,3389,False,netplay
2024-03-20 22:46:29+00:00,32,LY＃863,2,9,3,KEKW＃849,1,20,4,7,2,False,True,2332,False,netplay
2024-03-20 22:47:22+00:00,28,LY＃863,2,18,0,KEKW＃849,1,20,2,2,,False,True,12219,False,netplay
2024-03-20 22:50:59+00:00,2,LY＃863,2,17,2,KEKW＃849,1,20,2,7,0,False,True,6396,False,netplay
2024-03-20 22:52:54+00:00,2,LY＃863,2,17,2,KEKW＃849,1,3,1,7,2,True,False,8039,False,netplay
2024-03-20 22:55:23+00:00,32,LY＃863,2,4,4,KEKW＃849,1,3,4,7,0,False,True,1973,False,netplay
2024-03-20 22:57:26+00:00,31,LY＃863,2,19,0,KEKW＃849,1,2,2,2,,False,True,7830,False,netplay
2024-03-20 22:59:45+00:00,8,LY＃863,2,19,0,KEKW＃849,1,2,3,2,,False,True,6798,False,netplay
2024-03-20 23:01:47+00:00,31,LY＃863,2,19,0,KEKW＃849,1,2,2,2,,False,True,12318,False,netplay
2024-03-20 23:05:21+00:00,3,LY＃863,2,19,0,KEKW＃849,1,2,3,2,,False,True,11122,False,netplay
2024-03-20 23:08:37+00:00,28,LY＃863,2,9,0,KEKW＃849,1,2,2,2,,False,True,7736,False,netplay
2024-03-20 23:10:57+00:00,2,LY＃863,2,0,0,KEKW＃849,1,2,4,2,,False,True,8147,False,netplay
2024-03-20 23:13:24+00:00,3,LY＃863,2,16,0,KEKW＃849,1,20,1,2,,False,True,13204,False,netplay
2024-03-20 23:17:18+00:00,28,LY＃863,2,15,0,KEKW＃849,1,15,2,2,,False,True,7627,False,netplay
2024-03-20 23:19:41+00:00,8,LY＃863,2,15,0,KEKW＃849,1,2,1,2,,False,True,10044,False,netplay
2024-03-20 23:22:39+00:00,31,LY＃863,2,15,0,KEKW＃849,1,15,2,2,,False,True,5588,False,netplay
2024-03-20 23:24:23+00:00,32,LY＃863,2,15,0,KEKW＃849,1,0,1,2,,False,True,8793,False,netplay
2024-03-20 23:27:05+00:00,32,LY＃863,2,17,0,KEKW＃849,1,2,3,2,,False,True,7686,False,netplay
2024-03-20 23:29:24+00:00,3,LY＃863,2,17,0,KEKW＃849,1,9,1,2,,False,True,9928,False,netplay
2024-03-20 23:32:24+00:00,31,LY＃863,2,17,0,KEKW＃849,1,19,4,2,,False,True,6375,False,netplay
2024-03-20 23:34:34+00:00,28,LY＃863,2,17,0,KEKW＃849,1,0,1,2,,False,True,12458,False,netplay
2024-03-20 23:38:12+00:00,8,LY＃863,2,17,0,KEKW＃849,1,2,2,2,,False,True,8443,False,netplay
2024-03-20 23:40:44+00:00,2,LY＃863,2,17,3,KEKW＃849,1,14,0,2,,True,False,8842,False,netplay
2024-03-20 23:43:22+00:00,3,LY＃863,2,17,0,KEKW＃849,1,15,2,2,,False,True,11912,False,netplay
2024-03-20 23:46:58+00:00,28,LY＃863,2,17,0,KEKW＃849,1,2,2,2,,False,True,9829,False,netplay
2024-03-20 23:49:56+00:00,32,LY＃863,2,17,0,KEKW＃849,1,20,2,2,,False,True,11166,False,netplay
2024-04-11 19:44:29+00:00,31,LY＃863,2,13,1,KEKW＃849,1,11,0,2,,True,False,18352,False,netplay
2024-04-11 19:50:04+00:00,32,LY＃863,2,25,0,KEKW＃849,1,23,1,2,,False,True,12932,False,netplay
2024-04-11 19:53:57+00:00,2,LY＃863,2,12,0,KEKW＃849,1,24,3,2,,False,True,7014,False,netplay
2024-04-11 19:56:08+00:00,3,LY＃863,2,9,0,KEKW＃849,1,8,2,2,,False,True,12416,False,netplay
2024-04-11 19:59:48+00:00,28,LY＃863,2,2,1,KEKW＃849,1,4,0,2,,True,False,15696,False,netplay
2024-04-11 20:04:33+00:00,8,LY＃863,2,17,0,KEKW＃849,1,0,3,2,,False,True,8290,False,netplay
2024-04-11 20:07:21+00:00,31,LY＃863,2,3,0,KEKW＃849,1,3,1,2,,False,True,12381,False,netplay
2024-04-11 20:11:11+00:00,32,LY＃863,2,2,0,KEKW＃849,1,22,1,2,,False,True,14815,False,netplay
2024-04-11 20:15:32+00:00,8,LY＃863,2,22,2,KEKW＃849,1,23,0,2,,True,False,10663,False,netplay
2024-04-11 20:19:12+00:00,12,LY＃863,2,15,0,KEKW＃849,1,1,2,2,,False,True,10765,False,netplay
2024-04-11 20:22:27+00:00,32,LY＃863,2,24,0,KEKW＃849,1,13,1,2,,False,True,15259,False,netplay
2024-04-11 20:28:01+00:00,2,LY＃863,2,12,0,KEKW＃849,1,11,1,2,,False,True,16810,False,netplay
2024-04-11 20:33:02+00:00,8,LY＃863,2,6,0,KEKW＃849,1,8,3,2,,False,True,6524,False,netplay
2024-04-11 20:35:04+00:00,31,LY＃863,2,10,0,KEKW＃849,1,20,3,2,,False,True,8187,False,netplay
2024-04-11 20:37:39+00:00,3,LY＃863,2,2,1,KEKW＃849,1,23,0,2,,True,False,17210,False,netplay
2024-04-11 20:43:07+00:00,31,LY＃863,2,21,0,KEKW＃849,1,19,2,2,,False,True,12286,False,netplay
2024-04-11 20:46:45+00:00,6,LY＃863,2,13,0,KEKW＃849,1,11,1,2,,False,True,11083,False,netplay
2024-04-11 20:50:04+00:00,28,LY＃863,2,3,0,KEKW＃849,1,14,2,2,,False,True,7609,False,netplay
2024-04-11 20:52:22+00:00,3,LY＃863,2,19,0,KEKW＃849,1,15,1,2,,False,True,10830,False,netplay
2024-04-11 20:55:35+00:00,31,LY＃863,2,23,0,KEKW＃849,1,9,4,2,,False,True,2790,False,netplay
2024-04-11 20:56:33+00:00,32,LY＃863,2,10,0,KEKW＃849,1,0,1,2,,False,True,11360,False,netplay
2024-04-11 20:59:58+00:00,2,LY＃863,2,24,0,KEKW＃849,1,22,2,2,,False,True,6737,False,netplay
2024-04-11 21:02:17+00:00,28,LY＃863,2,16,2,KEKW＃849,1,10,0,2,,True,False,14061,False,netplay
2024-04-11 21:08:03+00:00,2,LY＃863,2,22,0,KEKW＃849,1,13,2,2,,False,True,10240,False,netplay
2024-04-11 21:11:11+00:00,8,LY＃863,2,15,0,KEKW＃849,1,23,3,2,,False,True,8036,False,netplay
2024-04-11 21:13:42+00:00,5,LY＃863,2,1,0,KEKW＃849,1,3,3,2,,False,True,4948,False,netplay
2024-04-11 21:15:40+00:00,32,LY＃863,2,0,1,KEKW＃849,1,8,0,2,,True,False,9749,False,netplay
2024-04-11 21:18:44+00:00,28,LY＃863,2,20,0,KEKW＃849,1,20,2,2,,False,True,9818,False,netplay
2024-04-11 21:21:40+00:00,31,LY＃863,2,15,0,KEKW＃849,1,19,2,2,,False,True,11587,False,netplay
2024-04-11 21:25:07+00:00,8,LY＃863,2,9,0,KEKW＃849,1,15,1,2,,False,True,8387,False,netplay
2024-04-11 21:27:47+00:00,28,LY＃863,2,8,0,KEKW＃849,1,3,1,2,,False,True,13523,False,netplay
2024-04-11 21:31:43+00:00,2,LY＃863,2,23,0,KEKW＃849,1,11,3,2,,False,True,4887,False,netplay
2024-04-11 21:33:17+00:00,3,LY＃863,2,19,2,KEKW＃849,1,8,0,2,,True,False,13757,False,netplay
2024-04-11 21:37:24+00:00,3,LY＃863,2,16,0,KEKW＃849,1,23,2,2,,False,True,14704,False,netplay
2024-04-11 21:41:44+00:00,2,LY＃863,2,9,1,KEKW＃849,1,0,0,2,,True,False,4618,False,netplay
2024-04-11 21:43:33+00:00,3,LY＃863,2,17,2,KEKW＃849,1,13,0,2,,True,False,13044,False,netplay
2024-04-11 21:47:22+00:00,28,LY＃863,2,10,0,KEKW＃849,1,2,2,2,,False,True,8166,False,netplay
2024-04-11 21:49:51+00:00,28,LY＃863,2,0,0,KEKW＃849,1,2,3,2,,False,True,13780,False,netplay
2024-04-11 21:53:52+00:00,31,LY＃863,2,6,0,KEKW＃849,1,2,2,2,,False,True,7564,False,netplay
2024-04-11 21:56:09+00:00,32,LY＃863,2,9,3,KEKW＃849,1,22,0,2,,True,False,5102,False,netplay
2024-04-11 21:57:45+00:00,31,LY＃863,2,25,0,KEKW＃849,1,20,1,2,,False,True,9676,False,netplay
2024-04-11 22:00:38+00:00,3,LY＃863,2,23,0,KEKW＃849,1,23,2,2,,False,True,6679,False,netplay
2024-04-11 22:02:44+00:00,8,LY＃863,2,21,0,KEKW＃849,1,19,3,2,,False,True,8074,False,netplay
2024-04-11 22:05:11+00:00,8,LY＃863,2,24,0,KEKW＃849,1,15,3,2,,False,True,6048,False,netplay
2024-04-11 22:07:10+00:00,32,LY＃863,2,20,2,KEKW＃849,1,8,0,2,,True,False,14281,False,netplay
2024-04-11 22:11:27+00:00,8,LY＃863,2,22,0,KEKW＃849,1,2,2,2,,False,True,10306,False,netplay
2024-04-11 22:14:33+00:00,28,LY＃863,2,7,0,KEKW＃849,1,2,3,2,,False,True,7723,False,netplay
2024-04-11 22:16:57+00:00,31,LY＃863,2,4,3,KEKW＃849,1,24,0,2,,True,False,9651,False,netplay
2024-04-11 22:20:05+00:00,32,LY＃863,2,9,0,KEKW＃849,1,0,1,2,,False,True,10359,False,netplay
2024-04-11 22:23:21+00:00,2,LY＃863,2,9,0,KEKW＃849,1,23,2,2,,False,True,6395,False,netplay
2024-04-11 22:25:28+00:00,3,LY＃863,2,9,0,KEKW＃849,1,11,2,2,,False,True,9882,False,netplay
2024-04-11 22:28:27+00:00,28,LY＃863,2,9,0,KEKW＃849,1,17,1,2,,False,True,12368,False,netplay
2024-04-11 22:32:14+00:00,8,LY＃863,2,9,0,KEKW＃849,1,2,1,2,,False,True,11206,False,netplay
2024-04-11 22:35:50+00:00,3,LY＃863,2,19,0,KEKW＃849,1,2,1,2,,False,True,10402,False,netplay
2024-04-11 22:38:56+00:00,31,LY＃863,2,19,0,KEKW＃849,1,2,4,2,,False,True,7123,False,netplay
2024-04-11 22:41:03+00:00,2,LY＃863,2,19,0,KEKW＃849,1,2,2,2,,False,True,12446,False,netplay
2024-04-11 22:44:40+00:00,32,LY＃863,2,19,0,KEKW＃849,1,2,3,2,,False,True,7889,False,netplay
2024-04-11 22:47:04+00:00,32,LY＃863,2,19,0,KEKW＃849,1,2,2,2,,False,True,10876,False,netplay
2024-04-11 22:50:14+00:00,2,LY＃863,2,19,0,KEKW＃849,1,2,1,2,,False,True,9711,False,netplay
2024-04-11 22:53:06+00:00,3,LY＃863,2,19,0,KEKW＃849,1,2,2,2,,False,True,10694,False,netplay
2024-04-26 16:24:23+00:00,8,LY＃863,2,7,1,KEKW＃849,1,20,0,2,,True,False,13950,False,netplay
2024-04-26 16:28:29+00:00,32,LY＃863,2,0,1,KEKW＃849,1,0,0,2,,True,False,8014,False,netplay
2024-04-26 16:30:59+00:00,28,LY＃863,2,10,0,KEKW＃849,1,9,2,2,,False,True,18001,False,netplay
2024-04-26 16:36:14+00:00,8,LY＃863,2,11,0,KEKW＃849,1,19,3,2,,False,True,8231,False,netplay
2024-04-26 16:38:46+00:00,3,LY＃863,2,16,1,KEKW＃849,1,15,0,2,,True,False,14949,False,netplay
2024-04-26 16:43:12+00:00,31,LY＃863,2,23,0,KEKW＃849,1,23,2,2,,False,True,7707,False,netplay
2024-04-26 16:45:43+00:00,28,LY＃863,2,12,1,KEKW＃849,1,20,0,2,,True,False,17360,False,netplay
2024-04-26 16:50:48+00:00,8,LY＃863,2,20,0,KEKW＃849,1,2,1,2,,False,True,15304,False,netplay
2024-04-26 16:55:45+00:00,31,LY＃863,2,13,0,KEKW＃849,1,2,1,2,,False,True,10485,False,netplay
2024-04-26 16:59:08+00:00,2,LY＃863,2,9,0,KEKW＃849,1,2,3,2,,False,True,9836,False,netplay
2024-04-26 17:02:01+00:00,32,LY＃863,2,9,0,KEKW＃849,1,2,2,2,,False,True,6686,False,netplay
2024-04-26 17:04:08+00:00,28,LY＃863,2,19,0,KEKW＃849,1,2,2,2,,False,True,10833,False,netplay
2024-04-26 17:07:18+00:00,2,LY＃863,2,19,1,KEKW＃849,1,2,0,2,,True,False,12774,False,netplay
2024-04-26 17:11:00+00:00,3,LY＃863,2,19,0,KEKW＃849,1,2,4,2,,False,True,5779,False,netplay
2024-04-26 17:12:46+00:00,8,LY＃863,2,19,0,KEKW＃849,1,0,2,2,,False,True,7728,False,netplay
2024-04-26 17:15:13+00:00,3,LY＃863,2,19,0,KEKW＃849,1,20,1,2,,False,True,13228,False,netplay
2024-04-26 17:19:06+00:00,31,LY＃863,2,19,2,KEKW＃849,1,23,0,2,,True,False,11316,False,netplay
2024-04-26 17:22:30+00:00,2,LY＃863,2,19,0,KEKW＃849,1,2,3,2,,False,True,6043,False,netplay
2024-04-26 17:24:43+00:00,32,LY＃863,2,19,2,KEKW＃849,1,8,0,2,,True,False,12400,False,netplay
2024-04-26 17:30:54+00:00,32,LY＃863,2,19,0,KEKW＃849,1,20,1,2,,False,True,12483,False,netplay
2024-04-26 17:34:45+00:00,3,LY＃863,2,19,0,KEKW＃849,1,0,2,2,,False,True,9700,False,netplay
2024-04-26 17:37:53+00:00,32,LY＃863,2,19,0,KEKW＃849,1,23,1,2,,False,True,16463,False,netplay
2024-04-26 17:43:01+00:00,28,LY＃863,2,19,2,KEKW＃849,1,21,1,7,2,True,False,10391,False,netplay
2024-04-26 17:46:15+00:00,2,LY＃863,2,19,1,KEKW＃849,1,19,0,2,,True,False,14982,False,netplay
2024-04-26 17:50:44+00:00,3,LY＃863,2,19,0,KEKW＃849,1,2,2,2,,False,True,12688,False,netplay
2024-04-26 17:54:31+00:00,8,LY＃863,2,19,1,KEKW＃849,1,15,4,7,2,False,True,1813,False,netplay
2024-04-26 17:55:23+00:00,31,LY＃863,2,19,0,KEKW＃849,1,20,1,2,,False,True,14391,False,netplay
2024-04-26 17:59:38+00:00,8,LY＃863,2,19,0,KEKW＃849,1,9,2,2,,False,True,8325,False,netplay
2024-04-26 18:02:15+00:00,2,LY＃863,2,19,0,KEKW＃849,1,0,2,2,,False,True,18356,False,netplay
2024-04-26 18:07:49+00:00,3,LY＃863,2,19,4,KEKW＃849,1,2,4,7,0,False,True,3668,False,netplay
2024-04-26 18:08:58+00:00,28,LY＃863,2,19,0,KEKW＃849,1,2,2,2,,False,True,10867,False,netplay
2024-04-26 18:12:08+00:00,28,LY＃863,2,19,0,KEKW＃849,1,2,2,2,,False,True,11275,False,netplay
2024-04-26 18:15:24+00:00,32,LY＃863,2,19,0,KEKW＃849,1,2,2,2,,False,True,10500,False,netplay
2024-04-26 18:18:46+00:00,31,LY＃863,2,19,0,KEKW＃849,1,2,2,2,,False,True,13953,False,netplay
2024-04-26 18:23:02+00:00,28,LY＃863,2,19,0,KEKW＃849,1,2,3,2,,False,True,8016,False,netplay
2024-04-27 16:12:34+00:00,28,LY＃863,1,20,0,KEKW＃849,2,23,1,2,,False,True,13697,False,netplay
2024-04-27 16:16:32+00:00,8,LY＃863,1,20,0,KEKW＃849,2,15,3,2,,False,True,4836,False,netplay
2024-04-27 16:18:02+00:00,3,LY＃863,1,20,0,KEKW＃849,2,0,2,2,,False,True,11542,False,netplay
2024-04-27 16:21:37+00:00,32,LY＃863,1,2,3,KEKW＃849,2,20,0,2,,True,False,2801,False,netplay
2024-04-27 16:22:35+00:00,2,LY＃863,1,2,0,KEKW＃849,2,20,3,2,,False,True,6799,False,netplay
2024-04-27 16:24:46+00:00,31,LY＃863,1,2,0,KEKW＃849,2,9,2,2,,False,True,11959,False,netplay
2024-04-27 16:28:16+00:00,28,LY＃863,1,2,0,KEKW＃849,2,19,1,2,,False,True,13290,False,netplay
2024-04-27 16:32:07+00:00,2,LY＃863,1,2,0,KEKW＃849,2,2,2,2,,False,True,10113,False,netplay
2024-04-27 16:35:17+00:00,31,LY＃863,1,9,2,KEKW＃849,2,15,0,2,,True,False,7972,False,netplay
2024-04-27 16:37:43+00:00,32,LY＃863,1,19,0,KEKW＃849,2,2,3,2,,False,True,6814,False,netplay
2024-04-27 16:39:45+00:00,3,LY＃863,1,19,0,KEKW＃849,2,2,1,2,,False,True,16530,False,netplay
2024-04-27 16:44:31+00:00,8,LY＃863,1,19,0,KEKW＃849,2,2,2,2,,False,True,8222,False,netplay
2024-04-27 16:46:57+00:00,2,LY＃863,1,19,0,KEKW＃849,2,2,1,2,,False,True,14156,False,netplay
2024-04-27 16:51:11+00:00,28,LY＃863,1,19,0,KEKW＃849,2,2,2,2,,False,True,11607,False,netplay
2024-04-27 16:54:33+00:00,32,LY＃863,1,19,0,KEKW＃849,2,2,1,2,,False,True,13043,False,netplay
2024-04-27 16:58:19+00:00,3,LY＃863,1,19,1,KEKW＃849,2,2,0,2,,True,False,9400,False,netplay
2024-04-27 17:01:04+00:00,28,LY＃863,1,19,1,KEKW＃849,2,2,0,2,,True,False,13567,False,netplay
2024-04-27 17:11:28+00:00,3,LY＃863,1,19,3,KEKW＃849,2,2,3,7,2,True,False,17265,False,netplay
2024-04-27 17:16:23+00:00,3,LY＃863,1,19,0,KEKW＃849,2,2,2,2,,False,True,11518,False,netplay
2024-04-27 17:19:47+00:00,28,LY＃863,1,19,1,KEKW＃849,2,2,0,2,,True,False,12695,False,netplay
2024-04-27 17:23:26+00:00,31,LY＃863,1,19,2,KEKW＃849,2,2,0,2,,True,False,10155,False,netplay
2024-04-27 17:26:23+00:00,8,LY＃863,1,19,1,KEKW＃849,2,2,0,2,,True,False,10499,False,netplay
2024-04-27 17:29:26+00:00,31,LY＃863,1,19,0,KEKW＃849,2,2,2,2,,False,True,13774,False,netplay
2024-04-27 17:33:28+00:00,31,LY＃863,1,19,0,KEKW＃849,2,2,2,2,,False,True,13871,False,netplay
2024-04-27 17:37:29+00:00,8,LY＃863,1,19,0,KEKW＃849,2,2,3,2,,False,True,7981,False,netplay
2024-04-27 17:39:50+00:00,2,LY＃863,1,19,0,KEKW＃849,2,2,3,2,,False,True,7877,False,netplay
2024-04-27 17:42:10+00:00,32,LY＃863,1,19,0,KEKW＃849,2,2,3,2,,False,True,10505,False,netplay
2024-04-27 17:45:14+00:00,28,LY＃863,1,19,0,KEKW＃849,2,2,1,2,,False,True,13575,False,netplay
2024-04-27 17:49:08+00:00,2,LY＃863,1,19,0,KEKW＃849,2,2,2,2,,False,True,14796,False,netplay
2024-04-27 17:53:37+00:00,31,LY＃863,1,19,0,KEKW＃849,2,2,3,2,,False,True,10153,False,netplay
2024-04-27 17:56:40+00:00,32,LY＃863,1,7,0,KEKW＃849,2,20,1,2,,False,True,11164,False,netplay
2024-04-27 17:59:59+00:00,3,LY＃863,1,0,0,KEKW＃849,2,0,4,2,,False,True,7091,False,netplay
2024-04-27 18:02:08+00:00,8,LY＃863,1,0,0,KEKW＃849,2,23,2,2,,False,True,7909,False,netplay
2024-04-27 18:04:43+00:00,2,LY＃863,1,0,0,KEKW＃849,2,15,1,2,,False,True,8990,False,netplay
2024-04-27 18:07:24+00:00,8,LY＃863,1,0,0,KEKW＃849,2,19,3,2,,False,True,8253,False,netplay
2024-04-27 18:10:03+00:00,32,LY＃863,1,0,2,KEKW＃849,2,25,0,2,,True,False,7408,False,netplay
2024-04-27 18:12:25+00:00,3,LY＃863,1,0,0,KEKW＃849,2,20,2,2,,False,True,8511,False,netplay
2024-04-27 18:14:58+00:00,3,LY＃863,1,0,0,KEKW＃849,2,15,2,2,,False,True,8752,False,netplay
2024-04-27 18:17:35+00:00,28,LY＃863,1,0,0,KEKW＃849,2,23,2,2,,False,True,11581,False,netplay
2024-04-27 18:21:03+00:00,31,LY＃863,1,0,0,KEKW＃849,2,2,3,2,,False,True,6494,False,netplay
2024-04-27 18:23:16+00:00,3,LY＃863,1,0,0,KEKW＃849,2,20,2,2,,False,True,7854,False,netplay
2024-04-27 18:26:05+00:00,28,LY＃863,1,0,0,KEKW＃849,2,0,2,2,,False,True,8474,False,netplay
2024-04-27 18:28:48+00:00,2,LY＃863,1,0,1,KEKW＃849,2,13,0,2,,True,False,10222,False,netplay
2024-04-27 18:32:00+00:00,32,LY＃863,1,0,0,KEKW＃849,2,12,4,2,,False,True,5175,False,netplay
2024-04-27 18:33:41+00:00,31,LY＃863,1,0,0,KEKW＃849,2,9,2,2,,False,True,8661,False,netplay
2024-04-27 18:36:23+00:00,8,LY＃863,1,0,0,KEKW＃849,2,11,1,2,,False,True,12976,False,netplay
2024-04-27 18:40:23+00:00,32,LY＃863,1,0,0,KEKW＃849,2,20,2,2,,False,True,7174,False,netplay
2024-05-01 12:13:23+00:00,2,LY＃863,2,2,4,KEKW＃849,1,2,4,7,0,False,True,11,False,netplay
2024-05-01 12:13:31+00:00,32,LY＃863,2,2,0,KEKW＃849,1,2,3,2,,False,True,8551,False,netplay
2024-05-01 12:16:02+00:00,32,LY＃863,2,2,0,KEKW＃849,1,2,3,2,,False,True,8121,False,netplay
2024-05-01 12:18:30+00:00,8,LY＃863,2,2,0,KEKW＃849,1,2,2,2,,False,True,7885,False,netplay
2024-05-01 12:20:56+00:00,3,LY＃863,2,19,0,KEKW＃849,1,2,4,2,,False,True,11824,False,netplay
2024-05-01 12:24:26+00:00,28,LY＃863,2,16,0,KEKW＃849,1,2,2,2,,False,True,13084,False,netplay
2024-05-01 12:28:19+00:00,31,LY＃863,2,13,2,KEKW＃849,1,19,0,2,,True,False,17497,False,netplay
2024-05-01 12:33:55+00:00,32,LY＃863,2,3,0,KEKW＃849,1,14,3,2,,False,True,11201,False,netplay
2024-05-01 12:37:14+00:00,32,LY＃863,2,20,0,KEKW＃849,1,20,3,2,,False,True,7834,False,netplay
2024-05-01 12:39:40+00:00,2,LY＃863,2,9,3,KEKW＃849,1,0,0,2,,True,False,9263,False,netplay
2024-05-01 12:42:26+00:00,28,LY＃863,2,12,0,KEKW＃849,1,19,1,2,,False,True,13791,False,netplay
2024-05-01 12:47:30+00:00,3,LY＃863,2,19,0,KEKW＃849,1,9,2,2,,False,True,12303,False,netplay
2024-05-01 12:51:16+00:00,28,LY＃863,2,19,1,KEKW＃849,1,15,0,2,,True,False,13716,False,netplay
2024-05-01 12:55:18+00:00,32,LY＃863,2,19,0,KEKW＃849,1,15,2,2,,False,True,8839,False,netplay
2024-05-01 12:58:32+00:00,8,LY＃863,2,19,0,KEKW＃849,1,2,1,2,,False,True,12516,False,netplay
2024-05-01 13:02:10+00:00,32,LY＃863,2,19,4,KEKW＃849,1,2,4,7,2,False,True,110,False,netplay
2024-05-01 13:02:18+00:00,2,LY＃863,2,19,2,KEKW＃849,1,2,0,2,,True,False,12158,False,netplay
2024-05-01 13:05:49+00:00,8,LY＃863,2,19,2,KEKW＃849,1,2,0,2,,True,False,11561,False,netplay
2024-05-01 13:09:09+00:00,32,LY＃863,2,19,0,KEKW＃849,1,2,2,2,,False,True,12260,False,netplay
2024-05-01 13:16:43+00:00,31,LY＃863,2,19,0,KEKW＃849,1,2,1,2,,False,True,12284,False,netplay
2024-05-01 13:20:16+00:00,2,LY＃863,2,19,0,KEKW＃849,1,2,3,2,,False,True,8371,False,netplay
2024-05-01 13:22:44+00:00,8,LY＃863,2,19,0,KEKW＃849,1,2,2,2,,False,True,9191,False,netplay
2024-05-01 13:25:25+00:00,32,LY＃863,2,19,4,KEKW＃849,1,2,4,7,2,False,True,2063,False,netplay
2024-05-01 13:26:06+00:00,6,LY＃863,2,19,4,KEKW＃849,1,2,4,7,2,False,True,14,False,netplay
2024-05-01 13:26:13+00:00,31,LY＃863,2,19,0,KEKW＃849,1,2,2,2,,False,True,6242,False,netplay
2024-05-01 13:28:05+00:00,3,LY＃863,2,19,0,KEKW＃849,1,2,3,2,,False,True,10205,False,netplay
2024-05-01 13:31:05+00:00,28,LY＃863,2,19,0,KEKW＃849,1,2,1,2,,False,True,13554,False,netplay
2024-05-01 13:35:00+00:00,28,LY＃863,2,19,0,KEKW＃849,1,2,2,2,,False,True,12387,False,netplay
2024-05-01 13:38:36+00:00,2,LY＃863,2,19,0,KEKW＃849,1,20,2,2,,False,True,8838,False,netplay
2024-05-01 13:41:17+00:00,3,LY＃863,2,19,0,KEKW＃849,1,0,2,2,,False,True,9823,False,netplay
2024-05-01 13:44:25+00:00,31,LY＃863,2,19,0,KEKW＃849,1,19,3,2,,False,True,10500,False,netplay
2024-05-04 13:42:34+00:00,28,LY＃863,1,3,1,KEKW＃849,2,9,0,2,,True,False,12070,False,netplay
2024-05-04 13:46:15+00:00,31,LY＃863,1,20,0,KEKW＃849,2,23,3,2,,False,True,7644,False,netplay
2024-05-04 13:48:35+00:00,3,LY＃863,1,20,0,KEKW＃849,2,15,2,2,,False,True,10444,False,netplay
2024-05-04 13:51:45+00:00,32,LY＃863,1,20,2,KEKW＃849,2,0,0,2,,True,False,8930,False,netplay
2024-05-04 13:54:29+00:00,28,LY＃863,1,2,0,KEKW＃849,2,19,2,2,,False,True,12243,False,netplay
2024-05-04 13:58:02+00:00,2,LY＃863,1,2,0,KEKW＃849,2,20,2,2,,False,True,7928,False,netplay
2024-05-04 14:00:25+00:00,8,LY＃863,1,9,0,KEKW＃849,2,2,2,2,,False,True,9937,False,netplay
2024-05-04 14:03:23+00:00,31,LY＃863,1,19,3,KEKW＃849,2,7,0,2,,True,False,8838,False,netplay
2024-05-04 14:06:05+00:00,32,LY＃863,1,19,0,KEKW＃849,2,9,1,2,,False,True,13095,False,netplay
2024-05-04 14:10:01+00:00,28,LY＃863,1,19,0,KEKW＃849,2,20,3,2,,False,True,7252,False,netplay
2024-05-04 14:12:24+00:00,31,LY＃863,1,19,0,KEKW＃849,2,20,2,2,,False,True,9183,False,netplay
2024-05-04 14:15:28+00:00,32,LY＃863,1,19,0,KEKW＃849,2,20,1,2,,False,True,13009,False,netplay
2024-05-04 14:19:13+00:00,3,LY＃863,1,19,0,KEKW＃849,2,20,2,2,,False,True,10180,False,netplay
2024-05-04 14:22:15+00:00,28,LY＃863,1,19,0,KEKW＃849,2,15,1,2,,False,True,16104,False,netplay
2024-05-04 14:26:58+00:00,2,LY＃863,1,19,0,KEKW＃849,2,2,1,2,,False,True,13221,False,netplay
2024-05-04 14:30:47+00:00,8,LY＃863,1,19,0,KEKW＃849,2,2,3,2,,False,True,5638,False,netplay
2024-05-04 14:32:31+00:00,3,LY＃863,1,19,1,KEKW＃849,2,9,0,2,,True,False,14199,False,netplay
2024-05-04 14:42:07+00:00,8,LY＃863,1,19,0,KEKW＃849,2,20,2,2,,False,True,7684,False,netplay
2024-05-04 14:44:37+00:00,2,LY＃863,1,19,0,KEKW＃849,2,20,2,2,,False,True,11072,False,netplay
2024-05-04 14:48:03+00:00,32,LY＃863,1,19,4,KEKW＃849,2,2,4,7,0,True,False,1352,False,netplay
2024-05-04 14:48:58+00:00,31,LY＃863,1,19,0,KEKW＃849,2,0,2,2,,False,True,11479,False,netplay
2024-05-04 14:52:17+00:00,32,LY＃863,1,19,0,KEKW＃849,2,0,3,2,,False,True,8494,False,netplay
2024-05-04 14:54:51+00:00,8,LY＃863,1,19,0,KEKW＃849,2,0,2,2,,False,True,8866,False,netplay
2024-05-04 14:57:36+00:00,28,LY＃863,1,19,0,KEKW＃849,2,15,1,2,,False,True,22756,False,netplay
2024-05-04 15:04:13+00:00,31,LY＃863,1,19,0,KEKW＃849,2,20,3,2,,False,True,10651,False,netplay
2024-05-04 15:07:19+00:00,2,LY＃863,1,19,0,KEKW＃849,2,2,2,2,,False,True,9726,False,netplay
2024-05-04 15:10:10+00:00,8,LY＃863,1,19,0,KEKW＃849,2,2,1,2,,False,True,9347,False,netplay
2024-05-04 15:12:56+00:00,28,LY＃863,1,19,0,KEKW＃849,2,2,1,2,,False,True,16810,False,netplay
2024-05-04 15:17:46+00:00,3,LY＃863,1,19,0,KEKW＃849,2,2,2,2,,False,True,14738,False,netplay
2024-05-04 15:22:00+00:00,32,LY＃863,1,19,4,KEKW＃849,2,2,4,7,0,True,False,82,False,netplay
2024-05-04 15:22:08+00:00,32,LY＃863,1,19,0,KEKW＃849,2,2,3,2,,False,True,8722,False,netplay
2024-05-04 15:24:41+00:00,3,LY＃863,1,19,0,KEKW＃849,2,2,3,2,,False,True,7640,False,netplay
2024-05-04 15:27:05+00:00,31,LY＃863,1,19,0,KEKW＃849,2,0,3,2,,False,True,5615,False,netplay
2024-05-04 15:28:47+00:00,2,LY＃863,1,19,0,KEKW＃849,2,0,2,2,,False,True,15406,False,netplay
2024-05-04 15:33:24+00:00,8,LY＃863,1,19,0,KEKW＃849,2,15,1,2,,False,True,7889,False,netplay
2024-05-04 15:35:44+00:00,28,LY＃863,1,19,0,KEKW＃849,2,15,1,2,,False,True,11091,False,netplay
2024-05-04 15:38:57+00:00,32,LY＃863,1,19,0,KEKW＃849,2,15,2,2,,False,True,9197,False,netplay
2024-05-04 15:41:39+00:00,2,LY＃863,1,19,1,KEKW＃849,2,15,0,2,,True,False,11704,False,netplay
2024-05-04 15:45:10+00:00,2,LY＃863,1,19,2,KEKW＃849,2,15,0,2,,True,False,10693,False,netplay
2024-05-04 15:48:16+00:00,3,LY＃863,1,19,0,KEKW＃849,2,15,1,2,,False,True,8885,False,netplay
2024-05-04 15:50:53+00:00,32,LY＃863,1,19,0,KEKW＃849,2,15,2,2,,False,True,11986,False,netplay
2024-05-04 15:54:21+00:00,28,LY＃863,1,19,0,KEKW＃849,2,15,3,2,,False,True,6895,False,netplay
2024-05-04 15:56:23+00:00,31,LY＃863,1,19,0,KEKW＃849,2,15,2,2,,False,True,11578,False,netplay
2024-05-04 15:59:45+00:00,8,LY＃863,1,19,0,KEKW＃849,2,15,1,2,,False,True,8215,False,netplay
2024-05-15 19:04:19+00:00,31,LY＃863,2,22,0,KEKW＃849,1,1,2,2,,False,True,15118,False,netplay
2024-05-15 19:08:46+00:00,8,LY＃863,2,12,1,KEKW＃849,1,13,0,2,,True,False,11468,False,netplay
2024-05-15 19:12:12+00:00,32,LY＃863,2,20,0,KEKW＃849,1,19,2,2,,False,True,11848,False,netplay
2024-05-15 19:15:39+00:00,28,LY＃863,2,20,0,KEKW＃849,1,0,3,2,,False,True,9682,False,netplay
2024-05-15 19:18:34+00:00,31,LY＃863,2,2,1,KEKW＃849,1,20,0,2,,True,False,12435,False,netplay
2024-05-15 19:22:32+00:00,8,LY＃863,2,9,0,KEKW＃849,1,9,1,2,,False,True,11463,False,netplay
2024-05-15 19:26:03+00:00,2,LY＃863,2,9,0,KEKW＃849,1,15,1,2,,False,True,10251,False,netplay
2024-05-15 19:29:07+00:00,3,LY＃863,2,9,3,KEKW＃849,1,20,4,7,2,False,True,1182,False,netplay
2024-05-15 19:29:36+00:00,32,LY＃863,2,19,0,KEKW＃849,1,20,1,2,,False,True,10126,False,netplay
2024-05-15 19:32:56+00:00,32,LY＃863,2,19,4,KEKW＃849,1,2,4,7,2,False,True,11,False,netplay
2024-05-15 19:33:02+00:00,2,LY＃863,2,19,0,KEKW＃849,1,2,1,2,,False,True,12398,False,netplay
2024-05-15 19:36:37+00:00,3,LY＃863,2,19,0,KEKW＃849,1,2,3,2,,False,True,8204,False,netplay
2024-05-15 19:39:02+00:00,8,LY＃863,2,19,0,KEKW＃849,1,2,2,2,,False,True,7754,False,netplay
2024-05-15 19:41:19+00:00,28,LY＃863,2,19,0,KEKW＃849,1,2,3,2,,False,True,6118,False,netplay
2024-05-15 19:43:10+00:00,31,LY＃863,2,19,0,KEKW＃849,1,2,3,2,,False,True,5592,False,netplay
2024-05-15 19:45:05+00:00,3,LY＃863,2,19,0,KEKW＃849,1,20,3,2,,False,True,9096,False,netplay
2024-05-15 19:47:48+00:00,28,LY＃863,2,19,0,KEKW＃849,1,0,3,2,,False,True,5483,False,netplay
2024-05-15 19:49:31+00:00,31,LY＃863,2,19,0,KEKW＃849,1,15,2,2,,False,True,6924,False,netplay
2024-05-15 19:51:45+00:00,2,LY＃863,2,19,0,KEKW＃849,1,9,2,2,,False,True,9301,False,netplay
2024-05-15 19:55:04+00:00,32,LY＃863,2,19,0,KEKW＃849,1,23,1,2,,False,True,9717,False,netplay
2024-05-15 19:58:55+00:00,8,LY＃863,2,19,0,KEKW＃849,1,7,2,2,,False,True,6749,False,netplay
2024-05-15 20:01:01+00:00,8,LY＃863,2,19,0,KEKW＃849,1,16,2,2,,False,True,8606,False,netplay
2024-05-15 20:03:53+00:00,3,LY＃863,2,19,0,KEKW＃849,1,20,3,2,,False,True,6753,False,netplay
2024-05-15 20:06:07+00:00,32,LY＃863,2,19,0,KEKW＃849,1,19,3,2,,False,True,7274,False,netplay
2024-05-15 20:08:43+00:00,2,LY＃863,2,19,0,KEKW＃849,1,2,2,2,,False,True,12505,False,netplay
2024-05-15 20:12:21+00:00,28,LY＃863,2,19,1,KEKW＃849,1,2,0,2,,True,False,11716,False,netplay
2024-05-15 20:15:44+00:00,31,LY＃863,2,19,0,KEKW＃849,1,2,1,2,,False,True,10055,False,netplay
2024-05-15 20:18:40+00:00,31,LY＃863,2,19,0,KEKW＃849,1,2,2,2,,False,True,8744,False,netplay
2024-05-15 20:22:06+00:00,31,LY＃863,2,19,0,KEKW＃849,1,2,2,2,,False,True,8932,False,netplay
2024-05-15 20:24:43+00:00,32,LY＃863,2,19,4,KEKW＃849,1,2,4,7,2,False,True,7,False,netplay
2024-05-15 20:24:50+00:00,2,LY＃863,2,19,0,KEKW＃849,1,2,4,2,,False,True,3938,False,netplay
2024-05-15 20:26:04+00:00,3,LY＃863,2,19,0,KEKW＃849,1,2,4,2,,False,True,7971,False,netplay
2024-05-15 20:28:28+00:00,28,LY＃863,2,19,0,KEKW＃849,1,20,2,2,,False,True,8741,False,netplay
2024-05-15 20:31:02+00:00,8,LY＃863,2,19,0,KEKW＃849,1,20,2,2,,False,True,6569,False,netplay
2024-05-15 20:32:59+00:00,3,LY＃863,2,19,0,KEKW＃849,1,20,2,2,,False,True,7316,False,netplay
2024-05-15 20:35:10+00:00,8,LY＃863,2,19,0,KEKW＃849,1,20,2,2,,False,True,9915,False,netplay
2024-05-15 20:38:04+00:00,28,LY＃863,2,19,0,KEKW＃849,1,20,2,2,,False,True,13591,False,netplay
2024-05-15 20:42:00+00:00,2,LY＃863,2,19,0,KEKW＃849,1,15,3,2,,False,True,4348,False,netplay
2024-05-15 20:43:23+00:00,31,LY＃863,2,19,0,KEKW＃849,1,0,2,2,,False,True,8205,False,netplay
2024-05-15 20:45:49+00:00,32,LY＃863,2,19,0,KEKW＃849,1,0,2,2,,False,True,9762,False,netplay
2024-05-15 20:48:40+00:00,32,LY＃863,2,19,0,KEKW＃849,1,0,3,2,,False,True,8323,False,netplay
2024-05-15 20:51:22+00:00,31,LY＃863,2,19,2,KEKW＃849,1,0,0,2,,True,False,7473,False,netplay
2024-05-15 20:53:48+00:00,3,LY＃863,2,19,0,KEKW＃849,1,2,3,2,,False,True,9153,False,netplay
2024-05-15 20:56:31+00:00,3,LY＃863,2,19,0,KEKW＃849,1,2,3,2,,False,True,9009,False,netplay
2024-05-15 20:59:19+00:00,2,LY＃863,2,19,1,KEKW＃849,1,15,0,2,,True,False,11290,False,netplay
2024-05-15 21:02:37+00:00,2,LY＃863,2,19,0,KEKW＃849,1,15,1,2,,False,True,11323,False,netplay
2024-05-15 21:06:02+00:00,28,LY＃863,2,19,0,KEKW＃849,1,15,3,2,,False,True,9056,False,netplay
2024-05-15 21:08:44+00:00,8,LY＃863,2,19,0,KEKW＃849,1,15,4,2,,False,True,3193,False,netplay
2024-05-15 21:09:46+00:00,32,LY＃863,2,19,0,KEKW＃849,1,15,3,2,,False,True,8421,False,netplay
2024-05-15 21:12:15+00:00,28,LY＃863,2,19,0,KEKW＃849,1,15,4,2,,False,True,4289,False,netplay
2024-05-15 21:13:34+00:00,2,LY＃863,2,19,3,KEKW＃849,1,15,0,2,,True,False,9471,False,netplay
2024-05-15 21:16:20+00:00,28,LY＃863,2,19,1,KEKW＃849,1,15,0,2,,True,False,11739,False,netplay
2024-05-15 21:19:44+00:00,8,LY＃863,2,19,3,KEKW＃849,1,15,0,2,,True,False,7436,False,netplay
2024-05-15 21:22:01+00:00,28,LY＃863,2,19,0,KEKW＃849,1,15,1,2,,False,True,10347,False,netplay
2024-05-15 21:27:46+00:00,3,LY＃863,2,19,0,KEKW＃849,1,20,3,2,,False,True,10057,False,netplay
2024-05-15 21:30:43+00:00,31,LY＃863,2,19,0,KEKW＃849,1,20,1,2,,False,True,10640,False,netplay
2024-05-15 21:33:49+00:00,8,LY＃863,2,19,1,KEKW＃849,1,20,0,2,,True,False,11907,False,netplay
2024-05-15 21:37:15+00:00,2,LY＃863,2,19,1,KEKW＃849,1,20,0,2,,True,False,6297,False,netplay
2024-05-15 21:39:15+00:00,3,LY＃863,2,19,0,KEKW＃849,1,2,3,2,,False,True,9146,False,netplay
2024-05-15 21:41:56+00:00,8,LY＃863,2,19,0,KEKW＃849,1,2,3,2,,False,True,9454,False,netplay
2024-05-15 21:44:42+00:00,28,LY＃863,2,19,0,KEKW＃849,1,2,3,2,,False,True,11511,False,netplay
2024-05-15 21:48:03+00:00,31,LY＃863,2,19,0,KEKW＃849,1,2,3,2,,False,True,7139,False,netplay
2024-05-15 21:50:21+00:00,2,LY＃863,2,19,0,KEKW＃849,1,12,3,2,,False,True,13744,False,netplay
2024-05-15 21:55:25+00:00,32,LY＃863,2,19,0,KEKW＃849,1,3,2,2,,False,True,10709,False,netplay
2024-05-15 21:59:45+00:00,3,LY＃863,2,19,0,KEKW＃849,1,14,3,2,,False,True,8197,False,netplay
2024-05-15 22:02:20+00:00,3,LY＃863,2,19,0,KEKW＃849,1,25,2,2,,False,True,8986,False,netplay
2024-05-15 22:05:11+00:00,2,LY＃863,2,19,0,KEKW＃849,1,17,3,2,,False,True,10802,False,netplay
2024-05-15 22:08:28+00:00,8,LY＃863,2,19,0,KEKW＃849,1,4,3,2,,False,True,11208,False,netplay
2024-05-24 15:36:14+00:00,2,LY＃863,2,20,1,KEKW＃849,1,22,0,2,,True,False,10197,False,netplay
2024-05-24 15:39:16+00:00,2,LY＃863,2,2,0,KEKW＃849,1,9,2,2,,False,True,10472,False,netplay
2024-05-24 15:42:30+00:00,3,LY＃863,2,0,3,KEKW＃849,1,19,4,7,2,False,True,1625,False,netplay
2024-05-24 15:43:33+00:00,31,LY＃863,2,17,0,KEKW＃849,1,19,3,2,,False,True,9758,False,netplay
2024-05-24 15:46:30+00:00,8,LY＃863,2,12,0,KEKW＃849,1,20,3,2,,False,True,6228,False,netplay
2024-05-24 15:48:25+00:00,28,LY＃863,2,9,0,KEKW＃849,1,0,1,2,,False,True,10242,False,netplay
2024-05-24 15:51:46+00:00,32,LY＃863,2,9,0,KEKW＃849,1,15,1,2,,False,True,15700,False,netplay
2024-05-24 15:56:27+00:00,2,LY＃863,2,13,0,KEKW＃849,1,19,1,2,,False,True,9485,False,netplay
2024-05-24 15:59:27+00:00,31,LY＃863,2,19,0,KEKW＃849,1,0,1,2,,False,True,11131,False,netplay
2024-05-24 16:02:48+00:00,32,LY＃863,2,19,2,KEKW＃849,1,20,0,2,,True,False,11099,False,netplay
2024-05-24 16:06:03+00:00,28,LY＃863,2,19,0,KEKW＃849,1,2,3,2,,False,True,8365,False,netplay
2024-05-24 16:08:35+00:00,2,LY＃863,2,19,0,KEKW＃849,1,2,2,2,,False,True,9700,False,netplay
2024-05-24 16:11:26+00:00,8,LY＃863,2,19,0,KEKW＃849,1,2,3,2,,False,True,7004,False,netplay
2024-05-24 16:13:32+00:00,3,LY＃863,2,19,0,KEKW＃849,1,2,3,2,,False,True,7559,False,netplay
2024-05-24 16:15:48+00:00,28,LY＃863,2,19,0,KEKW＃849,1,20,1,2,,False,True,14678,False,netplay
2024-05-24 16:20:05+00:00,8,LY＃863,2,19,2,KEKW＃849,1,11,0,2,,True,False,10902,False,netplay
2024-05-24 16:23:44+00:00,31,LY＃863,2,19,1,KEKW＃849,1,13,0,2,,True,False,17788,False,netplay
2024-05-24 16:29:09+00:00,32,LY＃863,2,19,2,KEKW＃849,1,12,0,2,,True,False,12169,False,netplay
2024-05-24 16:35:19+00:00,3,LY＃863,2,19,1,KEKW＃849,1,3,0,2,,True,False,12673,False,netplay
2024-05-24 16:39:08+00:00,8,LY＃863,2,19,2,KEKW＃849,1,23,0,2,,True,False,7904,False,netplay
2024-05-24 16:41:31+00:00,3,LY＃863,2,19,2,KEKW＃849,1,9,0,2,,True,False,12621,False,netplay
2024-05-24 16:45:12+00:00,31,LY＃863,2,19,1,KEKW＃849,1,0,0,2,,True,False,10698,False,netplay
2024-05-24 16:48:22+00:00,28,LY＃863,2,19,0,KEKW＃849,1,20,1,2,,False,True,9167,False,netplay
2024-05-24 16:51:03+00:00,3,LY＃863,2,19,0,KEKW＃849,1,20,1,2,,False,True,13326,False,netplay
2024-05-24 16:54:54+00:00,28,LY＃863,2,19,1,KEKW＃849,1,20,0,2,,True,False,11743,False,netplay
2024-05-24 16:58:20+00:00,8,LY＃863,2,19,0,KEKW＃849,1,20,1,2,,False,True,16896,False,netplay
2024-05-24 17:03:15+00:00,2,LY＃863,2,19,0,KEKW＃849,1,20,1,2,,False,True,7291,False,netplay
2024-05-24 17:05:50+00:00,32,LY＃863,2,19,2,KEKW＃849,1,20,0,2,,True,False,10812,False,netplay
2024-05-24 17:08:58+00:00,32,LY＃863,2,19,0,KEKW＃849,1,20,2,2,,False,True,7733,False,netplay
2024-05-24 17:11:15+00:00,31,LY＃863,2,19,0,KEKW＃849,1,20,1,2,,False,True,11333,False,netplay
2024-05-24 17:14:33+00:00,8,LY＃863,2,19,2,KEKW＃849,1,20,0,2,,True,False,8785,False,netplay
2024-05-24 17:17:14+00:00,2,LY＃863,2,19,0,KEKW＃849,1,2,2,2,,False,True,8967,False,netplay
2024-05-24 17:19:51+00:00,28,LY＃863,2,19,0,KEKW＃849,1,2,2,2,,False,True,10838,False,netplay
2024-05-24 17:23:03+00:00,2,LY＃863,2,19,1,KEKW＃849,1,19,0,2,,True,False,14562,False,netplay
2024-05-24 17:27:23+00:00,32,LY＃863,2,19,0,KEKW＃849,1,9,1,2,,False,True,14651,False,netplay
2024-05-24 17:31:46+00:00,31,LY＃863,2,19,2,KEKW＃849,1,0,0,2,,True,False,10954,False,netplay
2024-05-24 17:35:01+00:00,3,LY＃863,2,19,0,KEKW＃849,1,20,1,2,,False,True,14067,False,netplay
2024-05-24 17:39:17+00:00,3,LY＃863,2,19,0,KEKW＃849,1,20,2,2,,False,True,8674,False,netplay
2024-05-24 17:43:38+00:00,32,LY＃863,2,19,0,KEKW＃849,1,15,1,2,,False,True,13304,False,netplay
2024-05-24 17:47:28+00:00,8,LY＃863,2,19,0,KEKW＃849,1,15,1,2,,False,True,12501,False,netplay
2024-05-24 17:51:05+00:00,3,LY＃863,2,19,1,KEKW＃849,1,15,0,2,,True,False,15916,False,netplay
2024-05-24 17:55:38+00:00,28,LY＃863,2,19,0,KEKW＃849,1,15,2,2,,False,True,11938,False,netplay
2024-05-24 17:59:16+00:00,31,LY＃863,2,19,0,KEKW＃849,1,20,2,2,,False,True,7924,False,netplay
2024-05-24 18:01:37+00:00,2,LY＃863,2,19,0,KEKW＃849,1,20,2,2,,False,True,14385,False,netplay
2024-05-24 18:05:57+00:00,32,LY＃863,2,19,0,KEKW＃849,1,0,3,2,,False,True,5869,False,netplay
2024-05-24 18:07:43+00:00,28,LY＃863,2,19,0,KEKW＃849,1,0,2,2,,False,True,11933,False,netplay
2024-05-24 18:11:17+00:00,8,LY＃863,2,19,0,KEKW＃849,1,23,2,2,,False,True,5972,False,netplay
2024-05-24 18:13:12+00:00,28,LY＃863,2,19,0,KEKW＃849,1,9,3,2,,False,True,8080,False,netplay
2024-05-24 18:15:42+00:00,31,LY＃863,2,19,0,KEKW＃849,1,12,2,2,,False,True,9645,False,netplay
2024-05-24 18:18:46+00:00,32,LY＃863,2,19,0,KEKW＃849,1,25,3,2,,False,True,9044,False,netplay
2024-05-24 18:21:41+00:00,3,LY＃863,2,19,2,KEKW＃849,1,6,0,2,,True,False,13659,False,netplay
2024-05-25 16:24:09+00:00,28,LY＃863,2,20,0,KEKW＃849,1,22,2,2,,False,True,12212,False,netplay
2024-05-25 16:27:52+00:00,8,LY＃863,2,20,0,KEKW＃849,1,19,2,2,,False,True,9784,False,netplay
2024-05-25 16:30:49+00:00,31,LY＃863,2,2,0,KEKW＃849,1,20,2,2,,False,True,7624,False,netplay
2024-05-25 16:33:08+00:00,3,LY＃863,2,2,0,KEKW＃849,1,23,1,2,,False,True,10919,False,netplay
2024-05-25 16:36:22+00:00,32,LY＃863,2,2,0,KEKW＃849,1,0,3,2,,False,True,6025,False,netplay
2024-05-25 16:38:12+00:00,28,LY＃863,2,2,0,KEKW＃849,1,15,4,2,,False,True,4133,False,netplay
2024-05-25 16:39:33+00:00,2,LY＃863,2,2,0,KEKW＃849,1,9,3,2,,False,True,6492,False,netplay
2024-05-25 16:41:31+00:00,31,LY＃863,2,9,0,KEKW＃849,1,2,3,2,,False,True,7412,False,netplay
2024-05-25 16:43:46+00:00,32,LY＃863,2,9,0,KEKW＃849,1,19,3,2,,False,True,9312,False,netplay
2024-05-25 16:46:44+00:00,2,LY＃863,2,9,1,KEKW＃849,1,20,0,2,,True,False,10439,False,netplay
2024-05-25 16:49:52+00:00,8,LY＃863,2,19,0,KEKW＃849,1,0,1,2,,False,True,11536,False,netplay
2024-05-25 16:53:16+00:00,3,LY＃863,2,19,1,KEKW＃849,1,20,0,2,,True,False,16046,False,netplay
2024-05-25 16:58:03+00:00,32,LY＃863,2,19,0,KEKW＃849,1,2,3,2,,False,True,7768,False,netplay
2024-05-25 17:00:21+00:00,28,LY＃863,2,19,0,KEKW＃849,1,2,4,2,,False,True,9946,False,netplay
2024-05-25 17:03:14+00:00,8,LY＃863,2,19,0,KEKW＃849,1,2,1,2,,False,True,10187,False,netplay
2024-05-25 17:06:14+00:00,31,LY＃863,2,19,0,KEKW＃849,1,2,1,2,,False,True,14510,False,netplay
2024-05-25 17:12:32+00:00,2,LY＃863,2,19,0,KEKW＃849,1,2,2,2,,False,True,10040,False,netplay
2024-05-25 17:15:28+00:00,28,LY＃863,2,19,1,KEKW＃849,1,2,2,7,2,False,True,13304,False,netplay
2024-05-25 17:19:16+00:00,3,LY＃863,2,19,0,KEKW＃849,1,2,3,2,,False,True,7008,False,netplay
2024-05-25 17:21:20+00:00,32,LY＃863,2,19,0,KEKW＃849,1,2,3,2,,False,True,10545,False,netplay
2024-05-25 17:24:24+00:00,8,LY＃863,2,19,0,KEKW＃849,1,2,2,2,,False,True,7964,False,netplay
2024-05-25 17:26:44+00:00,8,LY＃863,2,19,0,KEKW＃849,1,2,2,2,,False,True,8897,False,netplay
2024-05-25 17:31:52+00:00,28,LY＃863,2,14,4,KEKW＃849,1,2,4,7,2,False,True,6,False,netplay
2024-05-25 17:32:01+00:00,2,LY＃863,2,14,0,KEKW＃849,1,3,3,2,,False,True,9903,False,netplay
2024-05-25 17:35:01+00:00,32,LY＃863,2,10,0,KEKW＃849,1,3,3,2,,False,True,11272,False,netplay
2024-05-25 17:38:19+00:00,31,LY＃863,2,24,0,KEKW＃849,1,3,3,2,,False,True,9609,False,netplay
2024-05-25 17:41:10+00:00,3,LY＃863,2,18,3,KEKW＃849,1,3,3,7,0,False,True,2777,False,netplay
2024-05-25 17:42:15+00:00,31,LY＃863,2,18,1,KEKW＃849,1,0,1,7,2,False,True,10053,False,netplay
2024-05-25 17:45:15+00:00,31,LY＃863,2,13,2,KEKW＃849,1,0,4,7,0,False,True,6385,False,netplay
2024-05-25 17:47:11+00:00,3,LY＃863,2,13,2,KEKW＃849,1,7,4,7,2,False,True,3618,False,netplay
2024-05-25 17:48:21+00:00,2,LY＃863,2,7,0,KEKW＃849,1,7,2,2,,False,True,10549,False,netplay
2024-05-25 17:51:28+00:00,28,LY＃863,2,0,0,KEKW＃849,1,7,3,2,,False,True,11422,False,netplay
2024-05-25 17:54:48+00:00,8,LY＃863,2,3,2,KEKW＃849,1,7,3,7,0,False,True,6133,False,netplay
2024-05-25 17:56:40+00:00,28,LY＃863,2,3,2,KEKW＃849,1,13,3,7,2,False,True,7013,False,netplay
2024-05-25 18:00:35+00:00,32,LY＃863,2,4,0,KEKW＃849,1,2,4,2,,False,True,5474,False,netplay
2024-05-25 18:02:17+00:00,3,LY＃863,2,23,0,KEKW＃849,1,2,4,2,,False,True,17262,False,netplay
2024-05-25 18:07:33+00:00,32,LY＃863,2,14,1,KEKW＃849,1,2,0,2,,True,False,8909,False,netplay
2024-05-25 18:10:12+00:00,2,LY＃863,2,14,4,KEKW＃849,1,3,4,7,2,False,True,323,False,netplay
2024-05-25 18:10:29+00:00,2,LY＃863,2,15,0,KEKW＃849,1,3,3,2,,False,True,10383,False,netplay
2024-05-25 18:13:34+00:00,6,LY＃863,2,11,1,KEKW＃849,1,3,2,7,0,False,True,11316,False,netplay
2024-05-25 18:16:52+00:00,28,LY＃863,2,11,4,KEKW＃849,1,11,4,7,2,False,True,529,False,netplay
2024-05-25 18:17:11+00:00,28,LY＃863,2,3,4,KEKW＃849,1,11,2,7,0,True,False,5704,False,netplay
2024-05-25 18:18:57+00:00,3,LY＃863,2,3,1,KEKW＃849,1,15,0,2,,True,False,8727,False,netplay
2024-05-25 18:23:22+00:00,8,LY＃863,2,9,0,KEKW＃849,1,15,1,2,,False,True,8669,False,netplay
2024-05-25 18:26:00+00:00,6,LY＃863,2,2,3,KEKW＃849,1,15,4,7,0,False,True,2144,False,netplay
2024-05-25 18:26:47+00:00,31,LY＃863,2,2,4,KEKW＃849,1,13,2,7,2,True,False,3377,False,netplay
2024-05-25 18:28:02+00:00,31,LY＃863,2,12,2,KEKW＃849,1,13,3,7,0,False,True,3669,False,netplay
2024-05-25 18:29:14+00:00,32,LY＃863,2,12,3,KEKW＃849,1,12,4,7,2,False,True,3183,False,netplay
2024-05-25 18:30:18+00:00,3,LY＃863,2,13,0,KEKW＃849,1,12,3,2,,False,True,9708,False,netplay
2024-05-25 18:33:13+00:00,8,LY＃863,2,15,1,KEKW＃849,1,12,2,7,0,False,True,11545,False,netplay
2024-05-25 18:36:35+00:00,2,LY＃863,2,15,4,KEKW＃849,1,2,4,7,2,False,True,1432,False,netplay
2024-05-25 18:38:29+00:00,32,LY＃863,1,4,0,KEKW＃849,2,2,2,2,,False,True,14459,False,netplay
2024-05-25 18:42:43+00:00,3,LY＃863,1,21,0,KEKW＃849,2,2,3,2,,False,True,8074,False,netplay
2024-05-25 18:45:44+00:00,32,LY＃863,1,7,2,KEKW＃849,2,2,3,7,2,False,True,5724,False,netplay
2024-05-25 18:47:34+00:00,3,LY＃863,1,7,2,KEKW＃849,2,9,4,7,0,False,True,5732,False,netplay
2024-05-25 18:50:47+00:00,31,LY＃863,1,4,0,KEKW＃849,2,4,1,2,,False,True,10040,False,netplay
2024-05-25 18:53:50+00:00,2,LY＃863,1,19,3,KEKW＃849,2,4,3,7,2,True,False,3300,False,netplay
2024-05-25 18:54:59+00:00,2,LY＃863,1,19,2,KEKW＃849,2,19,1,7,0,True,False,10777,False,netplay
2024-05-25 18:58:11+00:00,8,LY＃863,1,1,2,KEKW＃849,2,19,3,7,2,False,True,5855,False,netplay
2024-05-25 18:59:59+00:00,12,LY＃863,1,1,2,KEKW＃849,2,1,4,7,0,False,True,3291,False,netplay
2024-05-25 19:01:04+00:00,28,LY＃863,1,2,3,KEKW＃849,2,1,0,2,,True,False,12306,False,netplay
2024-05-25 19:04:39+00:00,31,LY＃863,1,2,2,KEKW＃849,2,2,4,7,0,False,True,5017,False,netplay
2024-05-25 19:06:17+00:00,31,LY＃863,1,12,0,KEKW＃849,2,2,2,2,,False,True,5950,False,netplay
2024-05-25 19:08:09+00:00,28,LY＃863,1,24,0,KEKW＃849,2,2,4,2,,False,True,6700,False,netplay
2024-05-25 19:10:10+00:00,12,LY＃863,1,9,4,KEKW＃849,2,2,4,7,0,True,False,0,False,netplay
2024-05-25 19:10:16+00:00,8,LY＃863,1,9,3,KEKW＃849,2,2,3,7,2,True,False,4773,False,netplay
2024-05-25 19:11:46+00:00,32,LY＃863,1,9,0,KEKW＃849,2,12,3,2,,False,True,9545,False,netplay
2024-05-25 19:14:35+00:00,32,LY＃863,1,3,0,KEKW＃849,2,12,3,2,,False,True,6067,False,netplay
2024-05-25 19:18:59+00:00,3,LY＃863,1,0,0,KEKW＃849,2,11,4,2,,False,True,5808,False,netplay
2024-05-25 19:20:50+00:00,2,LY＃863,1,8,0,KEKW＃849,2,11,3,2,,False,True,8144,False,netplay
2024-05-25 19:23:17+00:00,2,LY＃863,1,13,0,KEKW＃849,2,11,3,2,,False,True,8302,False,netplay
2024-05-25 19:25:46+00:00,28,LY＃863,1,9,0,KEKW＃849,2,11,3,2,,False,True,6348,False,netplay
2024-05-25 19:27:41+00:00,31,LY＃863,1,19,4,KEKW＃849,2,11,3,7,2,True,False,3120,False,netplay
2024-05-25 19:28:44+00:00,8,LY＃863,1,19,0,KEKW＃849,2,13,1,2,,False,True,11873,False,netplay
2024-05-25 19:32:11+00:00,8,LY＃863,1,24,2,KEKW＃849,2,13,3,7,2,False,True,7312,False,netplay
2024-05-25 19:34:29+00:00,28,LY＃863,1,24,2,KEKW＃849,2,22,4,7,0,False,True,4082,False,netplay
2024-05-25 19:35:49+00:00,32,LY＃863,1,18,0,KEKW＃849,2,22,2,2,,False,True,11000,False,netplay
2024-05-25 19:39:03+00:00,3,LY＃863,1,11,0,KEKW＃849,2,22,4,2,,False,True,7492,False,netplay
2024-05-25 19:46:41+00:00,32,LY＃863,1,19,1,KEKW＃849,2,2,0,2,,True,False,10532,False,netplay
2024-05-25 19:49:44+00:00,2,LY＃863,1,19,0,KEKW＃849,2,2,1,2,,False,True,11640,False,netplay
2024-05-25 19:53:07+00:00,8,LY＃863,1,19,4,KEKW＃849,2,2,4,7,0,True,False,147,False,netplay
2024-05-25 19:53:15+00:00,8,LY＃863,1,19,0,KEKW＃849,2,2,2,2,,False,True,10657,False,netplay
2024-05-25 20:00:08+00:00,31,LY＃863,1,19,0,KEKW＃849,2,2,2,2,,False,True,7420,False,netplay
2024-05-25 20:02:19+00:00,3,LY＃863,1,19,0,KEKW＃849,2,2,2,2,,False,True,9937,False,netplay
2024-05-25 20:05:13+00:00,2,LY＃863,1,19,0,KEKW＃849,2,2,3,2,,False,True,7718,False,netplay
2024-07-04 18:11:08+00:00,3,LY＃863,2,22,0,KEKW＃849,1,19,1,2,,False,True,18273,False,netplay
2024-07-04 18:17:28+00:00,3,LY＃863,2,9,1,KEKW＃849,1,9,0,2,,True,False,11997,False,netplay
2024-07-04 18:21:01+00:00,3,LY＃863,2,20,0,KEKW＃849,1,0,2,2,,False,True,8565,False,netplay
2024-07-04 18:23:38+00:00,28,LY＃863,2,19,0,KEKW＃849,1,15,1,2,,False,True,24916,False,netplay
2024-07-04 18:30:59+00:00,32,LY＃863,2,19,2,KEKW＃849,1,20,0,2,,True,False,12208,False,netplay
2024-07-04 18:34:31+00:00,2,LY＃863,2,19,0,KEKW＃849,1,20,3,2,,False,True,6746,False,netplay
2024-07-04 18:36:32+00:00,8,LY＃863,2,19,0,KEKW＃849,1,20,1,2,,False,True,9840,False,netplay
2024-07-04 18:39:24+00:00,31,LY＃863,2,19,0,KEKW＃849,1,20,1,2,,False,True,11992,False,netplay
2024-07-04 18:42:52+00:00,28,LY＃863,2,19,1,KEKW＃849,1,20,0,2,,True,False,11718,False,netplay
2024-07-04 18:46:18+00:00,31,LY＃863,2,19,2,KEKW＃849,1,0,0,2,,True,False,11966,False,netplay
2024-07-04 18:49:48+00:00,28,LY＃863,2,19,1,KEKW＃849,1,19,0,2,,True,False,13732,False,netplay
2024-07-04 18:53:46+00:00,32,LY＃863,2,18,0,KEKW＃849,1,19,1,2,,False,True,12654,False,netplay
2024-07-04 18:57:46+00:00,3,LY＃863,2,19,0,KEKW＃849,1,9,2,2,,False,True,10964,False,netplay
2024-07-04 19:01:31+00:00,8,LY＃863,2,19,4,KEKW＃849,1,20,3,7,0,True,False,1036,False,netplay
2024-07-04 19:01:58+00:00,15,LY＃863,2,19,0,KEKW＃849,1,9,1,2,,False,True,19256,False,netplay
2024-07-04 19:07:46+00:00,2,LY＃863,2,19,0,KEKW＃849,1,12,3,2,,False,True,5844,False,netplay
2024-07-04 19:09:40+00:00,31,LY＃863,2,18,0,KEKW＃849,1,12,2,2,,False,True,8856,False,netplay
2024-07-04 19:12:34+00:00,32,LY＃863,2,19,1,KEKW＃849,1,15,0,2,,True,False,11824,False,netplay
2024-07-04 19:15:59+00:00,8,LY＃863,2,19,2,KEKW＃849,1,15,0,2,,True,False,9962,False,netplay
2024-07-04 19:19:10+00:00,32,LY＃863,2,19,0,KEKW＃849,1,20,2,2,,False,True,12323,False,netplay
2024-07-04 19:22:44+00:00,8,LY＃863,2,19,1,KEKW＃849,1,20,0,2,,True,False,10411,False,netplay
2024-07-04 19:25:45+00:00,3,LY＃863,2,19,0,KEKW＃849,1,20,3,2,,False,True,7236,False,netplay
2024-07-04 19:27:54+00:00,28,LY＃863,2,19,0,KEKW＃849,1,20,2,2,,False,True,8947,False,netplay
2024-07-04 19:30:31+00:00,32,LY＃863,2,19,0,KEKW＃849,1,20,2,2,,False,True,9951,False,netplay
2024-07-04 19:33:29+00:00,3,LY＃863,2,19,2,KEKW＃849,1,20,0,2,,True,False,12020,False,netplay
2024-07-04 19:40:14+00:00,28,LY＃863,2,19,0,KEKW＃849,1,2,2,2,,False,True,13498,False,netplay
2024-07-04 19:44:07+00:00,31,LY＃863,2,19,0,KEKW＃849,1,2,2,2,,False,True,11948,False,netplay
2024-07-04 19:47:34+00:00,2,LY＃863,2,19,0,KEKW＃849,1,2,2,2,,False,True,11021,False,netplay
2024-07-04 19:50:46+00:00,2,LY＃863,2,19,4,KEKW＃849,1,2,4,7,2,False,True,691,False,netplay
2024-07-04 19:51:05+00:00,3,LY＃863,2,19,0,KEKW＃849,1,2,1,2,,False,True,15372,False,netplay
2024-07-04 19:55:30+00:00,8,LY＃863,2,19,0,KEKW＃849,1,2,4,2,,False,True,4703,False,netplay
2024-07-04 19:56:56+00:00,28,LY＃863,2,19,0,KEKW＃849,1,2,2,2,,False,True,11394,False,netplay
2024-07-04 20:00:14+00:00,31,LY＃863,2,19,0,KEKW＃849,1,2,2,2,,False,True,11480,False,netplay
2024-07-04 20:03:34+00:00,32,LY＃863,2,19,0,KEKW＃849,1,2,3,2,,False,True,7736,False,netplay
2024-07-04 20:05:51+00:00,32,LY＃863,2,19,0,KEKW＃849,1,2,2,2,,False,True,9264,False,netplay
2024-07-04 20:08:34+00:00,3,LY＃863,2,19,0,KEKW＃849,1,20,2,2,,False,True,9054,False,netplay
2024-07-04 20:11:14+00:00,28,LY＃863,2,19,0,KEKW＃849,1,20,2,2,,False,True,9646,False,netplay
2024-07-04 20:14:03+00:00,31,LY＃863,2,19,0,KEKW＃849,1,20,1,2,,False,True,13478,False,netplay
2024-07-04 20:17:56+00:00,2,LY＃863,2,19,2,KEKW＃849,1,20,3,7,2,False,True,8041,False,netplay
2024-07-04 20:20:19+00:00,8,LY＃863,2,2,4,KEKW＃849,1,19,4,7,2,False,True,2,False,netplay
2024-07-04 20:20:26+00:00,32,LY＃863,2,2,4,KEKW＃849,1,19,4,7,0,False,True,4217,False,netplay
2024-07-04 20:21:47+00:00,32,LY＃863,2,2,2,KEKW＃849,1,2,0,2,,True,False,18314,False,netplay
2024-07-04 20:27:03+00:00,32,LY＃863,2,2,4,KEKW＃849,1,2,4,1,,False,True,28800,False,netplay
2024-07-04 20:35:12+00:00,32,LY＃863,2,2,4,KEKW＃849,1,2,4,7,0,False,True,5032,False,netplay
2024-07-04 20:36:44+00:00,28,LY＃863,2,19,4,KEKW＃849,1,19,4,7,0,False,True,19,False,netplay
2024-07-04 20:36:51+00:00,32,LY＃863,2,19,2,KEKW＃849,1,19,0,2,,True,False,9768,False,netplay
2024-07-04 20:40:10+00:00,32,LY＃863,2,19,3,KEKW＃849,1,17,3,7,0,False,True,7301,False,netplay
2024-07-04 20:42:48+00:00,32,LY＃863,2,9,3,KEKW＃849,1,20,3,7,0,False,True,9615,False,netplay
2024-07-04 20:45:38+00:00,32,LY＃863,2,9,1,KEKW＃849,1,15,0,2,,True,False,10503,False,netplay
2024-07-04 20:48:48+00:00,32,LY＃863,2,16,2,KEKW＃849,1,3,2,7,2,False,True,10831,False,netplay
2024-07-04 20:51:59+00:00,32,LY＃863,2,23,4,KEKW＃849,1,3,3,7,0,True,False,3091,False,netplay
2024-07-04 20:52:58+00:00,32,LY＃863,2,23,4,KEKW＃849,1,15,3,7,0,True,False,4174,False,netplay
2024-07-04 20:54:16+00:00,32,LY＃863,2,15,3,KEKW＃849,1,23,3,7,0,False,True,4790,False,netplay
2024-07-04 20:55:46+00:00,32,LY＃863,2,15,3,KEKW＃849,1,25,3,7,0,False,True,6223,False,netplay
2024-07-04 20:57:52+00:00,16,LY＃863,2,15,4,KEKW＃849,1,25,4,7,0,False,True,1133,False,netplay
2024-07-04 20:58:18+00:00,20,LY＃863,2,15,0,KEKW＃849,1,25,3,2,,False,True,1797,False,netplay
2024-07-04 20:59:01+00:00,17,LY＃863,2,15,0,KEKW＃849,1,14,2,2,,False,True,6629,False,netplay
2024-07-04 21:01:08+00:00,32,LY＃863,2,5,0,KEKW＃849,1,5,1,2,,False,True,11687,False,netplay
2024-07-04 21:04:45+00:00,9,LY＃863,2,11,0,KEKW＃849,1,1,1,2,,False,True,13999,False,netplay
2024-07-04 21:08:58+00:00,28,LY＃863,2,6,2,KEKW＃849,1,16,0,2,,True,False,17861,False,netplay
2024-07-04 21:14:14+00:00,29,LY＃863,2,21,0,KEKW＃849,1,4,2,2,,False,True,13449,False,netplay
2024-07-04 21:18:20+00:00,32,LY＃863,2,7,0,KEKW＃849,1,13,1,2,,False,True,11754,False,netplay
2024-07-04 21:21:55+00:00,31,LY＃863,2,10,0,KEKW＃849,1,18,1,2,,False,True,15296,False,netplay
2024-07-04 21:27:04+00:00,3,LY＃863,2,14,3,KEKW＃849,1,8,0,2,,True,False,9305,False,netplay
2024-07-04 21:30:14+00:00,14,LY＃863,2,3,3,KEKW＃849,1,25,0,2,,True,False,6221,False,netplay
2024-07-04 21:32:21+00:00,24,LY＃863,2,3,0,KEKW＃849,1,22,1,2,,False,True,8300,False,netplay
2024-07-04 21:35:35+00:00,2,LY＃863,2,15,1,KEKW＃849,1,3,0,2,,True,False,10681,False,netplay
2024-07-04 21:38:56+00:00,22,LY＃863,2,17,0,KEKW＃849,1,7,1,2,,False,True,14470,False,netplay
2024-07-04 21:44:51+00:00,8,LY＃863,2,0,1,KEKW＃849,1,10,0,2,,True,False,10606,False,netplay
2024-07-18 18:25:09+00:00,2,LY＃863,1,3,0,KEKW＃849,2,11,1,2,,False,True,11875,False,netplay
2024-07-18 18:29:10+00:00,32,LY＃863,1,13,3,KEKW＃849,2,23,0,2,,True,False,6221,False,netplay
2024-07-18 18:31:07+00:00,3,LY＃863,1,0,0,KEKW＃849,2,19,3,2,,False,True,8279,False,netplay
2024-07-18 18:33:38+00:00,2,LY＃863,1,20,2,KEKW＃849,2,0,0,2,,True,False,10536,False,netplay
2024-07-18 18:36:52+00:00,8,LY＃863,1,20,0,KEKW＃849,2,15,3,2,,False,True,3102,False,netplay
2024-07-18 18:37:55+00:00,28,LY＃863,1,20,0,KEKW＃849,2,9,1,2,,False,True,14444,False,netplay
2024-07-18 18:42:09+00:00,31,LY＃863,1,20,0,KEKW＃849,2,25,2,2,,False,True,8753,False,netplay
2024-07-18 18:44:53+00:00,3,LY＃863,1,19,0,KEKW＃849,2,7,1,2,,False,True,12569,False,netplay
2024-07-18 18:48:37+00:00,2,LY＃863,1,20,1,KEKW＃849,2,11,0,2,,True,False,10682,False,netplay
2024-07-18 18:52:03+00:00,32,LY＃863,1,20,0,KEKW＃849,2,20,4,2,,False,True,4151,False,netplay
2024-07-18 18:53:29+00:00,31,LY＃863,1,20,0,KEKW＃849,2,19,2,2,,False,True,9251,False,netplay
2024-07-18 18:56:13+00:00,3,LY＃863,1,20,0,KEKW＃849,2,23,1,2,,False,True,13150,False,netplay
2024-07-18 19:01:23+00:00,28,LY＃863,1,20,0,KEKW＃849,2,0,1,2,,False,True,10062,False,netplay
2024-07-18 19:04:25+00:00,8,LY＃863,1,20,0,KEKW＃849,2,23,2,2,,False,True,8378,False,netplay
2024-07-18 19:06:53+00:00,32,LY＃863,1,20,0,KEKW＃849,2,23,3,2,,False,True,5621,False,netplay
2024-07-18 19:08:39+00:00,8,LY＃863,1,20,0,KEKW＃849,2,23,1,2,,False,True,9019,False,netplay
2024-07-18 19:11:24+00:00,31,LY＃863,1,20,0,KEKW＃849,2,23,2,2,,False,True,7253,False,netplay
2024-07-18 19:13:38+00:00,2,LY＃863,1,20,2,KEKW＃849,2,3,0,2,,True,False,8740,False,netplay
2024-07-18 19:16:21+00:00,12,LY＃863,1,20,0,KEKW＃849,2,1,1,2,,False,True,10509,False,netplay
2024-07-18 19:19:35+00:00,3,LY＃863,1,20,0,KEKW＃849,2,22,4,2,,False,True,3899,False,netplay
2024-07-18 19:20:57+00:00,28,LY＃863,1,20,0,KEKW＃849,2,19,1,2,,False,True,12759,False,netplay
2024-07-18 19:24:40+00:00,32,LY＃863,1,20,0,KEKW＃849,2,19,2,2,,False,True,8467,False,netplay
2024-07-18 19:28:59+00:00,8,LY＃863,1,2,1,KEKW＃849,2,19,0,2,,True,False,13320,False,netplay
2024-07-18 19:33:04+00:00,31,LY＃863,1,20,0,KEKW＃849,2,0,2,2,,False,True,9411,False,netplay
2024-07-18 19:36:23+00:00,28,LY＃863,1,9,0,KEKW＃849,2,15,2,2,,False,True,10541,False,netplay
2024-07-18 19:39:29+00:00,3,LY＃863,1,17,0,KEKW＃849,2,20,3,2,,False,True,7348,False,netplay
2024-07-18 19:41:41+00:00,2,LY＃863,1,20,0,KEKW＃849,2,17,2,2,,False,True,9404,False,netplay
2024-07-18 19:44:50+00:00,32,LY＃863,1,19,0,KEKW＃849,2,20,2,2,,False,True,9433,False,netplay
2024-07-18 19:47:46+00:00,31,LY＃863,1,19,0,KEKW＃849,2,9,1,2,,False,True,11413,False,netplay
2024-07-18 19:51:16+00:00,2,LY＃863,1,19,0,KEKW＃849,2,20,3,2,,False,True,10315,False,netplay
2024-07-18 19:54:18+00:00,32,LY＃863,1,19,1,KEKW＃849,2,13,0,2,,True,False,11597,False,netplay
2024-07-18 19:58:08+00:00,2,LY＃863,1,9,2,KEKW＃849,2,13,0,2,,True,False,7338,False,netplay
2024-07-18 20:00:35+00:00,28,LY＃863,1,9,0,KEKW＃849,2,20,3,2,,False,True,7798,False,netplay
2024-07-18 20:03:12+00:00,31,LY＃863,1,9,0,KEKW＃849,2,9,1,2,,False,True,8940,False,netplay
2024-07-18 20:05:53+00:00,28,LY＃863,1,9,0,KEKW＃849,2,19,1,2,,False,True,13249,False,netplay
2024-07-18 20:10:02+00:00,8,LY＃863,1,2,0,KEKW＃849,2,19,3,2,,False,True,7712,False,netplay
2024-07-18 20:12:43+00:00,3,LY＃863,1,12,1,KEKW＃849,2,19,0,2,,True,False,11568,False,netplay
2024-07-18 20:16:11+00:00,32,LY＃863,1,16,0,KEKW＃849,2,0,2,2,,False,True,11935,False,netplay
2024-07-18 20:19:50+00:00,2,LY＃863,1,9,1,KEKW＃849,2,10,0,2,,True,False,12353,False,netplay
2024-07-18 20:23:40+00:00,3,LY＃863,1,1,0,KEKW＃849,2,15,2,2,,False,True,9211,False,netplay
2024-07-18 20:26:55+00:00,3,LY＃863,1,0,0,KEKW＃849,2,20,3,2,,False,True,12188,False,netplay
2024-07-27 12:17:59+00:00,8,LY＃863,1,20,4,KEKW＃849,2,20,4,7,0,True,False,145,False,netplay
2024-07-27 12:18:08+00:00,32,LY＃863,1,20,0,KEKW＃849,2,20,1,2,,False,True,10159,False,netplay
2024-07-27 12:21:11+00:00,31,LY＃863,1,20,0,KEKW＃849,2,19,1,2,,False,True,11858,False,netplay
2024-07-27 12:24:37+00:00,32,LY＃863,1,20,0,KEKW＃849,2,19,2,2,,False,True,8039,False,netplay
2024-07-27 12:27:00+00:00,8,LY＃863,1,20,0,KEKW＃849,2,19,1,2,,False,True,9298,False,netplay
2024-07-27 12:29:45+00:00,2,LY＃863,1,20,1,KEKW＃849,2,19,0,2,,True,False,10075,False,netplay
2024-07-27 12:32:41+00:00,31,LY＃863,1,20,0,KEKW＃849,2,19,1,2,,False,True,13375,False,netplay
2024-07-27 12:36:34+00:00,28,LY＃863,1,9,2,KEKW＃849,2,19,0,2,,True,False,10985,False,netplay
2024-07-27 12:39:51+00:00,3,LY＃863,1,2,0,KEKW＃849,2,0,1,2,,False,True,11761,False,netplay
2024-07-27 12:43:22+00:00,32,LY＃863,1,13,0,KEKW＃849,2,20,3,2,,False,True,9364,False,netplay
2024-07-27 12:46:11+00:00,2,LY＃863,1,20,0,KEKW＃849,2,23,3,2,,False,True,9836,False,netplay
2024-07-27 12:49:07+00:00,28,LY＃863,1,20,0,KEKW＃849,2,2,2,2,,False,True,9890,False,netplay
2024-07-27 12:52:08+00:00,31,LY＃863,1,20,0,KEKW＃849,2,2,3,2,,False,True,5387,False,netplay
2024-07-27 12:53:48+00:00,3,LY＃863,1,20,0,KEKW＃849,2,15,3,2,,False,True,4348,False,netplay
2024-07-27 12:55:16+00:00,8,LY＃863,1,19,0,KEKW＃849,2,9,1,2,,False,True,10352,False,netplay
2024-07-27 12:58:26+00:00,6,LY＃863,1,20,0,KEKW＃849,2,0,2,2,,False,True,10119,False,netplay
2024-07-27 13:01:25+00:00,2,LY＃863,1,20,2,KEKW＃849,2,19,0,2,,True,False,7937,False,netplay
2024-07-27 13:03:54+00:00,8,LY＃863,1,20,0,KEKW＃849,2,20,2,2,,False,True,5851,False,netplay
2024-07-27 13:05:40+00:00,32,LY＃863,1,20,0,KEKW＃849,2,20,2,2,,False,True,7078,False,netplay
2024-07-27 13:07:45+00:00,31,LY＃863,1,20,0,KEKW＃849,2,20,4,2,,False,True,5182,False,netplay
2024-07-27 13:09:29+00:00,28,LY＃863,1,20,0,KEKW＃849,2,23,3,2,,False,True,6375,False,netplay
2024-07-27 13:11:30+00:00,3,LY＃863,1,20,0,KEKW＃849,2,2,2,2,,False,True,6770,False,netplay
2024-07-27 13:13:31+00:00,8,LY＃863,1,20,0,KEKW＃849,2,2,3,2,,False,True,7252,False,netplay
2024-07-27 13:15:40+00:00,28,LY＃863,1,20,0,KEKW＃849,2,2,3,2,,False,True,10036,False,netplay
2024-07-27 13:18:38+00:00,31,LY＃863,1,20,2,KEKW＃849,2,11,0,2,,True,False,8711,False,netplay
2024-07-27 13:21:27+00:00,2,LY＃863,1,20,0,KEKW＃849,2,19,1,2,,False,True,8835,False,netplay
2024-07-27 13:24:03+00:00,3,LY＃863,1,20,0,KEKW＃849,2,19,1,2,,False,True,14101,False,netplay
2024-07-27 13:28:08+00:00,32,LY＃863,1,20,0,KEKW＃849,2,0,1,2,,False,True,9864,False,netplay
2024-07-27 13:31:00+00:00,2,LY＃863,1,20,0,KEKW＃849,2,0,3,2,,False,True,7341,False,netplay
2024-07-27 13:33:11+00:00,8,LY＃863,1,20,0,KEKW＃849,2,0,2,2,,False,True,11021,False,netplay
2024-07-27 13:36:25+00:00,31,LY＃863,1,20,0,KEKW＃849,2,20,4,2,,False,True,6750,False,netplay
2024-07-27 13:38:27+00:00,3,LY＃863,1,20,0,KEKW＃849,2,2,1,2,,False,True,9362,False,netplay
2024-07-27 13:41:14+00:00,32,LY＃863,1,19,0,KEKW＃849,2,2,2,2,,False,True,9623,False,netplay
2024-07-27 13:44:02+00:00,28,LY＃863,1,19,0,KEKW＃849,2,2,2,2,,False,True,10044,False,netplay
2024-07-27 13:46:58+00:00,2,LY＃863,1,19,4,KEKW＃849,2,2,4,7,0,True,False,14,False,netplay
2024-07-27 13:47:05+00:00,3,LY＃863,1,19,0,KEKW＃849,2,2,3,2,,False,True,7104,False,netplay
2024-07-27 13:49:11+00:00,8,LY＃863,1,19,0,KEKW＃849,2,2,2,2,,False,True,6687,False,netplay
2024-07-27 13:51:11+00:00,8,LY＃863,1,19,1,KEKW＃849,2,2,0,2,,True,False,10848,False,netplay
2024-07-27 13:54:20+00:00,28,LY＃863,1,19,0,KEKW＃849,2,2,2,2,,False,True,11740,False,netplay
2024-07-27 13:57:45+00:00,3,LY＃863,1,20,0,KEKW＃849,2,2,2,2,,False,True,8700,False,netplay
2024-07-27 14:00:19+00:00,28,LY＃863,1,20,0,KEKW＃849,2,2,3,2,,False,True,9716,False,netplay
2024-07-27 14:03:09+00:00,2,LY＃863,1,20,0,KEKW＃849,2,2,2,2,,False,True,8436,False,netplay
2024-07-27 14:05:39+00:00,32,LY＃863,1,20,0,KEKW＃849,2,2,2,2,,False,True,6596,False,netplay
2024-07-27 14:07:37+00:00,31,LY＃863,1,20,0,KEKW＃849,2,2,3,2,,False,True,11594,False,netplay
2024-07-27 14:10:59+00:00,2,LY＃863,1,20,0,KEKW＃849,2,2,3,2,,False,True,6093,False,netplay
2024-07-27 14:12:48+00:00,32,LY＃863,1,20,0,KEKW＃849,2,2,4,2,,False,True,5709,False,netplay
2024-07-27 14:14:32+00:00,3,LY＃863,1,20,0,KEKW＃849,2,20,1,2,,False,True,9989,False,netplay
2024-07-27 14:17:27+00:00,8,LY＃863,1,20,0,KEKW＃849,2,20,2,2,,False,True,7450,False,netplay
2024-07-27 14:19:39+00:00,28,LY＃863,1,20,0,KEKW＃849,2,20,2,2,,False,True,8531,False,netplay
2024-07-27 14:22:09+00:00,31,LY＃863,1,20,0,KEKW＃849,2,20,1,2,,False,True,10022,False,netplay
2024-07-27 14:25:03+00:00,3,LY＃863,1,20,1,KEKW＃849,2,20,0,2,,True,False,7842,False,netplay
2024-07-27 14:27:26+00:00,32,LY＃863,1,20,0,KEKW＃849,2,19,1,2,,False,True,11079,False,netplay
2024-07-27 14:30:43+00:00,31,LY＃863,1,20,0,KEKW＃849,2,0,4,2,,False,True,5379,False,netplay
2024-07-27 14:32:31+00:00,32,LY＃863,1,20,1,KEKW＃849,2,22,0,2,,True,False,12427,False,netplay
2024-07-27 14:36:20+00:00,8,LY＃863,1,20,0,KEKW＃849,2,12,3,2,,False,True,4256,False,netplay
2024-07-27 14:37:58+00:00,2,LY＃863,1,20,3,KEKW＃849,2,3,0,2,,True,False,6116,False,netplay
2024-07-27 14:39:57+00:00,6,LY＃863,1,20,0,KEKW＃849,2,2,1,2,,False,True,11927,False,netplay
2024-07-27 14:43:25+00:00,28,LY＃863,1,20,0,KEKW＃849,2,2,2,2,,False,True,8671,False,netplay
2024-07-27 14:46:52+00:00,8,LY＃863,1,20,0,KEKW＃849,2,2,3,2,,False,True,5339,False,netplay
2024-07-27 14:48:29+00:00,31,LY＃863,1,20,0,KEKW＃849,2,2,3,2,,False,True,7633,False,netplay
2024-07-27 14:50:46+00:00,3,LY＃863,1,20,0,KEKW＃849,2,2,2,2,,False,True,6878,False,netplay
2024-07-27 14:52:49+00:00,8,LY＃863,1,20,0,KEKW＃849,2,2,3,2,,False,True,10305,False,netplay
2024-07-27 14:55:49+00:00,32,LY＃863,1,20,0,KEKW＃849,2,2,4,2,,False,True,6898,False,netplay
2024-07-27 14:57:52+00:00,28,LY＃863,1,20,0,KEKW＃849,2,2,3,2,,False,True,8025,False,netplay
2024-07-27 15:00:13+00:00,2,LY＃863,1,20,0,KEKW＃849,2,20,2,2,,False,True,6057,False,netplay
2024-07-27 15:02:31+00:00,31,LY＃863,1,20,0,KEKW＃849,2,20,3,2,,False,True,8302,False,netplay
2024-07-27 15:05:55+00:00,2,LY＃863,1,20,2,KEKW＃849,2,20,0,2,,True,False,7882,False,netplay
2024-07-27 15:08:15+00:00,31,LY＃863,1,20,0,KEKW＃849,2,20,3,2,,False,True,7104,False,netplay
2024-07-27 15:10:21+00:00,3,LY＃863,1,20,0,KEKW＃849,2,20,2,2,,False,True,7758,False,netplay
2024-07-27 15:12:39+00:00,3,LY＃863,1,20,0,KEKW＃849,2,19,1,2,,False,True,12390,False,netplay
2024-07-27 15:16:18+00:00,8,LY＃863,1,2,0,KEKW＃849,2,19,3,2,,False,True,8788,False,netplay
2024-07-27 15:18:56+00:00,32,LY＃863,1,20,0,KEKW＃849,2,15,3,2,,False,True,5200,False,netplay
2024-07-27 15:20:33+00:00,28,LY＃863,1,20,1,KEKW＃849,2,9,0,2,,True,False,10243,False,netplay
2024-07-27 15:23:32+00:00,15,LY＃863,1,20,4,KEKW＃849,2,9,4,7,0,True,False,80,False,netplay
2024-07-27 15:23:48+00:00,31,LY＃863,1,20,0,KEKW＃849,2,9,1,2,,False,True,11645,False,netplay
2024-07-27 15:27:15+00:00,28,LY＃863,1,20,0,KEKW＃849,2,0,2,2,,False,True,11730,False,netplay
2024-07-27 15:30:41+00:00,3,LY＃863,1,20,0,KEKW＃849,2,19,1,2,,False,True,10720,False,netplay
2024-07-27 15:33:51+00:00,8,LY＃863,1,20,0,KEKW＃849,2,19,3,2,,False,True,9393,False,netplay
2024-07-27 15:36:40+00:00,32,LY＃863,1,20,0,KEKW＃849,2,20,3,2,,False,True,5147,False,netplay
2024-07-27 15:38:14+00:00,8,LY＃863,1,20,0,KEKW＃849,2,20,3,2,,False,True,10203,False,netplay
2024-07-27 15:43:18+00:00,32,LY＃863,1,20,0,KEKW＃849,2,20,3,2,,False,True,6441,False,netplay
2024-07-27 15:45:16+00:00,28,LY＃863,1,20,0,KEKW＃849,2,20,1,2,,False,True,10300,False,netplay
2024-07-27 15:48:17+00:00,32,LY＃863,1,20,0,KEKW＃849,2,2,1,2,,False,True,10968,False,netplay
2024-07-27 15:51:28+00:00,3,LY＃863,1,20,0,KEKW＃849,2,2,2,2,,False,True,9157,False,netplay
2024-07-27 15:54:08+00:00,2,LY＃863,1,20,0,KEKW＃849,2,2,2,2,,False,True,9723,False,netplay
2024-07-27 15:56:58+00:00,31,LY＃863,1,20,0,KEKW＃849,2,2,3,2,,False,True,5631,False,netplay
2024-07-27 15:58:40+00:00,8,LY＃863,1,20,0,KEKW＃849,2,2,3,2,,False,True,4348,False,netplay
2024-07-27 16:00:01+00:00,8,LY＃863,1,20,0,KEKW＃849,2,2,2,2,,False,True,7787,False,netplay
2024-07-27 16:02:22+00:00,31,LY＃863,1,20,0,KEKW＃849,2,2,3,2,,False,True,6573,False,netplay
2024-07-27 16:04:22+00:00,32,LY＃863,1,19,0,KEKW＃849,2,2,1,2,,False,True,12948,False,netplay
2024-07-27 16:08:07+00:00,28,LY＃863,1,19,1,KEKW＃849,2,2,0,2,,True,False,14371,False,netplay
2024-07-27 16:12:14+00:00,3,LY＃863,1,19,0,KEKW＃849,2,2,1,2,,False,True,11853,False,netplay
2024-07-27 16:15:40+00:00,31,LY＃863,1,19,2,KEKW＃849,2,2,0,2,,True,False,9085,False,netplay
2024-07-27 16:19:35+00:00,2,LY＃863,1,20,0,KEKW＃849,2,2,2,2,,False,True,9164,False,netplay
2024-07-27 16:22:16+00:00,2,LY＃863,1,20,0,KEKW＃849,2,2,3,2,,False,True,6273,False,netplay
2024-07-27 16:24:16+00:00,3,LY＃863,1,9,0,KEKW＃849,2,2,2,2,,False,True,8680,False,netplay
2024-07-27 16:26:48+00:00,28,LY＃863,1,9,0,KEKW＃849,2,2,3,2,,False,True,10083,False,netplay
2024-07-27 16:29:44+00:00,2,LY＃863,1,9,0,KEKW＃849,2,2,2,2,,False,True,8716,False,netplay
2024-07-27 16:32:19+00:00,32,LY＃863,1,0,0,KEKW＃849,2,2,4,2,,False,True,6562,False,netplay
2024-07-27 16:34:19+00:00,3,LY＃863,1,22,2,KEKW＃849,2,20,4,7,0,False,True,4014,False,netplay
2024-08-09 17:19:50+00:00,28,LY＃863,1,22,0,KEKW＃849,2,22,1,2,,False,True,12214,False,netplay
2024-08-09 17:23:31+00:00,3,LY＃863,1,3,1,KEKW＃849,2,23,0,2,,True,False,13550,False,netplay
2024-08-09 17:27:32+00:00,3,LY＃863,1,2,0,KEKW＃849,2,19,2,2,,False,True,9550,False,netplay
2024-08-09 17:30:23+00:00,31,LY＃863,1,20,0,KEKW＃849,2,0,4,2,,False,True,5026,False,netplay
2024-08-09 17:32:40+00:00,8,LY＃863,1,20,0,KEKW＃849,2,15,3,2,,False,True,5270,False,netplay
2024-08-09 17:34:18+00:00,2,LY＃863,1,20,1,KEKW＃849,2,20,0,2,,True,False,11971,False,netplay
2024-08-09 17:37:47+00:00,32,LY＃863,1,20,0,KEKW＃849,2,2,3,2,,False,True,5192,False,netplay
2024-08-09 17:39:22+00:00,32,LY＃863,1,20,0,KEKW＃849,2,2,3,2,,False,True,4287,False,netplay
2024-08-09 17:40:41+00:00,3,LY＃863,1,20,1,KEKW＃849,2,20,0,2,,True,False,12669,False,netplay
2024-08-09 17:44:21+00:00,28,LY＃863,1,20,0,KEKW＃849,2,20,2,2,,False,True,13482,False,netplay
2024-08-09 17:48:14+00:00,8,LY＃863,1,20,0,KEKW＃849,2,20,3,2,,False,True,5507,False,netplay
2024-08-09 17:49:53+00:00,31,LY＃863,1,20,0,KEKW＃849,2,20,3,2,,False,True,5874,False,netplay
2024-08-09 17:51:39+00:00,28,LY＃863,1,20,0,KEKW＃849,2,20,3,2,,False,True,9817,False,netplay
2024-08-09 17:54:32+00:00,31,LY＃863,1,20,0,KEKW＃849,2,19,3,2,,False,True,9344,False,netplay
2024-08-09 17:57:16+00:00,28,LY＃863,1,20,0,KEKW＃849,2,19,2,2,,False,True,11999,False,netplay
2024-08-09 18:00:44+00:00,2,LY＃863,1,20,1,KEKW＃849,2,19,0,2,,True,False,10417,False,netplay
2024-08-09 18:03:48+00:00,2,LY＃863,1,20,0,KEKW＃849,2,0,1,2,,False,True,12581,False,netplay
2024-08-09 18:07:29+00:00,3,LY＃863,1,20,4,KEKW＃849,2,9,4,7,2,True,False,1379,False,netplay
2024-08-09 18:08:03+00:00,8,LY＃863,1,20,3,KEKW＃849,2,23,0,2,,True,False,5825,False,netplay
2024-08-09 18:09:59+00:00,31,LY＃863,1,20,0,KEKW＃849,2,7,2,2,,False,True,9774,False,netplay
2024-08-09 18:12:53+00:00,32,LY＃863,1,20,0,KEKW＃849,2,12,1,2,,False,True,15107,False,netplay
2024-08-09 18:17:25+00:00,8,LY＃863,1,20,0,KEKW＃849,2,20,3,2,,False,True,6378,False,netplay
2024-08-09 18:19:26+00:00,28,LY＃863,1,20,0,KEKW＃849,2,20,2,2,,False,True,9898,False,netplay
2024-08-09 18:22:18+00:00,8,LY＃863,1,20,0,KEKW＃849,2,20,3,2,,False,True,6312,False,netplay
2024-08-09 18:24:19+00:00,31,LY＃863,1,20,0,KEKW＃849,2,19,2,2,,False,True,8187,False,netplay
2024-08-09 18:26:44+00:00,32,LY＃863,1,20,1,KEKW＃849,2,19,0,2,,True,False,13661,False,netplay
2024-08-09 18:30:45+00:00,3,LY＃863,1,20,0,KEKW＃849,2,2,3,2,,False,True,5979,False,netplay
2024-08-09 18:32:32+00:00,3,LY＃863,1,20,0,KEKW＃849,2,2,3,2,,False,True,6897,False,netplay
2024-08-09 18:34:35+00:00,2,LY＃863,1,20,0,KEKW＃849,2,2,2,2,,False,True,7218,False,netplay
2024-08-09 18:36:43+00:00,11,LY＃863,1,20,4,KEKW＃849,2,2,4,7,0,True,False,45,False,netplay
2024-08-09 18:36:51+00:00,8,LY＃863,1,20,0,KEKW＃849,2,2,1,2,,False,True,8230,False,netplay
2024-08-09 18:39:16+00:00,3,LY＃863,1,20,0,KEKW＃849,2,2,3,2,,False,True,7946,False,netplay
2024-08-09 18:41:39+00:00,28,LY＃863,1,20,0,KEKW＃849,2,2,3,2,,False,True,10096,False,netplay
2024-08-09 18:44:38+00:00,2,LY＃863,1,19,0,KEKW＃849,2,2,3,2,,False,True,8409,False,netplay
2024-08-09 18:47:06+00:00,32,LY＃863,1,19,0,KEKW＃849,2,2,1,2,,False,True,12534,False,netplay
2024-08-09 18:51:24+00:00,31,LY＃863,1,19,2,KEKW＃849,2,2,0,2,,True,False,8440,False,netplay
2024-08-09 18:54:02+00:00,32,LY＃863,1,19,0,KEKW＃849,2,2,2,2,,False,True,9557,False,netplay
2024-08-15 16:35:05+00:00,28,LY＃863,2,22,0,KEKW＃849,1,22,1,2,,False,True,14411,False,netplay
2024-08-15 16:39:30+00:00,32,LY＃863,2,0,0,KEKW＃849,1,0,2,2,,False,True,10007,False,netplay
2024-08-15 16:42:40+00:00,8,LY＃863,2,13,4,KEKW＃849,1,19,4,7,2,False,True,236,False,netplay
2024-08-15 16:42:52+00:00,2,LY＃863,2,13,4,KEKW＃849,1,19,4,7,2,False,True,429,False,netplay
2024-08-15 16:43:12+00:00,3,LY＃863,2,1,0,KEKW＃849,1,19,2,2,,False,True,11249,False,netplay
2024-08-15 16:46:34+00:00,28,LY＃863,2,3,0,KEKW＃849,1,23,3,2,,False,True,9315,False,netplay
2024-08-15 16:49:21+00:00,32,LY＃863,2,20,0,KEKW＃849,1,15,1,2,,False,True,10813,False,netplay
2024-08-15 16:52:55+00:00,28,LY＃863,2,20,0,KEKW＃849,1,20,1,2,,False,True,12002,False,netplay
2024-08-15 16:56:25+00:00,8,LY＃863,2,20,0,KEKW＃849,1,20,3,2,,False,True,5564,False,netplay
2024-08-15 16:58:08+00:00,2,LY＃863,2,20,0,KEKW＃849,1,2,2,2,,False,True,9167,False,netplay
2024-08-15 17:00:49+00:00,3,LY＃863,2,20,0,KEKW＃849,1,2,1,2,,False,True,10202,False,netplay
2024-08-15 17:03:48+00:00,31,LY＃863,2,20,0,KEKW＃849,1,2,1,2,,False,True,12821,False,netplay
2024-08-15 17:07:32+00:00,3,LY＃863,2,20,0,KEKW＃849,1,2,1,2,,False,True,8808,False,netplay
2024-08-15 17:10:10+00:00,31,LY＃863,2,20,0,KEKW＃849,1,2,1,2,,False,True,8320,False,netplay
2024-08-15 17:12:38+00:00,2,LY＃863,2,19,0,KEKW＃849,1,20,4,2,,False,True,5726,False,netplay
2024-08-15 17:14:22+00:00,32,LY＃863,2,19,0,KEKW＃849,1,20,2,2,,False,True,12698,False,netplay
2024-08-15 17:18:04+00:00,8,LY＃863,2,19,0,KEKW＃849,1,20,2,2,,False,True,8865,False,netplay
2024-08-15 17:20:42+00:00,28,LY＃863,2,19,1,KEKW＃849,1,2,0,2,,True,False,12195,False,netplay
2024-08-15 17:25:31+00:00,28,LY＃863,2,9,0,KEKW＃849,1,2,2,2,,False,True,10423,False,netplay
2024-08-15 17:28:33+00:00,32,LY＃863,2,9,0,KEKW＃849,1,2,1,2,,False,True,13337,False,netplay
2024-08-15 17:32:26+00:00,28,LY＃863,2,20,0,KEKW＃849,1,20,3,2,,False,True,9628,False,netplay
2024-08-15 17:35:15+00:00,3,LY＃863,2,20,0,KEKW＃849,1,20,2,2,,False,True,7624,False,netplay
2024-08-15 17:37:32+00:00,8,LY＃863,2,20,0,KEKW＃849,1,19,1,2,,False,True,11426,False,netplay
2024-08-15 17:40:53+00:00,2,LY＃863,2,20,2,KEKW＃849,1,19,0,2,,True,False,6352,False,netplay
2024-08-15 17:42:48+00:00,3,LY＃863,2,20,1,KEKW＃849,1,19,0,2,,True,False,13856,False,netplay
2024-08-15 17:46:49+00:00,32,LY＃863,2,20,0,KEKW＃849,1,19,2,2,,False,True,11691,False,netplay
2024-08-15 17:50:12+00:00,31,LY＃863,2,20,0,KEKW＃849,1,19,1,2,,False,True,10379,False,netplay
2024-08-15 17:53:15+00:00,32,LY＃863,2,20,0,KEKW＃849,1,1,1,2,,False,True,8584,False,netplay
2024-08-15 17:55:54+00:00,8,LY＃863,2,20,0,KEKW＃849,1,9,3,2,,False,True,8578,False,netplay
2024-08-15 17:58:31+00:00,2,LY＃863,2,20,0,KEKW＃849,1,7,3,2,,False,True,8828,False,netplay
2024-08-15 18:01:15+00:00,31,LY＃863,2,20,0,KEKW＃849,1,13,1,2,,False,True,13166,False,netplay
2024-08-15 18:05:08+00:00,3,LY＃863,2,20,3,KEKW＃849,1,3,0,2,,True,False,7287,False,netplay
2024-08-15 18:07:24+00:00,31,LY＃863,2,20,0,KEKW＃849,1,0,1,2,,False,True,4703,False,netplay
2024-08-15 18:08:50+00:00,28,LY＃863,2,20,0,KEKW＃849,1,0,1,2,,False,True,10443,False,netplay
2024-08-15 18:11:53+00:00,2,LY＃863,2,20,0,KEKW＃849,1,0,2,2,,False,True,8038,False,netplay
2024-08-15 18:14:17+00:00,3,LY＃863,2,20,0,KEKW＃849,1,11,3,2,,False,True,9606,False,netplay
2024-08-15 18:17:07+00:00,31,LY＃863,2,20,1,KEKW＃849,1,11,0,2,,True,False,12065,False,netplay
2024-08-15 18:20:36+00:00,2,LY＃863,2,20,0,KEKW＃849,1,11,1,2,,False,True,11504,False,netplay
2024-08-15 18:23:57+00:00,28,LY＃863,2,20,1,KEKW＃849,1,11,0,2,,True,False,14223,False,netplay
2024-08-15 18:28:03+00:00,8,LY＃863,2,20,0,KEKW＃849,1,11,2,2,,False,True,7615,False,netplay
2024-08-15 18:30:21+00:00,32,LY＃863,2,20,0,KEKW＃849,1,11,1,2,,False,True,14394,False,netplay
2024-08-15 18:34:31+00:00,8,LY＃863,2,20,0,KEKW＃849,1,23,1,2,,False,True,7277,False,netplay
2024-08-15 18:36:41+00:00,8,LY＃863,2,20,0,KEKW＃849,1,2,3,2,,False,True,7103,False,netplay
2024-08-15 18:38:48+00:00,3,LY＃863,2,20,0,KEKW＃849,1,2,1,2,,False,True,13519,False,netplay
2024-08-15 18:42:42+00:00,28,LY＃863,2,20,0,KEKW＃849,1,2,1,2,,False,True,12334,False,netplay
2024-08-15 18:46:20+00:00,31,LY＃863,2,20,0,KEKW＃849,1,2,2,2,,False,True,8430,False,netplay
2024-08-15 18:48:48+00:00,2,LY＃863,2,20,0,KEKW＃849,1,2,1,2,,False,True,7972,False,netplay
2024-08-15 18:51:10+00:00,32,LY＃863,2,20,0,KEKW＃849,1,2,1,2,,False,True,11554,False,netplay
2024-08-15 18:54:32+00:00,2,LY＃863,2,20,0,KEKW＃849,1,2,1,2,,False,True,6818,False,netplay
2024-08-15 18:56:34+00:00,3,LY＃863,2,20,0,KEKW＃849,1,2,1,2,,False,True,10960,False,netplay
2024-08-15 18:59:55+00:00,28,LY＃863,2,20,0,KEKW＃849,1,2,1,2,,False,True,8601,False,netplay
2024-08-17 15:28:28+00:00,32,LY＃863,1,20,4,KEKW＃849,2,0,4,7,2,True,False,1779,False,netplay
2024-08-17 15:29:44+00:00,28,LY＃863,1,20,1,KEKW＃849,2,0,0,2,,True,False,11666,False,netplay
2024-08-17 15:33:18+00:00,3,LY＃863,1,20,1,KEKW＃849,2,19,0,2,,True,False,15975,False,netplay
2024-08-17 16:11:45+00:00,3,LY＃863,1,9,1,KEKW＃849,2,23,0,2,,True,False,9885,False,netplay
2024-08-17 16:15:04+00:00,3,LY＃863,1,5,0,KEKW＃849,2,16,1,2,,False,True,11363,False,netplay
2024-08-17 16:18:28+00:00,3,LY＃863,1,1,0,KEKW＃849,2,21,1,2,,False,True,11600,False,netplay
2024-08-17 16:37:58+00:00,3,LY＃863,1,22,1,KEKW＃849,2,17,0,2,,True,False,17312,False,netplay
2024-08-17 16:43:12+00:00,2,LY＃863,1,15,0,KEKW＃849,2,18,1,2,,False,True,11643,False,netplay
2024-08-17 16:46:42+00:00,32,LY＃863,1,2,0,KEKW＃849,2,8,1,2,,False,True,11504,False,netplay
2024-08-17 17:03:44+00:00,32,LY＃863,2,16,0,KEKW＃849,1,22,3,2,,False,True,12461,False,netplay
2024-08-17 17:07:39+00:00,31,LY＃863,2,8,0,KEKW＃849,1,7,1,2,,False,True,15795,False,netplay
2024-08-17 17:12:15+00:00,28,LY＃863,2,4,1,KEKW＃849,1,25,0,2,,True,False,12910,False,netplay
2024-08-17 17:31:19+00:00,3,LY＃863,2,14,3,KEKW＃849,1,1,0,2,,True,False,5611,False,netplay
2024-08-17 17:33:08+00:00,32,LY＃863,2,16,0,KEKW＃849,1,12,3,2,,False,True,10711,False,netplay
2024-08-17 17:36:19+00:00,2,LY＃863,2,22,0,KEKW＃849,1,16,2,2,,False,True,16137,False,netplay
2024-08-17 17:58:05+00:00,32,LY＃863,1,21,0,KEKW＃849,2,2,4,2,,False,True,7019,False,netplay
2024-08-17 18:00:13+00:00,3,LY＃863,1,6,0,KEKW＃849,2,23,4,2,,False,True,7275,False,netplay
2024-08-17 18:02:27+00:00,2,LY＃863,1,7,0,KEKW＃849,2,22,3,2,,False,True,6702,False,netplay
2024-08-17 18:17:55+00:00,28,LY＃863,1,12,0,KEKW＃849,2,0,1,2,,False,True,11905,False,netplay
2024-08-17 18:21:30+00:00,28,LY＃863,1,20,1,KEKW＃849,2,20,2,7,0,False,True,8320,False,netplay
2024-08-17 18:24:07+00:00,8,LY＃863,1,19,1,KEKW＃849,2,18,0,2,,True,False,11917,False,netplay
2024-08-17 18:27:50+00:00,8,LY＃863,1,19,3,KEKW＃849,2,23,0,2,,True,False,9914,False,netplay
2024-08-17 18:49:14+00:00,32,LY＃863,1,20,0,KEKW＃849,2,24,1,2,,False,True,12559,False,netplay
2024-08-17 18:52:56+00:00,3,LY＃863,1,19,3,KEKW＃849,2,6,3,7,0,True,False,5117,False,netplay
2024-08-17 18:54:34+00:00,32,LY＃863,1,19,1,KEKW＃849,2,15,0,2,,True,False,14172,False,netplay
2024-08-17 19:15:24+00:00,31,LY＃863,2,2,1,KEKW＃849,1,20,0,2,,True,False,7284,False,netplay
2024-08-17 19:17:39+00:00,2,LY＃863,2,19,0,KEKW＃849,1,2,3,2,,False,True,7424,False,netplay
2024-08-17 19:20:05+00:00,31,LY＃863,2,19,3,KEKW＃849,1,23,0,2,,True,False,10326,False,netplay
2024-08-17 19:23:22+00:00,32,LY＃863,2,19,1,KEKW＃849,1,20,0,2,,True,False,7908,False,netplay
2024-08-17 19:25:44+00:00,28,LY＃863,2,19,2,KEKW＃849,1,20,0,2,,True,False,10494,False,netplay
2024-08-17 19:46:45+00:00,2,LY＃863,1,20,1,KEKW＃849,2,0,0,2,,True,False,10446,False,netplay
2024-08-17 19:49:49+00:00,3,LY＃863,1,20,1,KEKW＃849,2,3,0,2,,True,False,10517,False,netplay
2024-08-17 19:53:00+00:00,8,LY＃863,1,20,0,KEKW＃849,2,2,2,2,,False,True,9659,False,netplay
2024-08-17 20:06:30+00:00,32,LY＃863,2,19,1,KEKW＃849,1,1,0,2,,True,False,15866,False,netplay
2024-08-17 20:11:59+00:00,31,LY＃863,2,19,1,KEKW＃849,1,0,1,7,2,False,True,11447,False,netplay
2024-08-17 20:15:23+00:00,32,LY＃863,2,19,1,KEKW＃849,1,13,0,2,,True,False,13281,False,netplay
2024-08-17 20:35:59+00:00,28,LY＃863,1,20,1,KEKW＃849,2,16,0,2,,True,False,14988,False,netplay
2024-08-17 20:40:19+00:00,28,LY＃863,1,20,0,KEKW＃849,2,20,2,2,,False,True,8276,False,netplay
2024-08-17 20:42:50+00:00,3,LY＃863,1,20,1,KEKW＃849,2,13,0,2,,True,False,14774,False,netplay
2024-08-17 21:05:14+00:00,8,LY＃863,2,19,2,KEKW＃849,1,4,0,2,,True,False,12188,False,netplay
2024-08-17 21:08:49+00:00,3,LY＃863,2,19,0,KEKW＃849,1,20,2,2,,False,True,11486,False,netplay
2024-08-17 21:12:11+00:00,2,LY＃863,2,19,2,KEKW＃849,1,8,0,2,,True,False,8644,False,netplay
2024-08-17 21:29:44+00:00,28,LY＃863,1,20,0,KEKW＃849,2,1,3,2,,False,True,8308,False,netplay
2024-08-17 21:32:19+00:00,3,LY＃863,1,20,1,KEKW＃849,2,10,0,2,,True,False,15465,False,netplay
2024-08-17 21:36:48+00:00,31,LY＃863,1,20,2,KEKW＃849,2,23,0,2,,True,False,10195,False,netplay
2024-08-30 16:07:26+00:00,31,LY＃863,2,22,0,KEKW＃849,1,22,2,2,,False,True,11966,False,netplay
2024-08-30 16:11:00+00:00,2,LY＃863,2,0,1,KEKW＃849,1,23,0,2,,True,False,10902,False,netplay
2024-08-30 16:14:20+00:00,32,LY＃863,2,12,3,KEKW＃849,1,9,0,2,,True,False,12033,False,netplay
2024-08-30 16:18:06+00:00,3,LY＃863,2,2,0,KEKW＃849,1,0,1,2,,False,True,13623,False,netplay
2024-08-30 16:22:05+00:00,8,LY＃863,2,2,0,KEKW＃849,1,19,2,2,,False,True,12740,False,netplay
2024-08-30 16:25:49+00:00,3,LY＃863,2,20,0,KEKW＃849,1,15,4,2,,False,True,3155,False,netplay
2024-08-30 16:26:51+00:00,32,LY＃863,2,20,3,KEKW＃849,1,20,0,2,,True,False,10208,False,netplay
2024-08-30 16:29:49+00:00,28,LY＃863,2,20,1,KEKW＃849,1,20,0,2,,True,False,10173,False,netplay
2024-08-30 16:32:47+00:00,31,LY＃863,2,20,0,KEKW＃849,1,20,3,2,,False,True,7608,False,netplay
2024-08-30 16:35:03+00:00,28,LY＃863,2,20,0,KEKW＃849,1,20,1,2,,False,True,14767,False,netplay
2024-08-30 16:39:21+00:00,31,LY＃863,2,20,1,KEKW＃849,1,20,0,2,,True,False,12956,False,netplay
2024-08-30 16:43:27+00:00,8,LY＃863,2,20,0,KEKW＃849,1,2,2,2,,False,True,6415,False,netplay
2024-08-30 16:45:22+00:00,2,LY＃863,2,20,0,KEKW＃849,1,2,3,2,,False,True,7454,False,netplay
2024-08-30 16:47:36+00:00,28,LY＃863,2,19,0,KEKW＃849,1,2,3,2,,False,True,8601,False,netplay
2024-08-30 16:50:08+00:00,8,LY＃863,2,19,0,KEKW＃849,1,2,1,2,,False,True,12260,False,netplay
2024-08-30 16:53:41+00:00,31,LY＃863,2,19,0,KEKW＃849,1,2,2,2,,False,True,8920,False,netplay
2024-08-30 16:56:18+00:00,32,LY＃863,2,19,0,KEKW＃849,1,20,2,2,,False,True,8752,False,netplay
2024-08-30 16:58:54+00:00,3,LY＃863,2,19,0,KEKW＃849,1,9,3,2,,False,True,5780,False,netplay
2024-08-30 17:00:38+00:00,28,LY＃863,2,19,2,KEKW＃849,1,9,1,7,0,True,False,10542,False,netplay
2024-08-30 17:03:49+00:00,2,LY＃863,2,19,4,KEKW＃849,1,19,4,7,2,False,True,218,False,netplay
2024-08-30 17:04:02+00:00,8,LY＃863,2,19,2,KEKW＃849,1,0,0,2,,True,False,8898,False,netplay
2024-08-30 17:06:42+00:00,8,LY＃863,2,19,0,KEKW＃849,1,0,1,2,,False,True,13156,False,netplay
2024-08-30 17:10:36+00:00,32,LY＃863,2,19,0,KEKW＃849,1,20,1,2,,False,True,11138,False,netplay
2024-08-30 17:13:50+00:00,31,LY＃863,2,19,2,KEKW＃849,1,20,0,2,,True,False,10124,False,netplay
2024-08-30 17:16:47+00:00,31,LY＃863,2,19,1,KEKW＃849,1,20,0,2,,True,False,10232,False,netplay
2024-08-30 17:19:46+00:00,28,LY＃863,2,19,0,KEKW＃849,1,20,1,2,,False,True,9211,False,netplay
2024-08-30 17:22:46+00:00,3,LY＃863,2,19,1,KEKW＃849,1,20,0,2,,True,False,11493,False,netplay
2024-08-30 17:26:16+00:00,2,LY＃863,2,20,1,KEKW＃849,1,20,0,2,,True,False,9298,False,netplay
2024-08-30 17:29:03+00:00,3,LY＃863,2,20,0,KEKW＃849,1,23,1,2,,False,True,12540,False,netplay
2024-08-30 17:33:23+00:00,2,LY＃863,2,20,0,KEKW＃849,1,0,2,2,,False,True,6821,False,netplay
2024-08-30 17:35:32+00:00,32,LY＃863,2,20,0,KEKW＃849,1,19,1,2,,False,True,9116,False,netplay
2024-08-30 17:38:14+00:00,3,LY＃863,2,2,0,KEKW＃849,1,19,2,2,,False,True,10141,False,netplay
2024-08-30 17:41:16+00:00,8,LY＃863,2,2,0,KEKW＃849,1,3,1,2,,False,True,10548,False,netplay
2024-08-30 17:44:54+00:00,31,LY＃863,2,2,1,KEKW＃849,1,9,0,2,,True,False,8938,False,netplay
2024-08-30 17:47:48+00:00,32,LY＃863,2,2,0,KEKW＃849,1,20,2,2,,False,True,7255,False,netplay
2024-08-30 17:49:59+00:00,2,LY＃863,2,2,4,KEKW＃849,1,11,4,7,2,False,True,100,False,netplay
2024-08-30 17:50:18+00:00,28,LY＃863,2,2,3,KEKW＃849,1,1,0,2,,True,False,2297,False,netplay
2024-08-30 17:51:16+00:00,32,LY＃863,2,2,2,KEKW＃849,1,22,0,2,,True,False,10372,False,netplay
2024-08-30 17:54:33+00:00,28,LY＃863,2,2,0,KEKW＃849,1,2,1,2,,False,True,17150,False,netplay
2024-08-30 17:59:28+00:00,3,LY＃863,2,2,0,KEKW＃849,1,2,4,2,,False,True,5334,False,netplay
2024-08-30 18:01:10+00:00,28,LY＃863,2,2,0,KEKW＃849,1,0,1,2,,False,True,9865,False,netplay
2024-08-30 18:05:58+00:00,32,LY＃863,2,2,0,KEKW＃849,1,4,1,2,,False,True,12096,False,netplay
2024-08-30 18:09:31+00:00,2,LY＃863,2,2,2,KEKW＃849,1,10,0,2,,True,False,10433,False,netplay
2024-08-30 18:13:01+00:00,31,LY＃863,2,2,0,KEKW＃849,1,20,3,2,,False,True,7297,False,netplay
2024-08-30 18:15:11+00:00,31,LY＃863,2,2,0,KEKW＃849,1,20,2,2,,False,True,8834,False,netplay
2024-08-30 18:17:46+00:00,8,LY＃863,2,2,0,KEKW＃849,1,20,3,2,,False,True,5392,False,netplay
2024-08-30 18:19:24+00:00,2,LY＃863,2,2,2,KEKW＃849,1,20,0,2,,True,False,5010,False,netplay
2024-08-30 18:20:55+00:00,8,LY＃863,2,2,0,KEKW＃849,1,20,1,2,,False,True,11937,False,netplay
2024-08-30 18:24:23+00:00,3,LY＃863,2,2,0,KEKW＃849,1,20,3,2,,False,True,10984,False,netplay
2024-08-30 18:27:34+00:00,8,LY＃863,2,2,0,KEKW＃849,1,2,3,2,,False,True,7055,False,netplay
2024-08-30 18:29:41+00:00,31,LY＃863,2,19,0,KEKW＃849,1,2,1,2,,False,True,15084,False,netplay
2024-08-30 18:34:01+00:00,32,LY＃863,2,19,0,KEKW＃849,1,2,3,2,,False,True,7197,False,netplay
2024-08-30 18:36:15+00:00,28,LY＃863,2,19,1,KEKW＃849,1,15,0,2,,True,False,19896,False,netplay
2024-08-30 18:42:01+00:00,3,LY＃863,2,19,0,KEKW＃849,1,9,1,2,,False,True,10740,False,netplay
2024-08-30 18:45:09+00:00,28,LY＃863,2,19,4,KEKW＃849,1,9,3,7,2,True,False,1204,False,netplay
2024-08-30 18:45:43+00:00,31,LY＃863,2,19,0,KEKW＃849,1,0,2,2,,False,True,14306,False,netplay
2024-08-30 18:49:54+00:00,3,LY＃863,2,20,0,KEKW＃849,1,23,2,2,,False,True,5064,False,netplay
2024-08-30 18:51:29+00:00,2,LY＃863,2,20,0,KEKW＃849,1,19,1,2,,False,True,12670,False,netplay
2024-08-31 17:16:11+00:00,3,LY＃863,1,22,1,KEKW＃849,2,22,0,2,,True,False,12659,False,netplay
2024-08-31 17:19:54+00:00,8,LY＃863,1,3,0,KEKW＃849,2,0,1,2,,False,True,14835,False,netplay
2024-08-31 17:24:16+00:00,3,LY＃863,1,17,4,KEKW＃849,2,23,4,7,0,True,False,306,False,netplay
2024-08-31 17:24:33+00:00,8,LY＃863,1,20,0,KEKW＃849,2,23,1,2,,False,True,11799,False,netplay
2024-08-31 17:28:06+00:00,2,LY＃863,1,20,0,KEKW＃849,2,15,3,2,,False,True,4047,False,netplay
2024-08-31 17:29:50+00:00,32,LY＃863,1,20,0,KEKW＃849,2,19,1,2,,False,True,8729,False,netplay
2024-08-31 17:32:38+00:00,28,LY＃863,1,20,0,KEKW＃849,2,20,2,2,,False,True,9373,False,netplay
2024-08-31 17:35:25+00:00,31,LY＃863,1,23,0,KEKW＃849,2,20,4,2,,False,True,5391,False,netplay
2024-08-31 17:37:08+00:00,32,LY＃863,1,20,2,KEKW＃849,2,3,0,2,,True,False,22319,False,netplay
2024-08-31 17:43:37+00:00,2,LY＃863,1,20,1,KEKW＃849,2,21,0,2,,True,False,11238,False,netplay
2024-08-31 17:46:58+00:00,31,LY＃863,1,20,0,KEKW＃849,2,20,3,2,,False,True,8186,False,netplay
2024-08-31 17:49:22+00:00,2,LY＃863,1,20,1,KEKW＃849,2,20,0,2,,True,False,6571,False,netplay
2024-08-31 17:51:35+00:00,3,LY＃863,1,20,0,KEKW＃849,2,20,1,2,,False,True,10098,False,netplay
2024-08-31 17:57:19+00:00,3,LY＃863,1,2,0,KEKW＃849,2,20,2,2,,False,True,8330,False,netplay
2024-08-31 17:59:46+00:00,32,LY＃863,1,2,0,KEKW＃849,2,20,1,2,,False,True,8175,False,netplay
2024-08-31 18:02:12+00:00,28,LY＃863,1,2,0,KEKW＃849,2,2,3,2,,False,True,8580,False,netplay
2024-08-31 18:04:42+00:00,8,LY＃863,1,2,0,KEKW＃849,2,2,3,2,,False,True,9359,False,netplay
2024-08-31 18:07:27+00:00,31,LY＃863,1,2,0,KEKW＃849,2,2,2,2,,False,True,7969,False,netplay
2024-08-31 18:09:47+00:00,2,LY＃863,1,2,0,KEKW＃849,2,20,3,2,,False,True,5860,False,netplay
2024-08-31 18:23:36+00:00,8,LY＃863,2,19,0,KEKW＃849,1,20,1,2,,False,True,10152,False,netplay
2024-08-31 18:26:33+00:00,8,LY＃863,2,19,3,KEKW＃849,1,20,0,2,,True,False,5643,False,netplay
2024-08-31 18:28:16+00:00,3,LY＃863,2,19,0,KEKW＃849,1,20,2,2,,False,True,7114,False,netplay
2024-08-31 18:30:22+00:00,31,LY＃863,2,19,3,KEKW＃849,1,20,0,2,,True,False,5660,False,netplay
2024-08-31 18:32:04+00:00,32,LY＃863,2,19,2,KEKW＃849,1,20,0,2,,True,False,8613,False,netplay
2024-08-31 18:34:42+00:00,2,LY＃863,2,19,1,KEKW＃849,1,0,0,2,,True,False,10631,False,netplay
2024-08-31 18:37:53+00:00,28,LY＃863,2,2,1,KEKW＃849,1,9,0,2,,True,False,10632,False,netplay
2024-08-31 18:41:01+00:00,31,LY＃863,2,2,0,KEKW＃849,1,2,3,2,,False,True,7150,False,netplay
2024-08-31 18:43:18+00:00,28,LY＃863,2,2,0,KEKW＃849,1,2,3,2,,False,True,7941,False,netplay
2024-08-31 18:45:44+00:00,3,LY＃863,2,2,0,KEKW＃849,1,23,2,2,,False,True,9664,False,netplay
2024-08-31 18:48:36+00:00,31,LY＃863,2,2,3,KEKW＃849,1,23,0,2,,True,False,9223,False,netplay
2024-08-31 18:51:22+00:00,8,LY＃863,2,2,0,KEKW＃849,1,20,2,2,,False,True,7343,False,netplay
2024-08-31 18:53:33+00:00,32,LY＃863,2,2,1,KEKW＃849,1,20,3,1,,False,True,28800,False,netplay
2024-08-31 19:01:46+00:00,28,LY＃863,2,2,4,KEKW＃849,1,2,4,7,2,False,True,11144,False,netplay
2024-08-31 19:05:00+00:00,8,LY＃863,2,20,4,KEKW＃849,1,2,0,2,,True,False,21437,False,netplay
2024-08-31 19:11:50+00:00,31,LY＃863,2,20,0,KEKW＃849,1,15,2,2,,False,True,11045,False,netplay
2024-08-31 19:20:16+00:00,2,LY＃863,2,20,0,KEKW＃849,1,14,3,2,,False,True,7894,False,netplay
2024-08-31 19:22:48+00:00,3,LY＃863,2,20,0,KEKW＃849,1,16,2,2,,False,True,11276,False,netplay
2024-08-31 19:26:10+00:00,31,LY＃863,2,20,0,KEKW＃849,1,0,2,2,,False,True,5745,False,netplay
2024-08-31 19:27:58+00:00,3,LY＃863,2,20,0,KEKW＃849,1,25,2,2,,False,True,9739,False,netplay
2024-08-31 19:31:04+00:00,28,LY＃863,2,20,2,KEKW＃849,1,20,0,2,,True,False,10354,False,netplay
2024-08-31 19:34:05+00:00,32,LY＃863,2,20,0,KEKW＃849,1,20,3,2,,False,True,8307,False,netplay
2024-09-06 16:33:17+00:00,32,LY＃863,1,22,0,KEKW＃849,2,22,2,2,,False,True,9663,False,netplay
2024-09-06 16:36:09+00:00,28,LY＃863,1,3,0,KEKW＃849,2,23,1,2,,False,True,10343,False,netplay
2024-09-06 16:39:30+00:00,8,LY＃863,1,0,2,KEKW＃849,2,15,0,2,,True,False,5596,False,netplay
2024-09-06 16:41:23+00:00,8,LY＃863,1,2,0,KEKW＃849,2,19,2,2,,False,True,7132,False,netplay
2024-09-06 16:43:35+00:00,31,LY＃863,1,9,0,KEKW＃849,2,0,2,2,,False,True,7923,False,netplay
2024-09-06 16:45:57+00:00,32,LY＃863,1,9,0,KEKW＃849,2,9,1,2,,False,True,9000,False,netplay
2024-09-06 16:48:39+00:00,3,LY＃863,1,15,0,KEKW＃849,2,20,1,2,,False,True,11999,False,netplay
2024-09-06 16:52:11+00:00,2,LY＃863,1,20,1,KEKW＃849,2,3,0,2,,True,False,11762,False,netplay
2024-09-06 16:55:44+00:00,2,LY＃863,1,20,0,KEKW＃849,2,20,2,2,,False,True,6236,False,netplay
2024-09-06 16:57:39+00:00,8,LY＃863,1,20,0,KEKW＃849,2,20,1,2,,False,True,9854,False,netplay
2024-09-06 17:00:32+00:00,3,LY＃863,1,20,1,KEKW＃849,2,20,0,2,,True,False,10447,False,netplay
2024-09-06 17:03:35+00:00,32,LY＃863,1,20,0,KEKW＃849,2,20,2,2,,False,True,9516,False,netplay
2024-09-06 17:06:21+00:00,2,LY＃863,1,20,1,KEKW＃849,2,20,0,2,,True,False,7888,False,netplay
2024-09-06 17:08:41+00:00,3,LY＃863,1,20,0,KEKW＃849,2,20,3,2,,False,True,4274,False,netplay
2024-09-06 17:10:02+00:00,32,LY＃863,1,2,0,KEKW＃849,2,2,4,2,,False,True,3000,False,netplay
2024-09-06 17:11:00+00:00,28,LY＃863,1,2,0,KEKW＃849,2,2,3,2,,False,True,8771,False,netplay
2024-09-06 17:13:36+00:00,31,LY＃863,1,19,0,KEKW＃849,2,2,3,2,,False,True,6539,False,netplay
2024-09-06 17:15:34+00:00,31,LY＃863,1,19,2,KEKW＃849,2,2,0,2,,True,False,7500,False,netplay
2024-09-06 17:17:46+00:00,31,LY＃863,1,19,0,KEKW＃849,2,2,2,2,,False,True,9640,False,netplay
2024-09-06 17:20:38+00:00,8,LY＃863,1,19,0,KEKW＃849,2,0,2,2,,False,True,7426,False,netplay
2024-09-06 17:22:50+00:00,32,LY＃863,1,19,1,KEKW＃849,2,0,0,2,,True,False,16836,False,netplay
2024-09-06 17:27:42+00:00,28,LY＃863,1,19,0,KEKW＃849,2,9,3,2,,False,True,8763,False,netplay
2024-09-06 17:30:20+00:00,2,LY＃863,1,2,0,KEKW＃849,2,20,3,2,,False,True,5624,False,netplay
2024-09-06 17:32:02+00:00,3,LY＃863,1,2,0,KEKW＃849,2,20,3,2,,False,True,6529,False,netplay
2024-09-06 17:34:04+00:00,28,LY＃863,1,2,0,KEKW＃849,2,12,3,2,,False,True,8301,False,netplay
2024-09-06 17:36:36+00:00,2,LY＃863,1,2,0,KEKW＃849,2,16,4,2,,False,True,3322,False,netplay
2024-09-06 17:37:45+00:00,28,LY＃863,1,2,2,KEKW＃849,2,1,0,2,,True,False,7204,False,netplay
2024-09-06 17:40:04+00:00,9,LY＃863,1,20,1,KEKW＃849,2,11,0,2,,True,False,15986,False,netplay
2024-09-06 17:44:53+00:00,32,LY＃863,1,20,0,KEKW＃849,2,23,2,2,,False,True,9303,False,netplay
2024-09-06 17:47:38+00:00,32,LY＃863,1,20,3,KEKW＃849,2,19,0,2,,True,False,6407,False,netplay
2024-09-06 17:49:46+00:00,6,LY＃863,1,20,0,KEKW＃849,2,22,2,2,,False,True,12026,False,netplay
2024-09-06 17:53:43+00:00,8,LY＃863,1,20,0,KEKW＃849,2,25,1,2,,False,True,6878,False,netplay
2024-09-06 17:55:58+00:00,31,LY＃863,1,20,0,KEKW＃849,2,2,1,2,,False,True,7459,False,netplay
2024-09-06 17:58:11+00:00,3,LY＃863,1,20,0,KEKW＃849,2,2,3,2,,False,True,8313,False,netplay
2024-09-06 18:00:41+00:00,8,LY＃863,1,20,1,KEKW＃849,2,4,0,2,,True,False,11909,False,netplay
2024-09-06 18:04:20+00:00,28,LY＃863,1,20,1,KEKW＃849,2,9,0,2,,True,False,11076,False,netplay
2024-09-06 18:09:24+00:00,31,LY＃863,1,20,0,KEKW＃849,2,20,1,2,,False,True,10699,False,netplay
2024-09-06 18:12:31+00:00,3,LY＃863,1,20,0,KEKW＃849,2,2,3,2,,False,True,7335,False,netplay
2024-09-06 18:14:48+00:00,28,LY＃863,1,20,0,KEKW＃849,2,2,3,2,,False,True,5117,False,netplay
2024-09-06 18:16:24+00:00,2,LY＃863,1,19,2,KEKW＃849,2,2,0,2,,True,False,9920,False,netplay
2024-09-06 18:19:17+00:00,3,LY＃863,1,19,1,KEKW＃849,2,2,0,2,,True,False,12073,False,netplay
2024-09-06 18:22:46+00:00,8,LY＃863,1,19,0,KEKW＃849,2,2,3,2,,False,True,7663,False,netplay
2024-09-06 18:25:02+00:00,31,LY＃863,1,19,0,KEKW＃849,2,2,3,2,,False,True,8120,False,netplay
2024-09-06 18:27:26+00:00,32,LY＃863,1,19,0,KEKW＃849,2,2,4,2,,False,True,6738,False,netplay
2024-09-06 18:29:27+00:00,32,LY＃863,1,19,3,KEKW＃849,2,20,4,7,0,False,True,1849,False,netplay
2024-09-06 18:30:04+00:00,31,LY＃863,1,19,0,KEKW＃849,2,20,1,2,,False,True,8577,False,netplay
2024-09-06 18:32:35+00:00,3,LY＃863,1,19,3,KEKW＃849,2,20,0,2,,True,False,9093,False,netplay
2024-09-06 18:35:19+00:00,2,LY＃863,1,19,0,KEKW＃849,2,9,3,2,,False,True,8894,False,netplay
2024-09-06 18:38:07+00:00,2,LY＃863,1,19,0,KEKW＃849,2,15,1,2,,False,True,11738,False,netplay
2024-09-06 18:41:38+00:00,28,LY＃863,1,19,1,KEKW＃849,2,12,0,2,,True,False,9914,False,netplay
2024-09-06 18:44:36+00:00,8,LY＃863,1,19,2,KEKW＃849,2,19,0,2,,True,False,9588,False,netplay
2024-09-06 18:47:28+00:00,3,LY＃863,1,19,0,KEKW＃849,2,2,4,2,,False,True,7961,False,netplay
2024-09-06 18:49:50+00:00,8,LY＃863,1,20,0,KEKW＃849,2,20,2,2,,False,True,9160,False,netplay
2024-09-06 18:52:32+00:00,2,LY＃863,1,20,0,KEKW＃849,2,20,2,2,,False,True,9731,False,netplay
2024-09-06 18:55:25+00:00,32,LY＃863,1,20,0,KEKW＃849,2,13,1,2,,False,True,12527,False,netplay
2024-09-06 18:59:09+00:00,8,LY＃863,1,20,1,KEKW＃849,2,1,0,2,,True,False,4061,False,netplay
2024-09-06 19:00:38+00:00,2,LY＃863,1,20,4,KEKW＃849,2,14,4,7,0,True,False,44,False,netplay
2024-09-06 19:01:10+00:00,3,LY＃863,1,20,0,KEKW＃849,2,15,3,2,,False,True,6265,False,netplay
2024-09-06 19:03:09+00:00,31,LY＃863,1,20,2,KEKW＃849,2,17,0,2,,True,False,6691,False,netplay
2024-09-06 19:05:30+00:00,28,LY＃863,1,20,0,KEKW＃849,2,0,1,2,,False,True,9752,False,netplay
2024-09-06 19:08:29+00:00,28,LY＃863,1,20,1,KEKW＃849,2,23,0,2,,True,False,10606,False,netplay
2024-09-06 19:11:39+00:00,32,LY＃863,1,20,0,KEKW＃849,2,9,2,2,,False,True,10092,False,netplay
2024-09-06 19:14:42+00:00,31,LY＃863,1,20,1,KEKW＃849,2,20,0,2,,True,False,12919,False,netplay
2024-09-06 19:18:28+00:00,31,LY＃863,1,20,0,KEKW＃849,2,20,2,2,,False,True,9348,False,netplay
2024-09-06 19:21:12+00:00,28,LY＃863,1,20,0,KEKW＃849,2,20,2,2,,False,True,7969,False,netplay
2024-09-06 19:23:41+00:00,32,LY＃863,1,20,0,KEKW＃849,2,1,1,2,,False,True,8029,False,netplay
2024-09-06 19:26:10+00:00,8,LY＃863,1,20,0,KEKW＃849,2,23,3,2,,False,True,6038,False,netplay
2024-09-06 19:28:01+00:00,3,LY＃863,1,20,1,KEKW＃849,2,9,0,2,,True,False,12392,False,netplay
2024-09-06 19:32:04+00:00,32,LY＃863,1,20,0,KEKW＃849,2,2,3,2,,False,True,6037,False,netplay
2024-09-06 19:33:53+00:00,2,LY＃863,1,20,0,KEKW＃849,2,2,2,2,,False,True,8830,False,netplay
2024-09-07 17:08:36+00:00,3,LY＃863,1,22,0,KEKW＃849,2,2,2,2,,False,True,13173,False,netplay
2024-09-07 17:12:31+00:00,3,LY＃863,1,22,0,KEKW＃849,2,19,2,2,,False,True,12122,False,netplay
2024-09-07 17:16:05+00:00,2,LY＃863,1,9,2,KEKW＃849,2,23,0,2,,True,False,10522,False,netplay
2024-09-07 17:19:11+00:00,2,LY＃863,1,9,0,KEKW＃849,2,0,1,2,,False,True,8364,False,netplay
2024-09-07 17:21:38+00:00,31,LY＃863,1,9,1,KEKW＃849,2,0,0,2,,True,False,13125,False,netplay
2024-09-07 17:25:25+00:00,3,LY＃863,1,9,0,KEKW＃849,2,0,3,2,,False,True,8887,False,netplay
2024-09-07 17:28:01+00:00,8,LY＃863,1,9,0,KEKW＃849,2,0,2,2,,False,True,7471,False,netplay
2024-09-07 17:30:15+00:00,32,LY＃863,1,20,0,KEKW＃849,2,20,2,2,,False,True,9195,False,netplay
2024-09-07 17:33:06+00:00,28,LY＃863,1,20,0,KEKW＃849,2,20,3,2,,False,True,6766,False,netplay
2024-09-07 17:35:07+00:00,2,LY＃863,1,20,0,KEKW＃849,2,20,2,2,,False,True,8885,False,netplay
2024-09-07 17:37:45+00:00,32,LY＃863,1,20,0,KEKW＃849,2,20,3,2,,False,True,7150,False,netplay
2024-09-07 17:39:55+00:00,3,LY＃863,1,20,0,KEKW＃849,2,9,1,2,,False,True,10058,False,netplay
2024-09-07 17:42:53+00:00,8,LY＃863,1,20,1,KEKW＃849,2,9,0,2,,True,False,10154,False,netplay
2024-09-07 17:45:51+00:00,32,LY＃863,1,20,2,KEKW＃849,2,9,4,7,0,False,True,4296,False,netplay
2024-09-07 17:47:10+00:00,28,LY＃863,1,20,1,KEKW＃849,2,9,0,2,,True,False,12658,False,netplay
2024-09-07 17:50:50+00:00,8,LY＃863,1,2,0,KEKW＃849,2,9,1,2,,False,True,11390,False,netplay
2024-09-07 18:12:43+00:00,31,LY＃863,1,2,0,KEKW＃849,2,9,3,2,,False,True,9235,False,netplay
2024-09-07 18:15:26+00:00,2,LY＃863,1,2,0,KEKW＃849,2,9,1,2,,False,True,10007,False,netplay
2024-09-07 18:18:21+00:00,28,LY＃863,1,2,0,KEKW＃849,2,9,1,2,,False,True,12485,False,netplay
2024-09-07 18:21:59+00:00,3,LY＃863,1,19,1,KEKW＃849,2,9,0,2,,True,False,14630,False,netplay
2024-09-07 18:26:20+00:00,31,LY＃863,1,19,0,KEKW＃849,2,20,1,2,,False,True,11670,False,netplay
2024-09-07 18:29:42+00:00,31,LY＃863,1,19,1,KEKW＃849,2,20,0,2,,True,False,13260,False,netplay
2024-09-07 18:33:31+00:00,28,LY＃863,1,19,0,KEKW＃849,2,20,1,2,,False,True,13120,False,netplay
2024-09-07 18:40:18+00:00,32,LY＃863,1,19,0,KEKW＃849,2,14,2,2,,False,True,10879,False,netplay
2024-09-07 18:43:39+00:00,8,LY＃863,1,19,2,KEKW＃849,2,15,0,2,,True,False,11828,False,netplay
2024-09-07 18:47:12+00:00,28,LY＃863,1,19,0,KEKW＃849,2,15,3,2,,False,True,11892,False,netplay
2024-09-07 18:50:46+00:00,32,LY＃863,1,19,1,KEKW＃849,2,15,0,2,,True,False,15625,False,netplay
2024-09-07 18:55:14+00:00,32,LY＃863,1,19,4,KEKW＃849,2,15,4,7,0,True,False,42,False,netplay
2024-09-07 18:55:23+00:00,8,LY＃863,1,9,0,KEKW＃849,2,15,1,2,,False,True,9406,False,netplay
2024-09-07 18:58:08+00:00,2,LY＃863,1,9,1,KEKW＃849,2,15,0,2,,True,False,9521,False,netplay
2024-09-07 19:00:57+00:00,2,LY＃863,1,0,0,KEKW＃849,2,15,3,2,,False,True,4074,False,netplay
2024-09-07 19:02:13+00:00,3,LY＃863,1,0,0,KEKW＃849,2,15,4,2,,False,True,5563,False,netplay
2024-09-07 19:03:55+00:00,31,LY＃863,1,9,0,KEKW＃849,2,19,3,2,,False,True,8264,False,netplay
2024-09-07 19:06:21+00:00,28,LY＃863,1,9,3,KEKW＃849,2,19,0,2,,True,False,9446,False,netplay
2024-09-07 19:09:51+00:00,31,LY＃863,1,9,0,KEKW＃849,2,20,1,2,,False,True,9219,False,netplay
2024-09-07 19:12:33+00:00,8,LY＃863,1,9,0,KEKW＃849,2,20,1,2,,False,True,8309,False,netplay
2024-09-07 19:15:02+00:00,3,LY＃863,1,9,2,KEKW＃849,2,20,0,2,,True,False,10703,False,netplay
2024-09-07 19:18:13+00:00,8,LY＃863,1,9,0,KEKW＃849,2,9,2,2,,False,True,9012,False,netplay
2024-09-07 19:21:13+00:00,2,LY＃863,1,9,0,KEKW＃849,2,9,2,2,,False,True,9707,False,netplay
2024-09-07 19:24:06+00:00,31,LY＃863,1,20,0,KEKW＃849,2,9,2,2,,False,True,10460,False,netplay
2024-09-07 19:27:09+00:00,32,LY＃863,1,20,2,KEKW＃849,2,23,0,2,,True,False,12124,False,netplay
2024-09-07 19:30:44+00:00,3,LY＃863,1,20,0,KEKW＃849,2,20,2,2,,False,True,9651,False,netplay
2024-09-07 19:33:33+00:00,28,LY＃863,1,20,0,KEKW＃849,2,20,2,2,,False,True,9539,False,netplay
2024-09-07 19:36:53+00:00,31,LY＃863,1,20,0,KEKW＃849,2,20,3,2,,False,True,5963,False,netplay
2024-09-07 19:38:54+00:00,8,LY＃863,1,20,0,KEKW＃849,2,9,3,2,,False,True,4016,False,netplay
2024-09-07 19:40:39+00:00,28,LY＃863,1,20,1,KEKW＃849,2,25,0,2,,True,False,13114,False,netplay
2024-09-07 19:44:46+00:00,8,LY＃863,1,20,0,KEKW＃849,2,2,2,2,,False,True,8434,False,netplay
2024-09-07 19:47:16+00:00,2,LY＃863,1,20,0,KEKW＃849,2,2,3,2,,False,True,4979,False,netplay
2024-09-07 19:48:46+00:00,3,LY＃863,1,20,0,KEKW＃849,2,2,3,2,,False,True,8554,False,netplay
2024-09-07 19:51:31+00:00,32,LY＃863,1,20,3,KEKW＃849,2,13,4,7,0,False,True,2993,False,netplay
2024-09-07 19:52:28+00:00,8,LY＃863,1,20,0,KEKW＃849,2,13,2,2,,False,True,7160,False,netplay
2024-09-07 19:54:37+00:00,31,LY＃863,1,19,3,KEKW＃849,2,13,0,2,,True,False,8214,False,netplay
2024-09-07 19:57:31+00:00,3,LY＃863,1,20,1,KEKW＃849,2,9,0,2,,True,False,9546,False,netplay
2024-09-07 20:00:17+00:00,31,LY＃863,1,20,0,KEKW＃849,2,9,1,2,,False,True,10129,False,netplay
2024-09-07 20:03:17+00:00,28,LY＃863,1,20,0,KEKW＃849,2,9,1,2,,False,True,9947,False,netplay
2024-09-07 20:06:19+00:00,2,LY＃863,1,20,4,KEKW＃849,2,9,4,7,0,True,False,81,False,netplay
2024-09-07 20:06:29+00:00,3,LY＃863,1,20,0,KEKW＃849,2,9,3,2,,False,True,9031,False,netplay
2024-09-07 20:09:13+00:00,32,LY＃863,1,20,0,KEKW＃849,2,0,3,2,,False,True,7686,False,netplay
2024-09-07 20:11:33+00:00,8,LY＃863,1,20,0,KEKW＃849,2,20,2,2,,False,True,7233,False,netplay
2024-09-07 20:13:42+00:00,32,LY＃863,1,20,0,KEKW＃849,2,20,3,2,,False,True,8045,False,netplay
2024-09-07 20:16:14+00:00,28,LY＃863,1,20,3,KEKW＃849,2,20,4,7,0,False,True,2420,False,netplay
2024-09-07 20:17:03+00:00,2,LY＃863,1,19,0,KEKW＃849,2,20,1,2,,False,True,10546,False,netplay
2024-09-07 20:20:07+00:00,31,LY＃863,1,19,2,KEKW＃849,2,20,0,2,,True,False,10647,False,netplay
2024-09-07 20:23:15+00:00,28,LY＃863,1,19,0,KEKW＃849,2,20,1,2,,False,True,12231,False,netplay
2024-09-07 20:26:50+00:00,3,LY＃863,1,19,0,KEKW＃849,2,9,1,2,,False,True,13887,False,netplay
2024-09-07 20:30:51+00:00,32,LY＃863,1,19,3,KEKW＃849,2,9,0,2,,True,False,11144,False,netplay
2024-09-07 20:35:39+00:00,32,LY＃863,1,19,1,KEKW＃849,2,15,0,2,,True,False,14677,False,netplay
2024-09-07 20:41:07+00:00,2,LY＃863,1,19,2,KEKW＃849,2,6,0,2,,True,False,8852,False,netplay
2024-09-07 20:43:46+00:00,2,LY＃863,1,9,2,KEKW＃849,2,6,0,2,,True,False,11944,False,netplay
2024-09-07 20:47:56+00:00,3,LY＃863,1,9,1,KEKW＃849,2,16,0,2,,True,False,17616,False,netplay
2024-09-07 20:53:02+00:00,32,LY＃863,1,9,2,KEKW＃849,2,0,0,2,,True,False,12967,False,netplay
2024-09-07 20:56:48+00:00,28,LY＃863,1,9,0,KEKW＃849,2,9,1,2,,False,True,8918,False,netplay
2024-09-07 20:59:25+00:00,3,LY＃863,1,9,0,KEKW＃849,2,9,3,2,,False,True,7214,False,netplay
2024-09-07 21:01:38+00:00,2,LY＃863,1,9,0,KEKW＃849,2,9,1,2,,False,True,10243,False,netplay
2024-09-07 21:04:36+00:00,28,LY＃863,1,9,0,KEKW＃849,2,9,1,2,,False,True,14575,False,netplay
2024-09-07 21:08:47+00:00,31,LY＃863,1,9,0,KEKW＃849,2,9,3,2,,False,True,5129,False,netplay
2024-09-07 21:10:23+00:00,8,LY＃863,1,9,0,KEKW＃849,2,19,2,2,,False,True,9442,False,netplay
2024-09-07 21:13:09+00:00,8,LY＃863,1,9,0,KEKW＃849,2,15,2,2,,False,True,5030,False,netplay
2024-09-07 21:14:41+00:00,28,LY＃863,1,9,0,KEKW＃849,2,15,2,2,,False,True,6742,False,netplay
2024-09-07 21:16:42+00:00,31,LY＃863,1,9,0,KEKW＃849,2,15,1,2,,False,True,13221,False,netplay
2024-09-07 21:20:30+00:00,2,LY＃863,1,9,1,KEKW＃849,2,15,0,2,,True,False,9613,False,netplay
2024-09-07 21:23:21+00:00,31,LY＃863,1,20,0,KEKW＃849,2,15,3,2,,False,True,4200,False,netplay
2024-09-07 21:24:40+00:00,3,LY＃863,1,20,0,KEKW＃849,2,11,4,2,,False,True,5719,False,netplay
2024-09-07 21:26:24+00:00,32,LY＃863,1,20,1,KEKW＃849,2,11,1,7,0,True,False,13974,False,netplay
2024-09-18 18:20:46+00:00,8,LY＃863,1,3,3,KEKW＃849,2,22,0,2,,True,False,6478,False,netplay
2024-09-18 18:22:51+00:00,2,LY＃863,1,3,2,KEKW＃849,2,23,0,2,,True,False,7757,False,netplay
2024-09-18 18:25:12+00:00,3,LY＃863,1,0,1,KEKW＃849,2,9,0,2,,True,False,12546,False,netplay
2024-09-18 18:28:56+00:00,8,LY＃863,1,20,1,KEKW＃849,2,9,0,2,,True,False,12466,False,netplay
2024-09-18 18:32:33+00:00,31,LY＃863,1,2,2,KEKW＃849,2,9,0,2,,True,False,11433,False,netplay
2024-09-18 18:35:52+00:00,32,LY＃863,1,2,3,KEKW＃849,2,9,0,2,,True,False,8082,False,netplay
2024-09-18 18:38:16+00:00,28,LY＃863,1,2,0,KEKW＃849,2,9,2,2,,False,True,12710,False,netplay
2024-09-18 18:41:57+00:00,3,LY＃863,1,2,0,KEKW＃849,2,9,1,2,,False,True,12663,False,netplay
2024-09-18 18:45:36+00:00,28,LY＃863,1,2,0,KEKW＃849,2,9,2,2,,False,True,8395,False,netplay
2024-09-18 18:48:05+00:00,31,LY＃863,1,2,1,KEKW＃849,2,9,0,2,,True,False,11050,False,netplay
2024-09-18 18:51:17+00:00,2,LY＃863,1,2,2,KEKW＃849,2,9,0,2,,True,False,8359,False,netplay
2024-09-18 18:53:45+00:00,3,LY＃863,1,2,0,KEKW＃849,2,9,3,2,,False,True,6447,False,netplay
2024-09-18 18:56:11+00:00,2,LY＃863,1,2,2,KEKW＃849,2,9,0,2,,True,False,9703,False,netplay
2024-09-18 18:59:01+00:00,28,LY＃863,1,2,0,KEKW＃849,2,9,4,2,,False,True,5910,False,netplay
2024-09-18 19:00:47+00:00,8,LY＃863,1,2,0,KEKW＃849,2,9,2,2,,False,True,5710,False,netplay
2024-09-18 19:02:29+00:00,32,LY＃863,1,2,0,KEKW＃849,2,9,3,2,,False,True,5954,False,netplay
2024-09-18 19:04:16+00:00,32,LY＃863,1,2,0,KEKW＃849,2,9,2,2,,False,True,9999,False,netplay
2024-09-18 19:07:11+00:00,31,LY＃863,1,2,0,KEKW＃849,2,9,2,2,,False,True,10414,False,netplay
2024-09-18 19:10:13+00:00,3,LY＃863,1,2,0,KEKW＃849,2,9,3,2,,False,True,8987,False,netplay
2024-09-18 19:12:54+00:00,28,LY＃863,1,1,2,KEKW＃849,2,9,3,7,0,False,True,7646,False,netplay
2024-09-18 19:15:12+00:00,8,LY＃863,1,23,0,KEKW＃849,2,20,3,2,,False,True,8219,False,netplay
2024-09-18 19:17:39+00:00,2,LY＃863,1,2,0,KEKW＃849,2,20,1,2,,False,True,12145,False,netplay
2024-09-18 19:21:10+00:00,8,LY＃863,1,2,0,KEKW＃849,2,20,1,2,,False,True,12149,False,netplay
2024-09-18 19:24:42+00:00,28,LY＃863,1,2,0,KEKW＃849,2,20,3,2,,False,True,8264,False,netplay
2024-09-18 19:27:08+00:00,31,LY＃863,1,2,0,KEKW＃849,2,2,3,2,,False,True,7640,False,netplay
2024-09-18 19:29:23+00:00,2,LY＃863,1,2,0,KEKW＃849,2,2,3,2,,False,True,8749,False,netplay
2024-09-18 19:31:58+00:00,32,LY＃863,1,2,0,KEKW＃849,2,2,3,2,,False,True,6146,False,netplay
2024-09-18 19:33:51+00:00,3,LY＃863,1,2,0,KEKW＃849,2,0,3,2,,False,True,11193,False,netplay
2024-09-18 19:37:11+00:00,32,LY＃863,1,2,0,KEKW＃849,2,8,2,2,,False,True,13722,False,netplay
2024-09-18 19:41:08+00:00,31,LY＃863,1,2,0,KEKW＃849,2,8,1,2,,False,True,12768,False,netplay
2024-09-18 19:44:58+00:00,3,LY＃863,1,2,0,KEKW＃849,2,19,2,2,,False,True,10488,False,netplay
2024-09-18 19:48:03+00:00,8,LY＃863,1,2,0,KEKW＃849,2,15,4,2,,False,True,5288,False,netplay
2024-09-18 19:49:45+00:00,2,LY＃863,1,2,0,KEKW＃849,2,9,3,2,,False,True,8333,False,netplay
2024-09-18 19:52:13+00:00,28,LY＃863,1,2,0,KEKW＃849,2,9,2,2,,False,True,11049,False,netplay
2024-09-18 19:55:25+00:00,8,LY＃863,1,2,0,KEKW＃849,2,9,2,2,,False,True,12552,False,netplay
2024-09-18 19:59:03+00:00,2,LY＃863,1,2,0,KEKW＃849,2,9,2,2,,False,True,10537,False,netplay
2024-09-18 20:02:06+00:00,32,LY＃863,1,2,0,KEKW＃849,2,9,2,2,,False,True,9160,False,netplay
2024-09-18 20:04:50+00:00,31,LY＃863,1,2,0,KEKW＃849,2,9,3,2,,False,True,6728,False,netplay
2024-09-18 20:06:50+00:00,28,LY＃863,1,2,0,KEKW＃849,2,9,3,2,,False,True,8146,False,netplay
2024-09-18 20:09:15+00:00,3,LY＃863,1,2,1,KEKW＃849,2,9,0,2,,True,False,14399,False,netplay
2024-09-18 20:13:23+00:00,8,LY＃863,1,2,0,KEKW＃849,2,9,2,2,,False,True,11828,False,netplay
2024-09-18 20:20:14+00:00,32,LY＃863,1,2,0,KEKW＃849,2,2,1,2,,False,True,9935,False,netplay
2024-09-18 20:23:07+00:00,2,LY＃863,1,2,0,KEKW＃849,2,2,3,2,,False,True,8379,False,netplay
2024-09-18 20:25:35+00:00,3,LY＃863,1,2,0,KEKW＃849,2,2,2,2,,False,True,9181,False,netplay
2024-09-18 20:28:16+00:00,8,LY＃863,1,2,0,KEKW＃849,2,2,3,2,,False,True,7218,False,netplay
2024-09-18 20:30:25+00:00,31,LY＃863,1,2,0,KEKW＃849,2,2,2,2,,False,True,11443,False,netplay
2024-09-18 20:33:44+00:00,28,LY＃863,1,2,0,KEKW＃849,2,2,2,2,,False,True,12841,False,netplay
2024-09-18 20:37:27+00:00,3,LY＃863,1,2,0,KEKW＃849,2,2,2,2,,False,True,13009,False,netplay
2024-09-22 12:34:31+00:00,31,LY＃863,2,3,0,KEKW＃849,1,22,2,2,,False,True,8111,False,netplay
2024-09-22 12:36:58+00:00,3,LY＃863,2,22,0,KEKW＃849,1,22,3,2,,False,True,5074,False,netplay
2024-09-22 12:38:42+00:00,2,LY＃863,2,0,0,KEKW＃849,1,23,2,2,,False,True,12480,False,netplay
2024-09-22 12:42:23+00:00,28,LY＃863,2,20,0,KEKW＃849,1,0,1,2,,False,True,10701,False,netplay
2024-09-22 12:45:33+00:00,8,LY＃863,2,2,0,KEKW＃849,1,19,1,2,,False,True,16929,False,netplay
2024-09-22 12:50:34+00:00,31,LY＃863,2,2,0,KEKW＃849,1,9,2,2,,False,True,7751,False,netplay
2024-09-22 12:52:53+00:00,32,LY＃863,2,2,0,KEKW＃849,1,15,2,2,,False,True,11422,False,netplay
2024-09-22 12:56:14+00:00,3,LY＃863,2,2,0,KEKW＃849,1,20,3,2,,False,True,7076,False,netplay
2024-09-22 12:58:28+00:00,31,LY＃863,2,2,0,KEKW＃849,1,20,1,2,,False,True,11076,False,netplay
2024-09-22 13:01:41+00:00,28,LY＃863,2,2,0,KEKW＃849,1,20,1,2,,False,True,12692,False,netplay
2024-09-22 13:05:52+00:00,32,LY＃863,2,2,0,KEKW＃849,1,20,2,2,,False,True,8476,False,netplay
2024-09-22 13:08:21+00:00,2,LY＃863,2,2,0,KEKW＃849,1,20,3,2,,False,True,8169,False,netplay
2024-09-22 13:10:46+00:00,8,LY＃863,2,2,0,KEKW＃849,1,20,3,2,,False,True,9093,False,netplay
2024-09-22 13:13:25+00:00,8,LY＃863,2,2,1,KEKW＃849,1,20,0,2,,True,False,10788,False,netplay
2024-09-22 13:16:55+00:00,31,LY＃863,2,2,1,KEKW＃849,1,20,0,2,,True,False,9990,False,netplay
2024-09-22 13:19:51+00:00,32,LY＃863,2,2,0,KEKW＃849,1,20,3,2,,False,True,9510,False,netplay
2024-09-22 13:22:37+00:00,31,LY＃863,2,2,0,KEKW＃849,1,20,4,2,,False,True,5449,False,netplay
2024-09-22 13:24:16+00:00,2,LY＃863,2,2,0,KEKW＃849,1,20,3,2,,False,True,10016,False,netplay
2024-09-22 13:27:19+00:00,32,LY＃863,2,2,0,KEKW＃849,1,20,3,2,,False,True,8550,False,netplay
2024-09-22 13:29:51+00:00,28,LY＃863,2,2,0,KEKW＃849,1,20,2,2,,False,True,8973,False,netplay
2024-09-22 13:32:28+00:00,3,LY＃863,2,2,0,KEKW＃849,1,20,3,2,,False,True,10432,False,netplay
2024-09-22 13:35:35+00:00,31,LY＃863,2,2,0,KEKW＃849,1,12,4,2,,False,True,3294,False,netplay
2024-09-22 13:36:41+00:00,28,LY＃863,2,2,4,KEKW＃849,1,1,0,2,,True,False,1929,False,netplay
2024-09-22 13:37:27+00:00,3,LY＃863,2,2,0,KEKW＃849,1,0,2,2,,False,True,14007,False,netplay
2024-09-22 13:46:12+00:00,2,LY＃863,2,2,0,KEKW＃849,1,9,1,2,,False,True,9911,False,netplay
2024-09-22 13:49:06+00:00,32,LY＃863,2,2,0,KEKW＃849,1,9,1,2,,False,True,15985,False,netplay
2024-09-22 13:53:40+00:00,3,LY＃863,2,2,0,KEKW＃849,1,9,3,2,,False,True,5932,False,netplay
2024-09-22 13:55:27+00:00,8,LY＃863,2,2,0,KEKW＃849,1,9,1,2,,False,True,8757,False,netplay
2024-09-22 13:58:02+00:00,31,LY＃863,2,2,0,KEKW＃849,1,9,3,2,,False,True,6770,False,netplay
2024-09-22 14:00:09+00:00,3,LY＃863,2,2,0,KEKW＃849,1,19,3,2,,False,True,8769,False,netplay
2024-09-22 14:03:20+00:00,32,LY＃863,2,2,0,KEKW＃849,1,8,1,2,,False,True,12199,False,netplay
2024-09-22 14:06:59+00:00,2,LY＃863,2,2,2,KEKW＃849,1,25,0,2,,True,False,10648,False,netplay
2024-09-22 14:10:09+00:00,8,LY＃863,2,2,0,KEKW＃849,1,15,2,2,,False,True,4458,False,netplay
2024-09-22 14:11:51+00:00,28,LY＃863,2,2,0,KEKW＃849,1,12,3,2,,False,True,9311,False,netplay
2024-09-22 14:14:52+00:00,8,LY＃863,2,2,0,KEKW＃849,1,9,1,2,,False,True,13724,False,netplay
2024-09-22 14:18:50+00:00,28,LY＃863,2,2,0,KEKW＃849,1,9,1,2,,False,True,14528,False,netplay
2024-09-22 14:23:00+00:00,8,LY＃863,2,2,0,KEKW＃849,1,9,2,2,,False,True,6396,False,netplay
2024-09-22 14:24:55+00:00,32,LY＃863,2,2,1,KEKW＃849,1,9,0,2,,True,False,9561,False,netplay
2024-09-22 14:27:42+00:00,2,LY＃863,2,2,2,KEKW＃849,1,9,0,2,,True,False,8600,False,netplay
2024-09-22 14:30:13+00:00,28,LY＃863,2,2,0,KEKW＃849,1,9,2,2,,False,True,7456,False,netplay
2024-09-22 14:32:25+00:00,31,LY＃863,2,2,0,KEKW＃849,1,9,3,2,,False,True,9512,False,netplay
2024-09-22 14:35:13+00:00,3,LY＃863,2,2,0,KEKW＃849,1,9,2,2,,False,True,10678,False,netplay
2024-09-22 14:38:19+00:00,2,LY＃863,2,2,1,KEKW＃849,1,9,0,2,,True,False,9916,False,netplay
2024-09-22 14:41:12+00:00,2,LY＃863,2,2,1,KEKW＃849,1,9,0,2,,True,False,9432,False,netplay
2024-09-22 14:43:57+00:00,3,LY＃863,2,2,0,KEKW＃849,1,9,2,2,,False,True,9546,False,netplay
2024-09-22 14:46:44+00:00,3,LY＃863,2,2,0,KEKW＃849,1,9,2,2,,False,True,9266,False,netplay
2024-09-22 14:49:26+00:00,8,LY＃863,2,2,0,KEKW＃849,1,9,3,2,,False,True,8541,False,netplay
2024-09-22 14:51:58+00:00,2,LY＃863,2,2,0,KEKW＃849,1,9,2,2,,False,True,9677,False,netplay
2024-09-22 14:55:32+00:00,28,LY＃863,2,2,0,KEKW＃849,1,20,3,2,,False,True,6712,False,netplay
2024-09-22 14:57:32+00:00,32,LY＃863,2,2,0,KEKW＃849,1,20,3,2,,False,True,6639,False,netplay
2024-09-22 14:59:30+00:00,31,LY＃863,2,2,0,KEKW＃849,1,20,1,2,,False,True,10041,False,netplay
2024-09-22 15:02:25+00:00,32,LY＃863,2,2,0,KEKW＃849,1,20,3,2,,False,True,8120,False,netplay
2024-09-22 15:04:53+00:00,31,LY＃863,2,2,0,KEKW＃849,1,20,2,2,,False,True,8354,False,netplay
2024-09-22 15:07:22+00:00,3,LY＃863,2,19,1,KEKW＃849,1,20,0,2,,True,False,12721,False,netplay
2024-09-22 15:12:07+00:00,28,LY＃863,2,2,0,KEKW＃849,1,15,3,2,,False,True,8242,False,netplay
2024-09-22 15:15:10+00:00,2,LY＃863,2,2,0,KEKW＃849,1,14,1,2,,False,True,9129,False,netplay
2024-09-22 15:18:00+00:00,8,LY＃863,2,2,0,KEKW＃849,1,0,3,2,,False,True,5609,False,netplay
2024-09-22 15:19:53+00:00,28,LY＃863,2,2,1,KEKW＃849,1,6,0,2,,True,False,13525,False,netplay
2024-09-22 15:24:13+00:00,32,LY＃863,2,2,0,KEKW＃849,1,12,3,2,,False,True,9325,False,netplay
2024-09-22 15:28:13+00:00,2,LY＃863,2,2,0,KEKW＃849,1,13,2,2,,False,True,7880,False,netplay
2024-09-22 15:30:50+00:00,3,LY＃863,2,2,2,KEKW＃849,1,19,0,2,,True,False,9626,False,netplay
2024-09-22 15:33:39+00:00,8,LY＃863,2,2,0,KEKW＃849,1,19,2,2,,False,True,10952,False,netplay
2024-09-22 15:36:50+00:00,8,LY＃863,2,2,1,KEKW＃849,1,19,0,2,,True,False,10261,False,netplay
2024-09-22 15:39:49+00:00,31,LY＃863,2,2,0,KEKW＃849,1,19,1,2,,False,True,7514,False,netplay
2024-09-22 15:42:03+00:00,32,LY＃863,2,2,0,KEKW＃849,1,19,3,2,,False,True,9623,False,netplay
2024-09-22 15:45:18+00:00,31,LY＃863,2,2,0,KEKW＃849,1,15,2,2,,False,True,7723,False,netplay
2024-09-22 15:47:35+00:00,28,LY＃863,2,2,0,KEKW＃849,1,15,3,2,,False,True,8892,False,netplay
2024-09-22 15:50:12+00:00,3,LY＃863,2,2,0,KEKW＃849,1,15,3,2,,False,True,4086,False,netplay
2024-09-22 15:51:28+00:00,28,LY＃863,2,2,0,KEKW＃849,1,15,2,2,,False,True,7774,False,netplay
2024-09-22 15:57:17+00:00,8,LY＃863,2,2,0,KEKW＃849,1,15,3,2,,False,True,3634,False,netplay
2024-09-22 15:58:38+00:00,31,LY＃863,2,2,0,KEKW＃849,1,9,2,2,,False,True,9523,False,netplay
2024-09-22 16:01:48+00:00,2,LY＃863,2,2,0,KEKW＃849,1,15,3,2,,False,True,3851,False,netplay
2024-09-22 16:03:00+00:00,32,LY＃863,2,2,0,KEKW＃849,1,15,1,2,,False,True,15767,False,netplay
2024-09-22 16:23:30+00:00,32,LY＃863,2,2,0,KEKW＃849,1,12,1,2,,False,True,13543,False,netplay
2024-09-22 16:27:34+00:00,2,LY＃863,2,2,0,KEKW＃849,1,0,2,2,,False,True,8256,False,netplay
2024-09-22 16:30:01+00:00,28,LY＃863,2,2,0,KEKW＃849,1,0,3,2,,False,True,10723,False,netplay
2024-09-22 16:33:13+00:00,31,LY＃863,2,2,0,KEKW＃849,1,25,2,2,,False,True,10171,False,netplay
2024-09-22 16:36:11+00:00,8,LY＃863,2,2,0,KEKW＃849,1,25,3,2,,False,True,5664,False,netplay
2024-09-22 16:37:54+00:00,3,LY＃863,2,2,0,KEKW＃849,1,25,3,2,,False,True,4355,False,netplay
2024-09-22 16:39:15+00:00,28,LY＃863,2,2,0,KEKW＃849,1,25,1,2,,False,True,13875,False,netplay
2024-09-22 16:43:15+00:00,2,LY＃863,2,2,0,KEKW＃849,1,25,2,2,,False,True,7152,False,netplay
2024-09-22 16:45:22+00:00,31,LY＃863,2,2,0,KEKW＃849,1,25,2,2,,False,True,9632,False,netplay
2024-09-22 16:48:18+00:00,8,LY＃863,2,2,0,KEKW＃849,1,25,2,2,,False,True,9291,False,netplay
2024-09-22 16:51:02+00:00,32,LY＃863,2,2,2,KEKW＃849,1,25,0,2,,True,False,12448,False,netplay
2024-09-25 18:40:51+00:00,28,LY＃863,1,3,0,KEKW＃849,2,21,2,2,,False,True,14895,False,netplay
2024-09-25 18:45:15+00:00,28,LY＃863,1,13,0,KEKW＃849,2,23,3,2,,False,True,8433,False,netplay
2024-09-25 18:47:48+00:00,2,LY＃863,1,13,1,KEKW＃849,2,22,0,2,,True,False,9877,False,netplay
2024-09-25 18:50:43+00:00,8,LY＃863,1,20,0,KEKW＃849,2,20,3,2,,False,True,4227,False,netplay
2024-09-25 18:52:03+00:00,8,LY＃863,1,2,0,KEKW＃849,2,0,3,2,,False,True,9562,False,netplay
2024-09-25 18:54:53+00:00,32,LY＃863,1,2,0,KEKW＃849,2,19,2,2,,False,True,10237,False,netplay
2024-09-25 18:57:54+00:00,31,LY＃863,1,2,1,KEKW＃849,2,15,0,2,,True,False,8122,False,netplay
2024-09-25 19:00:17+00:00,2,LY＃863,1,2,0,KEKW＃849,2,15,1,2,,False,True,7255,False,netplay
2024-09-25 19:02:29+00:00,3,LY＃863,1,2,0,KEKW＃849,2,23,1,2,,False,True,13294,False,netplay
2024-09-25 19:06:24+00:00,8,LY＃863,1,2,0,KEKW＃849,2,9,1,2,,False,True,13587,False,netplay
2024-09-25 19:10:21+00:00,32,LY＃863,1,2,0,KEKW＃849,2,20,1,2,,False,True,12050,False,netplay
2024-09-25 19:14:00+00:00,28,LY＃863,1,2,0,KEKW＃849,2,2,3,2,,False,True,7490,False,netplay
2024-09-25 19:17:13+00:00,31,LY＃863,1,2,0,KEKW＃849,2,23,1,2,,False,True,10122,False,netplay
2024-09-25 19:20:10+00:00,2,LY＃863,1,2,0,KEKW＃849,2,23,2,2,,False,True,8975,False,netplay
2024-09-25 19:22:47+00:00,3,LY＃863,1,2,0,KEKW＃849,2,23,2,2,,False,True,11930,False,netplay
2024-09-25 19:26:15+00:00,28,LY＃863,1,2,2,KEKW＃849,2,23,0,2,,True,False,8246,False,netplay
2024-09-25 19:29:29+00:00,31,LY＃863,1,2,0,KEKW＃849,2,15,3,2,,False,True,4525,False,netplay
2024-09-25 19:30:53+00:00,32,LY＃863,1,2,1,KEKW＃849,2,23,0,2,,True,False,12883,False,netplay
2024-09-25 19:35:01+00:00,28,LY＃863,1,2,0,KEKW＃849,2,15,2,2,,False,True,4946,False,netplay
2024-09-25 19:36:32+00:00,31,LY＃863,1,2,0,KEKW＃849,2,23,2,2,,False,True,10696,False,netplay
2024-09-25 19:39:42+00:00,8,LY＃863,1,2,0,KEKW＃849,2,23,1,2,,False,True,13496,False,netplay
2024-09-25 19:43:35+00:00,2,LY＃863,1,2,0,KEKW＃849,2,23,2,2,,False,True,10318,False,netplay
2024-09-25 19:46:36+00:00,3,LY＃863,1,2,0,KEKW＃849,2,22,3,2,,False,True,11127,False,netplay
2024-09-25 19:49:50+00:00,28,LY＃863,1,2,0,KEKW＃849,2,23,1,2,,False,True,10881,False,netplay
2024-09-25 19:53:01+00:00,3,LY＃863,1,2,0,KEKW＃849,2,23,2,2,,False,True,8651,False,netplay
2024-09-25 19:55:36+00:00,32,LY＃863,1,2,0,KEKW＃849,2,25,2,2,,False,True,8094,False,netplay
2024-09-25 19:59:00+00:00,8,LY＃863,1,2,0,KEKW＃849,2,23,1,2,,False,True,12351,False,netplay
2024-09-25 20:02:35+00:00,2,LY＃863,1,2,0,KEKW＃849,2,23,2,2,,False,True,10928,False,netplay
2024-09-25 20:05:45+00:00,31,LY＃863,1,2,0,KEKW＃849,2,23,2,2,,False,True,8274,False,netplay
2024-09-25 20:08:10+00:00,3,LY＃863,1,2,0,KEKW＃849,2,23,3,2,,False,True,7671,False,netplay
2024-09-25 20:10:27+00:00,2,LY＃863,1,2,2,KEKW＃849,2,23,0,2,,True,False,9541,False,netplay
2024-09-25 20:13:20+00:00,3,LY＃863,1,2,1,KEKW＃849,2,15,0,2,,True,False,12392,False,netplay
2024-09-25 20:16:59+00:00,32,LY＃863,1,2,0,KEKW＃849,2,19,3,2,,False,True,8270,False,netplay
2024-09-25 20:19:26+00:00,8,LY＃863,1,2,0,KEKW＃849,2,15,2,2,,False,True,7182,False,netplay
2024-09-25 20:21:35+00:00,31,LY＃863,1,2,0,KEKW＃849,2,23,3,2,,False,True,5261,False,netplay
2024-09-25 20:23:11+00:00,32,LY＃863,1,2,2,KEKW＃849,2,23,0,2,,True,False,9129,False,netplay
2024-09-25 20:26:03+00:00,3,LY＃863,1,2,0,KEKW＃849,2,15,3,2,,False,True,3970,False,netplay
2024-09-25 20:27:19+00:00,28,LY＃863,1,2,0,KEKW＃849,2,23,2,2,,False,True,10451,False,netplay
2024-09-25 20:30:21+00:00,31,LY＃863,1,2,1,KEKW＃849,2,23,0,2,,True,False,9906,False,netplay
2024-09-25 20:33:17+00:00,32,LY＃863,1,2,0,KEKW＃849,2,15,4,2,,False,True,5501,False,netplay
2024-09-25 20:35:00+00:00,32,LY＃863,1,2,0,KEKW＃849,2,23,1,2,,False,True,14537,False,netplay
2024-09-25 20:39:10+00:00,28,LY＃863,1,2,0,KEKW＃849,2,23,3,2,,False,True,7306,False,netplay
2024-09-25 20:41:20+00:00,8,LY＃863,1,2,0,KEKW＃849,2,23,2,2,,False,True,9437,False,netplay
2024-09-25 20:44:05+00:00,2,LY＃863,1,2,0,KEKW＃849,2,23,1,2,,False,True,11586,False,netplay
2024-09-25 20:47:26+00:00,3,LY＃863,1,2,1,KEKW＃849,2,23,0,2,,True,False,16108,False,netplay
2024-09-25 20:52:07+00:00,31,LY＃863,1,2,0,KEKW＃849,2,15,2,2,,False,True,4452,False,netplay
2024-09-25 20:53:31+00:00,2,LY＃863,1,2,0,KEKW＃849,2,19,1,2,,False,True,12450,False,netplay
2024-09-25 20:57:08+00:00,3,LY＃863,1,2,0,KEKW＃849,2,23,2,2,,False,True,11575,False,netplay
2024-09-25 21:00:29+00:00,28,LY＃863,1,2,0,KEKW＃849,2,23,3,2,,False,True,7976,False,netplay
2024-09-25 21:02:52+00:00,31,LY＃863,1,19,0,KEKW＃849,2,23,3,2,,False,True,9387,False,netplay
2024-09-25 21:05:36+00:00,32,LY＃863,1,19,2,KEKW＃849,2,23,0,2,,True,False,9406,False,netplay
2024-09-25 21:08:23+00:00,28,LY＃863,1,19,1,KEKW＃849,2,19,3,7,0,False,True,7829,False,netplay
2024-09-25 21:10:43+00:00,8,LY＃863,1,2,0,KEKW＃849,2,23,3,2,,False,True,6869,False,netplay
2024-09-25 21:12:46+00:00,2,LY＃863,1,2,0,KEKW＃849,2,23,1,2,,False,True,6996,False,netplay
2024-09-25 21:14:50+00:00,31,LY＃863,1,2,1,KEKW＃849,2,23,0,2,,True,False,9964,False,netplay
2024-09-25 21:18:02+00:00,2,LY＃863,1,2,0,KEKW＃849,2,19,1,2,,False,True,13570,False,netplay
2024-09-25 21:21:57+00:00,28,LY＃863,1,2,1,KEKW＃849,2,23,0,2,,True,False,15721,False,netplay
2024-09-25 21:27:17+00:00,8,LY＃863,1,2,0,KEKW＃849,2,15,3,2,,False,True,2251,False,netplay
2024-09-25 21:28:04+00:00,3,LY＃863,1,2,0,KEKW＃849,2,23,1,2,,False,True,14446,False,netplay
2024-09-25 21:32:14+00:00,32,LY＃863,1,2,0,KEKW＃849,2,0,3,2,,False,True,8833,False,netplay
2024-09-25 21:34:49+00:00,8,LY＃863,1,2,0,KEKW＃849,2,0,2,2,,False,True,8024,False,netplay
2024-09-25 21:37:10+00:00,31,LY＃863,1,2,0,KEKW＃849,2,0,1,2,,False,True,12122,False,netplay
2024-09-25 21:40:40+00:00,32,LY＃863,1,2,3,KEKW＃849,2,0,0,2,,True,False,10700,False,netplay
2024-09-25 21:44:05+00:00,28,LY＃863,1,2,4,KEKW＃849,2,0,4,7,2,True,False,4,False,netplay
2024-09-25 21:44:14+00:00,3,LY＃863,1,2,4,KEKW＃849,2,23,4,7,2,True,False,62,False,netplay
2024-09-25 21:44:40+00:00,8,LY＃863,1,2,0,KEKW＃849,2,9,2,2,,False,True,6796,False,netplay
2024-09-25 21:46:42+00:00,28,LY＃863,1,2,1,KEKW＃849,2,0,0,2,,True,False,11587,False,netplay
2024-09-25 21:50:07+00:00,2,LY＃863,1,2,0,KEKW＃849,2,9,1,2,,False,True,10873,False,netplay
2024-09-25 21:53:19+00:00,8,LY＃863,1,2,1,KEKW＃849,2,0,0,2,,True,False,12384,False,netplay
2024-09-25 21:56:57+00:00,32,LY＃863,1,2,0,KEKW＃849,2,9,1,2,,False,True,16241,False,netplay
2024-09-25 22:01:40+00:00,2,LY＃863,1,2,3,KEKW＃849,2,0,0,2,,True,False,6347,False,netplay
2024-09-25 22:03:48+00:00,31,LY＃863,1,2,0,KEKW＃849,2,9,1,2,,False,True,16505,False,netplay
2024-09-25 22:08:40+00:00,3,LY＃863,1,2,0,KEKW＃849,2,0,2,2,,False,True,12389,False,netplay
2024-09-25 22:12:17+00:00,32,LY＃863,1,2,0,KEKW＃849,2,0,3,2,,False,True,8860,False,netplay
2024-09-25 22:14:53+00:00,8,LY＃863,1,2,1,KEKW＃849,2,0,0,2,,True,False,9730,False,netplay
2024-09-25 22:17:58+00:00,8,LY＃863,1,2,0,KEKW＃849,2,9,1,2,,False,True,17104,False,netplay
2024-09-25 22:23:01+00:00,28,LY＃863,1,2,0,KEKW＃849,2,0,2,2,,False,True,13155,False,netplay
2024-09-28 14:41:56+00:00,8,LY＃863,2,3,0,KEKW＃849,1,22,2,2,,False,True,12344,False,netplay
2024-09-28 14:45:35+00:00,28,LY＃863,2,13,0,KEKW＃849,1,23,2,2,,False,True,10158,False,netplay
2024-09-28 14:48:38+00:00,32,LY＃863,2,13,4,KEKW＃849,1,19,4,7,2,False,True,31,False,netplay
2024-09-28 14:48:49+00:00,8,LY＃863,2,20,0,KEKW＃849,1,13,1,2,,False,True,14528,False,netplay
2024-09-28 14:53:03+00:00,2,LY＃863,2,9,0,KEKW＃849,1,20,1,2,,False,True,12933,False,netplay
2024-09-28 14:56:50+00:00,3,LY＃863,2,2,0,KEKW＃849,1,9,2,2,,False,True,10259,False,netplay
2024-09-28 14:59:53+00:00,8,LY＃863,2,2,0,KEKW＃849,1,2,2,2,,False,True,12957,False,netplay
2024-09-28 15:05:09+00:00,31,LY＃863,2,2,0,KEKW＃849,1,19,2,2,,False,True,9958,False,netplay
2024-09-28 15:08:12+00:00,3,LY＃863,2,2,0,KEKW＃849,1,9,3,2,,False,True,10805,False,netplay
2024-09-28 15:11:22+00:00,32,LY＃863,2,2,0,KEKW＃849,1,15,4,2,,False,True,6589,False,netplay
2024-09-28 15:14:18+00:00,28,LY＃863,2,2,0,KEKW＃849,1,15,3,2,,False,True,8788,False,netplay
2024-09-28 15:16:52+00:00,2,LY＃863,2,2,0,KEKW＃849,1,15,1,2,,False,True,10598,False,netplay
2024-09-28 15:19:57+00:00,28,LY＃863,2,2,0,KEKW＃849,1,15,3,2,,False,True,6659,False,netplay
2024-09-28 15:21:55+00:00,8,LY＃863,2,2,0,KEKW＃849,1,15,2,2,,False,True,6701,False,netplay
2024-09-28 15:23:54+00:00,31,LY＃863,2,2,0,KEKW＃849,1,15,3,2,,False,True,9186,False,netplay
2024-09-28 15:26:35+00:00,32,LY＃863,2,2,0,KEKW＃849,1,15,3,2,,False,True,6611,False,netplay
2024-09-28 15:28:33+00:00,3,LY＃863,2,2,0,KEKW＃849,1,15,2,2,,False,True,7192,False,netplay
2024-09-28 15:30:41+00:00,2,LY＃863,2,2,0,KEKW＃849,1,15,2,2,,False,True,7773,False,netplay
2024-09-28 15:33:01+00:00,3,LY＃863,2,2,0,KEKW＃849,1,15,1,2,,False,True,11098,False,netplay
2024-09-28 15:36:14+00:00,31,LY＃863,2,2,0,KEKW＃849,1,15,2,2,,False,True,10646,False,netplay
2024-09-28 15:39:19+00:00,28,LY＃863,2,2,0,KEKW＃849,1,15,2,2,,False,True,13748,False,netplay
2024-09-28 15:43:16+00:00,8,LY＃863,2,2,0,KEKW＃849,1,15,4,2,,False,True,4674,False,netplay
2024-09-28 15:44:46+00:00,32,LY＃863,2,2,0,KEKW＃849,1,19,2,2,,False,True,7547,False,netplay
2024-09-28 15:46:59+00:00,2,LY＃863,2,2,0,KEKW＃849,1,19,3,2,,False,True,10180,False,netplay
2024-09-28 15:49:57+00:00,31,LY＃863,2,2,0,KEKW＃849,1,19,3,2,,False,True,6166,False,netplay
2024-09-28 15:51:47+00:00,8,LY＃863,2,2,0,KEKW＃849,1,19,4,2,,False,True,4881,False,netplay
2024-09-28 15:53:16+00:00,3,LY＃863,2,2,0,KEKW＃849,1,19,1,2,,False,True,13926,False,netplay
2024-09-28 15:57:16+00:00,2,LY＃863,2,2,2,KEKW＃849,1,19,0,2,,True,False,9273,False,netplay
2024-09-28 16:00:01+00:00,28,LY＃863,2,2,0,KEKW＃849,1,9,4,2,,False,True,8931,False,netplay
2024-09-28 16:02:45+00:00,32,LY＃863,2,2,0,KEKW＃849,1,9,3,2,,False,True,9469,False,netplay
2024-09-28 16:05:31+00:00,28,LY＃863,2,2,0,KEKW＃849,1,9,3,2,,False,True,10502,False,netplay
2024-09-28 16:08:33+00:00,8,LY＃863,2,2,0,KEKW＃849,1,9,3,2,,False,True,7872,False,netplay
2024-09-28 16:10:58+00:00,2,LY＃863,2,2,0,KEKW＃849,1,9,2,2,,False,True,10560,False,netplay
2024-09-28 16:14:02+00:00,3,LY＃863,2,2,0,KEKW＃849,1,9,3,2,,False,True,9056,False,netplay
2024-09-28 16:16:42+00:00,32,LY＃863,2,2,0,KEKW＃849,1,9,3,2,,False,True,7925,False,netplay
2024-09-28 16:19:02+00:00,28,LY＃863,2,2,0,KEKW＃849,1,9,3,2,,False,True,11419,False,netplay
2024-09-28 16:22:24+00:00,31,LY＃863,2,2,0,KEKW＃849,1,20,2,2,,False,True,10301,False,netplay
2024-09-28 16:25:24+00:00,31,LY＃863,2,2,0,KEKW＃849,1,20,2,2,,False,True,10253,False,netplay
2024-09-28 16:28:23+00:00,32,LY＃863,2,2,1,KEKW＃849,1,20,0,2,,True,False,12475,False,netplay
2024-09-28 16:31:58+00:00,8,LY＃863,2,2,0,KEKW＃849,1,20,3,2,,False,True,7427,False,netplay
2024-09-28 16:34:10+00:00,8,LY＃863,2,2,0,KEKW＃849,1,20,3,2,,False,True,9817,False,netplay
2024-09-28 16:37:02+00:00,3,LY＃863,2,2,0,KEKW＃849,1,20,1,2,,False,True,12579,False,netplay
2024-09-28 16:46:01+00:00,2,LY＃863,2,2,0,KEKW＃849,1,2,4,2,,False,True,6816,False,netplay
2024-09-28 16:48:03+00:00,28,LY＃863,2,2,0,KEKW＃849,1,2,3,2,,False,True,11532,False,netplay
2024-09-28 16:51:23+00:00,32,LY＃863,2,2,0,KEKW＃849,1,2,3,2,,False,True,7632,False,netplay
2024-09-28 16:53:38+00:00,2,LY＃863,2,2,0,KEKW＃849,1,2,3,2,,False,True,11060,False,netplay
2024-09-28 16:56:50+00:00,28,LY＃863,2,2,0,KEKW＃849,1,2,4,2,,False,True,4815,False,netplay
2024-09-28 16:58:17+00:00,31,LY＃863,2,2,0,KEKW＃849,1,2,2,2,,False,True,12233,False,netplay
2024-09-28 17:01:52+00:00,3,LY＃863,2,2,0,KEKW＃849,1,2,3,2,,False,True,9518,False,netplay
2024-09-28 17:04:39+00:00,8,LY＃863,2,2,0,KEKW＃849,1,2,3,2,,False,True,7144,False,netplay
2024-09-28 17:06:45+00:00,3,LY＃863,2,2,0,KEKW＃849,1,2,2,2,,False,True,9428,False,netplay
2024-09-28 17:09:33+00:00,28,LY＃863,2,2,0,KEKW＃849,1,2,4,2,,False,True,6371,False,netplay
2024-09-28 17:11:27+00:00,2,LY＃863,2,2,0,KEKW＃849,1,2,3,2,,False,True,7497,False,netplay
2024-09-28 17:13:43+00:00,32,LY＃863,2,2,4,KEKW＃849,1,2,4,7,2,False,True,292,False,netplay
2024-09-28 17:13:57+00:00,32,LY＃863,2,2,0,KEKW＃849,1,9,1,2,,False,True,14214,False,netplay
2024-09-28 17:18:02+00:00,31,LY＃863,2,2,0,KEKW＃849,1,9,2,2,,False,True,9125,False,netplay
2024-09-28 17:20:42+00:00,8,LY＃863,2,2,0,KEKW＃849,1,9,3,2,,False,True,4247,False,netplay
2024-09-28 17:22:09+00:00,3,LY＃863,2,2,0,KEKW＃849,1,9,2,2,,False,True,6356,False,netplay
2024-09-28 17:24:05+00:00,32,LY＃863,2,2,0,KEKW＃849,1,9,2,2,,False,True,9090,False,netplay
2024-10-09 19:24:10+00:00,28,LY＃863,2,3,0,KEKW＃849,1,22,1,2,,False,True,16533,False,netplay
2024-10-09 19:28:59+00:00,3,LY＃863,2,2,0,KEKW＃849,1,23,2,2,,False,True,8039,False,netplay
2024-10-09 19:31:28+00:00,31,LY＃863,2,2,1,KEKW＃849,1,16,3,7,2,False,True,8469,False,netplay
2024-10-09 19:34:03+00:00,8,LY＃863,2,2,0,KEKW＃849,1,0,3,2,,False,True,8504,False,netplay
2024-10-09 19:36:38+00:00,28,LY＃863,2,2,0,KEKW＃849,1,19,2,2,,False,True,11398,False,netplay
2024-10-09 19:40:01+00:00,2,LY＃863,2,2,0,KEKW＃849,1,9,3,2,,False,True,7906,False,netplay
2024-10-09 19:42:22+00:00,32,LY＃863,2,2,0,KEKW＃849,1,20,1,2,,False,True,12809,False,netplay
2024-10-09 19:46:14+00:00,31,LY＃863,2,2,0,KEKW＃849,1,15,3,2,,False,True,6942,False,netplay
2024-10-09 19:48:23+00:00,3,LY＃863,2,2,0,KEKW＃849,1,12,3,2,,False,True,9266,False,netplay
2024-10-09 19:51:16+00:00,32,LY＃863,2,2,0,KEKW＃849,1,22,2,2,,False,True,10404,False,netplay
2024-10-09 19:55:27+00:00,28,LY＃863,2,2,0,KEKW＃849,1,19,2,2,,False,True,9487,False,netplay
2024-10-09 19:58:27+00:00,8,LY＃863,2,2,0,KEKW＃849,1,17,2,2,,False,True,9037,False,netplay
2024-10-09 20:01:11+00:00,2,LY＃863,2,2,1,KEKW＃849,1,4,0,2,,True,False,12542,False,netplay
2024-10-09 20:05:09+00:00,28,LY＃863,2,2,0,KEKW＃849,1,9,3,2,,False,True,8445,False,netplay
2024-10-09 20:08:04+00:00,3,LY＃863,2,2,0,KEKW＃849,1,20,2,2,,False,True,9734,False,netplay
2024-10-09 20:15:41+00:00,8,LY＃863,2,2,0,KEKW＃849,1,0,2,2,,False,True,7385,False,netplay
2024-10-09 20:17:58+00:00,31,LY＃863,2,2,0,KEKW＃849,1,12,2,2,,False,True,9584,False,netplay
2024-10-09 20:20:56+00:00,32,LY＃863,2,2,0,KEKW＃849,1,15,2,2,,False,True,8588,False,netplay
2024-10-09 20:23:39+00:00,28,LY＃863,2,2,1,KEKW＃849,1,2,0,2,,True,False,17633,False,netplay
2024-10-09 20:28:42+00:00,31,LY＃863,2,2,0,KEKW＃849,1,2,1,2,,False,True,12499,False,netplay
2024-10-09 20:32:20+00:00,2,LY＃863,2,2,1,KEKW＃849,1,20,0,2,,True,False,6767,False,netplay
2024-10-09 20:34:20+00:00,8,LY＃863,2,2,0,KEKW＃849,1,20,2,2,,False,True,6622,False,netplay
2024-10-09 20:36:21+00:00,32,LY＃863,2,2,0,KEKW＃849,1,9,1,2,,False,True,15268,False,netplay
2024-10-09 20:40:45+00:00,8,LY＃863,2,2,0,KEKW＃849,1,9,3,2,,False,True,4623,False,netplay
2024-10-09 20:42:12+00:00,28,LY＃863,2,2,0,KEKW＃849,1,19,4,2,,False,True,5573,False,netplay
2024-10-09 20:43:55+00:00,31,LY＃863,2,2,0,KEKW＃849,1,15,2,2,,False,True,6949,False,netplay
2024-10-09 20:46:31+00:00,3,LY＃863,2,2,0,KEKW＃849,1,12,3,2,,False,True,5429,False,netplay
2024-10-09 20:49:36+00:00,2,LY＃863,2,2,0,KEKW＃849,1,22,2,2,,False,True,9617,False,netplay
2024-10-09 20:53:15+00:00,32,LY＃863,2,2,0,KEKW＃849,1,2,1,2,,False,True,12628,False,netplay
2024-10-09 20:56:55+00:00,28,LY＃863,2,2,4,KEKW＃849,1,20,4,7,2,False,True,256,False,netplay
2024-10-09 20:57:05+00:00,28,LY＃863,2,2,0,KEKW＃849,1,20,1,2,,False,True,10921,False,netplay
2024-10-11 17:17:35+00:00,8,LY＃863,2,3,0,KEKW＃849,1,22,2,2,,False,True,11437,False,netplay
2024-10-11 17:21:04+00:00,28,LY＃863,2,0,0,KEKW＃849,1,23,2,2,,False,True,7838,False,netplay
2024-10-11 17:23:48+00:00,31,LY＃863,2,13,4,KEKW＃849,1,19,4,7,2,False,True,20,False,netplay
2024-10-11 17:23:57+00:00,3,LY＃863,2,2,2,KEKW＃849,1,0,0,2,,True,False,10245,False,netplay
2024-10-11 17:27:01+00:00,31,LY＃863,2,2,0,KEKW＃849,1,19,2,2,,False,True,9133,False,netplay
2024-10-11 17:30:05+00:00,32,LY＃863,2,2,0,KEKW＃849,1,20,1,2,,False,True,11713,False,netplay
2024-10-11 17:33:30+00:00,2,LY＃863,2,2,0,KEKW＃849,1,9,2,2,,False,True,10122,False,netplay
2024-10-11 17:36:47+00:00,32,LY＃863,2,2,0,KEKW＃849,1,15,4,2,,False,True,4884,False,netplay
2024-10-11 17:38:28+00:00,3,LY＃863,2,2,0,KEKW＃849,1,2,3,2,,False,True,7857,False,netplay
2024-10-11 17:40:49+00:00,28,LY＃863,2,2,0,KEKW＃849,1,19,3,2,,False,True,8993,False,netplay
2024-10-11 17:43:30+00:00,31,LY＃863,2,2,0,KEKW＃849,1,20,3,2,,False,True,8104,False,netplay
2024-10-11 17:45:58+00:00,2,LY＃863,2,2,0,KEKW＃849,1,9,2,2,,False,True,11326,False,netplay
2024-10-11 17:49:18+00:00,8,LY＃863,2,2,0,KEKW＃849,1,9,2,2,,False,True,8025,False,netplay
2024-10-11 17:51:43+00:00,8,LY＃863,2,2,3,KEKW＃849,1,2,4,7,2,False,True,178,False,netplay
2024-10-11 17:51:53+00:00,8,LY＃863,2,2,2,KEKW＃849,1,2,0,2,,True,False,11269,False,netplay
2024-10-11 17:55:08+00:00,8,LY＃863,2,2,0,KEKW＃849,1,2,3,2,,False,True,6242,False,netplay
2024-10-11 17:57:00+00:00,3,LY＃863,2,2,0,KEKW＃849,1,2,3,2,,False,True,10887,False,netplay
2024-10-11 18:00:12+00:00,31,LY＃863,2,2,0,KEKW＃849,1,2,3,2,,False,True,12211,False,netplay
2024-10-11 18:03:49+00:00,32,LY＃863,2,2,3,KEKW＃849,1,2,4,7,2,False,True,1018,False,netplay
2024-10-11 18:04:13+00:00,32,LY＃863,2,2,0,KEKW＃849,1,2,2,2,,False,True,9944,False,netplay
2024-10-11 18:07:08+00:00,2,LY＃863,2,2,1,KEKW＃849,1,15,0,2,,True,False,10944,False,netplay
2024-10-11 18:10:21+00:00,2,LY＃863,2,2,1,KEKW＃849,1,9,0,2,,True,False,10700,False,netplay
2024-10-11 18:13:28+00:00,3,LY＃863,2,2,0,KEKW＃849,1,9,4,2,,False,True,4413,False,netplay
2024-10-11 18:14:52+00:00,28,LY＃863,2,20,0,KEKW＃849,1,19,2,2,,False,True,12911,False,netplay
2024-10-11 18:18:38+00:00,32,LY＃863,2,2,0,KEKW＃849,1,0,3,2,,False,True,7902,False,netplay
2024-10-11 18:21:03+00:00,3,LY＃863,2,2,0,KEKW＃849,1,12,3,2,,False,True,10229,False,netplay
2024-10-11 18:24:06+00:00,8,LY＃863,2,2,0,KEKW＃849,1,22,3,2,,False,True,9316,False,netplay
2024-10-11 18:26:52+00:00,2,LY＃863,2,2,0,KEKW＃849,1,20,2,2,,False,True,8868,False,netplay
2024-10-11 18:29:27+00:00,31,LY＃863,2,2,0,KEKW＃849,1,20,3,2,,False,True,4841,False,netplay
2024-10-11 18:31:07+00:00,28,LY＃863,2,25,0,KEKW＃849,1,20,3,2,,False,True,10747,False,netplay
2024-10-11 18:34:22+00:00,8,LY＃863,2,25,0,KEKW＃849,1,3,2,2,,False,True,8365,False,netplay
2024-10-11 18:36:52+00:00,3,LY＃863,2,25,1,KEKW＃849,1,4,0,2,,True,False,13003,False,netplay
2024-10-11 18:40:48+00:00,28,LY＃863,2,25,0,KEKW＃849,1,25,1,2,,False,True,14809,False,netplay
2024-10-11 18:45:08+00:00,28,LY＃863,2,25,0,KEKW＃849,1,17,1,2,,False,True,11924,False,netplay
2024-10-11 18:48:46+00:00,2,LY＃863,2,25,1,KEKW＃849,1,6,0,2,,True,False,12083,False,netplay
2024-10-11 18:52:44+00:00,32,LY＃863,2,11,4,KEKW＃849,1,19,4,7,2,False,True,39,False,netplay
2024-10-11 18:52:56+00:00,32,LY＃863,2,25,1,KEKW＃849,1,10,0,2,,True,False,11950,False,netplay
2024-10-11 18:56:33+00:00,31,LY＃863,2,25,0,KEKW＃849,1,7,1,2,,False,True,12145,False,netplay
2024-10-11 19:00:14+00:00,31,LY＃863,2,25,0,KEKW＃849,1,23,1,2,,False,True,12756,False,netplay
2024-10-11 19:03:59+00:00,31,LY＃863,2,9,0,KEKW＃849,1,24,2,2,,False,True,8622,False,netplay
2024-10-13 13:59:57+00:00,8,LY＃863,1,3,0,KEKW＃849,2,22,2,2,,False,True,10222,False,netplay
2024-10-13 14:03:07+00:00,28,LY＃863,1,0,0,KEKW＃849,2,23,1,2,,False,True,9038,False,netplay
2024-10-13 14:06:14+00:00,31,LY＃863,1,2,1,KEKW＃849,2,19,0,2,,True,False,15117,False,netplay
2024-10-13 14:10:51+00:00,2,LY＃863,1,2,0,KEKW＃849,2,20,3,2,,False,True,7069,False,netplay
2024-10-13 14:12:59+00:00,32,LY＃863,1,2,0,KEKW＃849,2,9,1,2,,False,True,13195,False,netplay
2024-10-13 14:16:59+00:00,2,LY＃863,1,2,0,KEKW＃849,2,15,2,2,,False,True,9217,False,netplay
2024-10-13 14:20:36+00:00,8,LY＃863,1,2,0,KEKW＃849,2,19,1,2,,False,True,7569,False,netplay
2024-10-13 14:22:54+00:00,3,LY＃863,1,2,1,KEKW＃849,2,9,4,7,0,False,True,6906,False,netplay
2024-10-13 14:24:59+00:00,31,LY＃863,1,2,0,KEKW＃849,2,20,1,2,,False,True,7627,False,netplay
2024-10-13 14:27:14+00:00,32,LY＃863,1,2,0,KEKW＃849,2,2,3,2,,False,True,9421,False,netplay
2024-10-13 14:30:01+00:00,8,LY＃863,1,2,0,KEKW＃849,2,19,3,2,,False,True,9422,False,netplay
2024-10-13 14:32:48+00:00,3,LY＃863,1,2,0,KEKW＃849,2,9,3,2,,False,True,10845,False,netplay
2024-10-13 14:36:02+00:00,28,LY＃863,1,7,0,KEKW＃849,2,9,3,2,,False,True,9008,False,netplay
2024-10-13 14:38:48+00:00,2,LY＃863,1,11,0,KEKW＃849,2,22,4,2,,False,True,6993,False,netplay
2024-10-13 14:40:55+00:00,28,LY＃863,1,19,1,KEKW＃849,2,17,4,7,0,False,True,6442,False,netplay
2024-10-13 14:42:53+00:00,8,LY＃863,1,2,0,KEKW＃849,2,12,3,2,,False,True,7272,False,netplay
2024-10-13 14:45:07+00:00,31,LY＃863,1,2,0,KEKW＃849,2,20,2,2,,False,True,4974,False,netplay
2024-10-13 14:46:38+00:00,3,LY＃863,1,2,0,KEKW＃849,2,20,3,2,,False,True,8733,False,netplay
2024-10-13 14:49:11+00:00,2,LY＃863,1,2,0,KEKW＃849,2,20,2,2,,False,True,7369,False,netplay
2024-10-13 14:51:22+00:00,32,LY＃863,1,2,0,KEKW＃849,2,20,2,2,,False,True,8600,False,netplay
2024-10-13 14:53:54+00:00,8,LY＃863,1,2,0,KEKW＃849,2,20,4,2,,False,True,4335,False,netplay
2024-10-13 14:55:14+00:00,32,LY＃863,1,2,2,KEKW＃849,2,20,0,2,,True,False,11436,False,netplay
2024-10-13 14:58:34+00:00,8,LY＃863,1,2,0,KEKW＃849,2,20,3,2,,False,True,5772,False,netplay
2024-10-13 15:00:22+00:00,28,LY＃863,1,2,0,KEKW＃849,2,15,4,2,,False,True,2755,False,netplay
2024-10-13 15:01:20+00:00,2,LY＃863,1,2,0,KEKW＃849,2,19,2,2,,False,True,11531,False,netplay
2024-10-13 15:04:41+00:00,3,LY＃863,1,2,0,KEKW＃849,2,15,2,2,,False,True,12402,False,netplay
2024-10-13 15:08:16+00:00,31,LY＃863,1,2,0,KEKW＃849,2,15,4,2,,False,True,4914,False,netplay
2024-10-13 15:10:03+00:00,31,LY＃863,1,2,0,KEKW＃849,2,22,3,2,,False,True,8849,False,netplay
2024-10-13 15:12:44+00:00,8,LY＃863,1,2,0,KEKW＃849,2,0,2,2,,False,True,8416,False,netplay
2024-10-13 15:20:50+00:00,2,LY＃863,1,2,0,KEKW＃849,2,9,3,2,,False,True,10365,False,netplay
2024-10-13 15:23:51+00:00,28,LY＃863,1,2,0,KEKW＃849,2,9,3,2,,False,True,8006,False,netplay
2024-10-13 15:26:12+00:00,32,LY＃863,1,2,0,KEKW＃849,2,9,3,2,,False,True,8179,False,netplay
2024-10-13 15:28:43+00:00,3,LY＃863,1,2,0,KEKW＃849,2,20,3,2,,False,True,8446,False,netplay
2024-10-13 15:31:16+00:00,28,LY＃863,1,2,0,KEKW＃849,2,2,3,2,,False,True,8489,False,netplay
2024-10-13 15:33:47+00:00,2,LY＃863,1,2,4,KEKW＃849,2,9,4,7,0,True,False,41,False,netplay
2024-10-13 15:33:54+00:00,31,LY＃863,1,2,0,KEKW＃849,2,9,4,2,,False,True,5742,False,netplay
2024-10-13 15:35:40+00:00,3,LY＃863,1,2,0,KEKW＃849,2,20,3,2,,False,True,7409,False,netplay
2024-10-13 15:37:52+00:00,32,LY＃863,1,2,1,KEKW＃849,2,20,0,2,,True,False,13451,False,netplay
2024-10-13 15:41:56+00:00,32,LY＃863,1,2,0,KEKW＃849,2,20,3,2,,False,True,6858,False,netplay
2024-10-13 15:43:58+00:00,8,LY＃863,1,2,0,KEKW＃849,2,20,3,2,,False,True,9286,False,netplay
2024-10-13 15:46:41+00:00,28,LY＃863,1,2,1,KEKW＃849,2,20,0,2,,True,False,10222,False,netplay
2024-10-13 15:49:39+00:00,3,LY＃863,1,2,0,KEKW＃849,2,20,2,2,,False,True,9742,False,netplay
2024-10-13 15:52:34+00:00,2,LY＃863,1,2,0,KEKW＃849,2,9,2,2,,False,True,13006,False,netplay
2024-10-13 15:56:28+00:00,3,LY＃863,1,2,0,KEKW＃849,2,9,3,2,,False,True,8709,False,netplay
2024-10-13 15:59:01+00:00,31,LY＃863,1,2,0,KEKW＃849,2,9,2,2,,False,True,9605,False,netplay
2024-10-13 16:02:25+00:00,8,LY＃863,1,2,0,KEKW＃849,2,2,3,2,,False,True,9062,False,netplay
2024-10-13 16:05:04+00:00,32,LY＃863,1,2,0,KEKW＃849,2,2,3,2,,False,True,9368,False,netplay
2024-10-13 16:07:49+00:00,28,LY＃863,1,2,0,KEKW＃849,2,2,3,2,,False,True,12553,False,netplay
2024-10-13 16:11:26+00:00,8,LY＃863,1,2,0,KEKW＃849,2,2,3,2,,False,True,6647,False,netplay
2024-10-13 16:13:24+00:00,32,LY＃863,1,2,0,KEKW＃849,2,2,3,2,,False,True,6820,False,netplay
2024-10-13 16:15:32+00:00,31,LY＃863,1,2,4,KEKW＃849,2,1,0,2,,True,False,5334,False,netplay
2024-10-13 16:17:29+00:00,31,LY＃863,1,2,0,KEKW＃849,2,15,3,2,,False,True,5209,False,netplay
2024-10-13 16:19:04+00:00,2,LY＃863,1,2,0,KEKW＃849,2,15,1,2,,False,True,11734,False,netplay
2024-10-13 16:22:27+00:00,3,LY＃863,1,2,0,KEKW＃849,2,15,3,2,,False,True,7142,False,netplay
2024-10-13 16:24:35+00:00,3,LY＃863,1,2,0,KEKW＃849,2,15,2,2,,False,True,8497,False,netplay
2024-10-13 16:29:11+00:00,32,LY＃863,1,2,0,KEKW＃849,2,15,2,2,,False,True,6790,False,netplay
2024-10-13 16:31:13+00:00,8,LY＃863,1,2,0,KEKW＃849,2,15,1,2,,False,True,16584,False,netplay
2024-10-13 16:36:07+00:00,31,LY＃863,1,2,0,KEKW＃849,2,15,3,2,,False,True,8221,False,netplay
2024-10-13 16:38:32+00:00,2,LY＃863,1,2,1,KEKW＃849,2,15,0,2,,True,False,12894,False,netplay
2024-10-13 16:42:55+00:00,19,LY＃863,1,2,0,KEKW＃849,2,25,2,2,,False,True,8755,False,netplay
2024-10-13 16:45:29+00:00,28,LY＃863,1,2,3,KEKW＃849,2,25,0,2,,True,False,7703,False,netplay
2024-10-13 16:48:16+00:00,28,LY＃863,1,2,0,KEKW＃849,2,14,3,2,,False,True,8934,False,netplay
2024-10-18 19:27:12+00:00,8,LY＃863,2,22,0,KEKW＃849,1,22,2,2,,False,True,12800,False,netplay
2024-10-18 19:31:29+00:00,28,LY＃863,2,3,2,KEKW＃849,1,23,0,2,,True,False,11221,False,netplay
2024-10-18 19:36:08+00:00,32,LY＃863,2,20,0,KEKW＃849,1,0,1,2,,False,True,10634,False,netplay
2024-10-18 19:39:16+00:00,8,LY＃863,2,20,0,KEKW＃849,1,19,1,2,,False,True,11400,False,netplay
2024-10-18 19:42:37+00:00,2,LY＃863,2,2,0,KEKW＃849,1,9,3,2,,False,True,5694,False,netplay
2024-10-18 19:44:21+00:00,3,LY＃863,2,2,0,KEKW＃849,1,20,2,2,,False,True,9326,False,netplay
2024-10-18 19:47:08+00:00,31,LY＃863,2,19,0,KEKW＃849,1,20,1,2,,False,True,13043,False,netplay
2024-10-18 19:51:32+00:00,3,LY＃863,2,19,0,KEKW＃849,1,9,1,2,,False,True,12006,False,netplay
2024-10-18 19:55:04+00:00,28,LY＃863,2,20,0,KEKW＃849,1,9,2,2,,False,True,10033,False,netplay
2024-10-18 19:58:00+00:00,32,LY＃863,2,20,0,KEKW＃849,1,20,2,2,,False,True,10382,False,netplay
2024-10-18 20:01:04+00:00,8,LY＃863,2,2,0,KEKW＃849,1,23,3,2,,False,True,5923,False,netplay
2024-10-18 20:02:52+00:00,2,LY＃863,2,2,0,KEKW＃849,1,19,2,2,,False,True,7902,False,netplay
2024-10-18 20:05:15+00:00,3,LY＃863,2,2,0,KEKW＃849,1,15,2,2,,False,True,12204,False,netplay
2024-10-18 20:08:49+00:00,2,LY＃863,2,2,0,KEKW＃849,1,20,2,2,,False,True,8777,False,netplay
2024-10-18 20:11:29+00:00,32,LY＃863,2,2,4,KEKW＃849,1,12,4,7,2,False,True,87,False,netplay
2024-10-18 20:11:50+00:00,31,LY＃863,2,2,3,KEKW＃849,1,2,3,7,0,False,True,455,False,netplay
2024-10-18 20:12:33+00:00,2,LY＃863,2,2,0,KEKW＃849,1,2,3,2,,False,True,9732,False,netplay
2024-10-18 20:15:23+00:00,8,LY＃863,2,2,0,KEKW＃849,1,2,3,2,,False,True,7069,False,netplay
2024-10-18 20:17:28+00:00,28,LY＃863,2,2,0,KEKW＃849,1,2,3,2,,False,True,9143,False,netplay
2024-10-18 20:20:12+00:00,2,LY＃863,2,2,0,KEKW＃849,1,0,1,2,,False,True,9395,False,netplay
2024-10-18 20:23:04+00:00,8,LY＃863,2,2,0,KEKW＃849,1,20,2,2,,False,True,8994,False,netplay
2024-10-18 20:25:42+00:00,31,LY＃863,2,2,0,KEKW＃849,1,20,2,2,,False,True,11150,False,netplay
2024-10-18 20:29:05+00:00,32,LY＃863,2,2,3,KEKW＃849,1,10,0,2,,True,False,8745,False,netplay
2024-10-18 20:31:52+00:00,28,LY＃863,2,2,1,KEKW＃849,1,9,0,2,,True,False,12706,False,netplay
2024-10-18 20:35:33+00:00,8,LY＃863,2,2,0,KEKW＃849,1,9,2,2,,False,True,5953,False,netplay
2024-10-18 20:37:23+00:00,28,LY＃863,2,2,0,KEKW＃849,1,19,1,2,,False,True,11612,False,netplay
2024-10-18 20:41:01+00:00,3,LY＃863,2,2,2,KEKW＃849,1,25,0,2,,True,False,11354,False,netplay
2024-10-18 20:44:37+00:00,31,LY＃863,2,2,0,KEKW＃849,1,20,3,2,,False,True,6250,False,netplay
2024-10-18 20:46:29+00:00,28,LY＃863,2,2,0,KEKW＃849,1,20,2,2,,False,True,10341,False,netplay
2024-10-18 20:49:29+00:00,2,LY＃863,2,2,0,KEKW＃849,1,20,2,2,,False,True,8705,False,netplay
2024-10-18 20:52:19+00:00,31,LY＃863,2,2,0,KEKW＃849,1,19,1,2,,False,True,8655,False,netplay
2024-10-18 20:54:52+00:00,3,LY＃863,2,2,0,KEKW＃849,1,19,4,2,,False,True,7904,False,netplay
2024-10-18 20:57:11+00:00,8,LY＃863,2,2,0,KEKW＃849,1,19,3,2,,False,True,7814,False,netplay
2024-10-18 20:59:32+00:00,32,LY＃863,2,2,0,KEKW＃849,1,9,1,2,,False,True,12440,False,netplay
2024-10-18 21:03:11+00:00,3,LY＃863,2,2,0,KEKW＃849,1,20,3,2,,False,True,10694,False,netplay
2024-10-18 21:06:17+00:00,32,LY＃863,2,2,0,KEKW＃849,1,20,2,2,,False,True,11812,False,netplay
2024-10-18 21:09:44+00:00,31,LY＃863,2,2,0,KEKW＃849,1,20,3,2,,False,True,9660,False,netplay
2024-10-18 21:12:37+00:00,8,LY＃863,2,2,1,KEKW＃849,1,23,0,2,,True,False,11179,False,netplay
2024-10-18 21:15:51+00:00,3,LY＃863,2,2,0,KEKW＃849,1,23,2,2,,False,True,8537,False,netplay
2024-10-18 21:18:23+00:00,28,LY＃863,2,2,0,KEKW＃849,1,23,2,2,,False,True,8786,False,netplay
2024-10-18 21:20:58+00:00,2,LY＃863,2,2,0,KEKW＃849,1,23,1,2,,False,True,10625,False,netplay
2024-10-18 21:24:17+00:00,2,LY＃863,2,2,0,KEKW＃849,1,0,3,2,,False,True,9936,False,netplay
2024-10-18 21:27:16+00:00,32,LY＃863,2,2,0,KEKW＃849,1,22,3,2,,False,True,8157,False,netplay
2024-10-18 21:29:40+00:00,31,LY＃863,2,2,0,KEKW＃849,1,22,2,2,,False,True,11756,False,netplay
2024-10-18 21:33:12+00:00,3,LY＃863,2,2,2,KEKW＃849,1,15,0,2,,True,False,9750,False,netplay
2024-10-18 21:36:03+00:00,2,LY＃863,2,2,0,KEKW＃849,1,15,2,2,,False,True,11863,False,netplay
2024-10-18 21:39:42+00:00,8,LY＃863,2,2,0,KEKW＃849,1,20,3,2,,False,True,7822,False,netplay
2024-10-18 21:46:47+00:00,28,LY＃863,2,2,0,KEKW＃849,1,2,3,2,,False,True,10483,False,netplay
2024-10-18 21:49:50+00:00,32,LY＃863,2,2,0,KEKW＃849,1,2,3,2,,False,True,7927,False,netplay
2024-10-18 21:52:15+00:00,28,LY＃863,2,2,0,KEKW＃849,1,19,3,2,,False,True,7487,False,netplay
2024-10-18 21:54:27+00:00,31,LY＃863,2,2,0,KEKW＃849,1,19,2,2,,False,True,13179,False,netplay
2024-10-18 21:58:16+00:00,3,LY＃863,2,2,0,KEKW＃849,1,19,2,2,,False,True,12496,False,netplay
2024-10-18 22:01:53+00:00,8,LY＃863,2,2,0,KEKW＃849,1,9,1,2,,False,True,13271,False,netplay
2024-10-18 22:05:45+00:00,2,LY＃863,2,2,0,KEKW＃849,1,20,3,2,,False,True,7664,False,netplay
2024-10-18 22:08:02+00:00,3,LY＃863,2,2,0,KEKW＃849,1,20,3,2,,False,True,8123,False,netplay
2024-10-18 22:10:26+00:00,31,LY＃863,2,2,0,KEKW＃849,1,20,1,2,,False,True,11071,False,netplay
2024-10-18 22:13:44+00:00,28,LY＃863,2,2,1,KEKW＃849,1,20,0,2,,True,False,12043,False,netplay
2024-10-18 22:17:13+00:00,3,LY＃863,2,2,0,KEKW＃849,1,20,2,2,,False,True,9898,False,netplay
2024-10-18 22:20:15+00:00,2,LY＃863,2,2,0,KEKW＃849,1,23,2,2,,False,True,7518,False,netplay
2024-10-18 22:22:29+00:00,32,LY＃863,2,2,0,KEKW＃849,1,23,3,2,,False,True,6740,False,netplay
2024-10-18 22:24:32+00:00,8,LY＃863,2,2,0,KEKW＃849,1,19,3,2,,False,True,8461,False,netplay
2024-10-18 22:27:03+00:00,8,LY＃863,2,20,0,KEKW＃849,1,19,2,2,,False,True,9116,False,netplay
2024-10-18 22:29:50+00:00,2,LY＃863,2,20,0,KEKW＃849,1,20,2,2,,False,True,10177,False,netplay
2024-10-18 22:32:51+00:00,28,LY＃863,2,20,0,KEKW＃849,1,22,3,2,,False,True,8430,False,netplay
2024-10-18 22:36:05+00:00,3,LY＃863,2,9,0,KEKW＃849,1,23,1,2,,False,True,10550,False,netplay
2024-12-07 18:59:31+00:00,31,LY＃863,2,11,4,KEKW＃849,4,9,3,7,2,True,False,2048,False,local
2024-12-07 19:09:59+00:00,3,LY＃863,2,11,0,KEKW＃849,4,9,3,2,,False,True,6157,False,local
2024-12-07 19:18:53+00:00,32,LY＃863,2,11,4,KEKW＃849,4,9,3,7,2,True,False,1530,False,local
2024-12-07 19:24:47+00:00,2,LY＃863,2,11,0,KEKW＃849,4,9,1,2,,False,True,11782,False,local
2024-12-07 19:30:45+00:00,8,LY＃863,2,2,0,KEKW＃849,4,9,1,2,,False,True,7823,False,local
2024-12-07 19:39:31+00:00,8,LY＃863,2,5,1,KEKW＃849,4,5,0,2,,True,False,9658,False,local
2024-12-07 19:43:11+00:00,28,LY＃863,2,2,0,KEKW＃849,4,19,1,2,,False,True,13594,False,local
2024-12-07 19:47:44+00:00,8,LY＃863,2,19,2,KEKW＃849,4,20,0,2,,True,False,10451,False,local
2024-12-07 19:51:33+00:00,2,LY＃863,2,2,0,KEKW＃849,4,9,2,2,,False,True,7802,False,local
2024-12-07 19:54:09+00:00,31,LY＃863,2,19,0,KEKW＃849,4,0,2,2,,False,True,10867,False,local
2024-12-07 19:57:47+00:00,32,LY＃863,2,19,2,KEKW＃849,4,5,0,2,,True,False,10019,False,local
2024-12-07 20:01:36+00:00,3,LY＃863,2,15,0,KEKW＃849,4,2,3,2,,False,True,9528,False,local
2024-12-07 20:04:45+00:00,8,LY＃863,2,18,0,KEKW＃849,4,20,1,2,,False,True,10235,False,local
2024-12-07 20:08:09+00:00,31,LY＃863,2,17,0,KEKW＃849,4,20,3,2,,False,True,9135,False,local
2024-12-07 20:11:12+00:00,3,LY＃863,2,19,2,KEKW＃849,4,5,0,2,,True,False,11431,False,local
2024-12-07 20:30:35+00:00,28,LY＃863,2,19,0,KEKW＃849,4,12,3,2,,False,True,9759,False,local
2024-12-07 20:34:16+00:00,32,LY＃863,2,19,2,KEKW＃849,4,5,0,2,,True,False,11397,False,local
2024-12-07 20:38:15+00:00,2,LY＃863,2,13,2,KEKW＃849,4,22,0,2,,True,False,10550,False,local
2024-12-07 20:41:31+00:00,31,LY＃863,2,2,0,KEKW＃849,4,9,3,2,,False,True,7384,False,local
2024-12-07 20:47:20+00:00,32,LY＃863,2,16,1,KEKW＃849,4,6,0,2,,True,False,14669,False,local
2024-12-07 20:51:54+00:00,3,LY＃863,2,18,0,KEKW＃849,4,2,2,2,,False,True,11741,False,local
2024-12-07 20:55:36+00:00,31,LY＃863,2,23,0,KEKW＃849,4,4,2,2,,False,True,9870,False,local
2024-12-07 20:58:44+00:00,8,LY＃863,2,20,0,KEKW＃849,4,22,1,2,,False,True,12121,False,local
2024-12-07 21:03:25+00:00,13,LY＃863,2,25,0,KEKW＃849,4,6,3,2,,False,True,5979,False,local
2024-12-07 21:06:21+00:00,32,LY＃863,2,25,2,KEKW＃849,4,6,3,7,2,False,True,2070,False,local
2024-12-07 21:09:05+00:00,32,LY＃863,2,25,3,KEKW＃849,4,6,4,7,2,False,True,1650,False,local
2024-12-07 21:09:43+00:00,32,LY＃863,2,25,2,KEKW＃849,4,6,4,7,4,False,True,4291,False,local
2024-12-07 21:11:01+00:00,2,LY＃863,2,25,4,KEKW＃849,4,6,4,7,4,True,False,2272,False,local
2024-12-07 21:11:45+00:00,28,LY＃863,2,25,3,KEKW＃849,4,6,4,7,2,False,True,1872,False,local
2024-12-07 21:12:58+00:00,2,LY＃863,2,19,2,KEKW＃849,4,5,0,2,,True,False,9812,False,local
2024-12-07 21:16:12+00:00,3,LY＃863,2,9,1,KEKW＃849,4,19,0,2,,True,False,13398,False,local
2024-12-07 21:20:18+00:00,31,LY＃863,2,2,0,KEKW＃849,4,15,2,2,,False,True,6105,False,local
2024-12-07 21:24:55+00:00,8,LY＃863,2,3,0,KEKW＃849,4,19,1,2,,False,True,11479,False,local
2024-12-07 21:28:38+00:00,28,LY＃863,2,12,1,KEKW＃849,4,5,0,2,,True,False,12134,False,local
2024-12-07 21:32:53+00:00,32,LY＃863,2,22,0,KEKW＃849,4,9,3,2,,False,True,10869,False,local
2024-12-07 21:36:41+00:00,32,LY＃863,2,19,3,KEKW＃849,4,5,0,2,,True,False,6940,False,local
2024-12-07 21:39:50+00:00,28,LY＃863,2,7,0,KEKW＃849,4,9,2,2,,False,True,10194,False,local
2024-12-07 21:43:10+00:00,31,LY＃863,2,19,2,KEKW＃849,4,5,0,2,,True,False,7941,False,local
2024-12-07 21:54:27+00:00,12,LY＃863,2,1,0,KEKW＃849,4,1,1,2,,False,True,7253,False,local
2024-12-07 21:58:27+00:00,32,LY＃863,2,1,2,KEKW＃849,4,1,3,7,2,False,True,2065,False,local
2024-12-07 21:59:35+00:00,2,LY＃863,2,19,1,KEKW＃849,4,5,0,2,,True,False,12222,False,local
2024-12-07 22:03:44+00:00,8,LY＃863,2,19,0,KEKW＃849,4,2,2,2,,False,True,12397,False,local
2024-12-07 22:07:39+00:00,3,LY＃863,2,24,0,KEKW＃849,4,5,1,2,,False,True,13825,False,local
2024-12-07 22:11:54+00:00,32,LY＃863,2,11,3,KEKW＃849,4,5,0,2,,True,False,6959,False,local
2024-12-07 22:14:26+00:00,2,LY＃863,2,2,0,KEKW＃849,4,5,1,2,,False,True,9791,False,local
2024-12-07 22:17:30+00:00,31,LY＃863,2,19,1,KEKW＃849,4,5,0,2,,True,False,12412,False,local
2024-12-07 22:21:11+00:00,8,LY＃863,2,2,2,KEKW＃849,4,5,0,2,,True,False,10969,False,local
2024-12-07 22:24:38+00:00,28,LY＃863,2,2,0,KEKW＃849,4,9,1,2,,False,True,10649,False,local
2024-12-07 22:28:05+00:00,3,LY＃863,2,0,0,KEKW＃849,4,8,2,2,,False,True,10390,False,local
2024-12-07 22:31:12+00:00,28,LY＃863,2,8,1,KEKW＃849,4,5,0,2,,True,False,14177,False,local
2024-12-07 22:36:06+00:00,32,LY＃863,2,13,0,KEKW＃849,4,0,2,2,,False,True,9253,False,local
2024-12-08 13:03:54+00:00,3,LY＃863,2,4,0,KEKW＃849,4,23,1,2,,False,True,14860,False,local
2024-12-08 13:08:54+00:00,31,LY＃863,2,6,1,KEKW＃849,4,19,0,2,,True,False,17038,False,local
2024-12-08 13:14:15+00:00,32,LY＃863,2,8,0,KEKW＃849,4,22,1,2,,False,True,15865,False,local
2024-12-08 13:19:07+00:00,8,LY＃863,2,9,0,KEKW＃849,4,20,2,2,,False,True,9435,False,local
2024-12-08 13:24:44+00:00,28,LY＃863,2,16,0,KEKW＃849,4,19,3,2,,False,True,10546,False,local
2024-12-08 13:29:29+00:00,8,LY＃863,2,5,0,KEKW＃849,4,5,1,2,,False,True,11505,False,local
2024-12-08 13:33:18+00:00,2,LY＃863,2,9,3,KEKW＃849,4,5,0,2,,True,False,7975,False,local
2024-12-08 13:39:14+00:00,31,LY＃863,2,13,2,KEKW＃849,4,18,0,2,,True,False,12471,False,local
2024-12-08 13:43:10+00:00,8,LY＃863,2,9,2,KEKW＃849,4,0,0,2,,True,False,8278,False,local
2024-12-08 13:46:15+00:00,3,LY＃863,2,19,3,KEKW＃849,4,9,0,2,,True,False,8355,False,local
2024-12-08 13:48:55+00:00,32,LY＃863,2,20,0,KEKW＃849,4,15,3,2,,False,True,6781,False,local
2024-12-08 13:52:09+00:00,2,LY＃863,2,19,0,KEKW＃849,4,15,2,2,,False,True,8669,False,local
2024-12-08 13:57:34+00:00,28,LY＃863,2,19,0,KEKW＃849,4,2,1,2,,False,True,13817,False,local
2024-12-08 14:01:54+00:00,3,LY＃863,2,19,1,KEKW＃849,4,5,0,2,,True,False,10209,False,local
2024-12-08 14:05:16+00:00,31,LY＃863,2,19,0,KEKW＃849,4,2,1,2,,False,True,12806,False,local
2024-12-08 14:09:31+00:00,28,LY＃863,2,12,0,KEKW＃849,4,19,3,2,,False,True,7165,False,local
2024-12-08 14:12:23+00:00,2,LY＃863,2,9,0,KEKW＃849,4,19,2,2,,False,True,12942,False,local
2024-12-08 14:16:12+00:00,32,LY＃863,2,9,1,KEKW＃849,4,5,0,2,,True,False,12052,False,local
2024-12-08 14:19:59+00:00,8,LY＃863,2,9,0,KEKW＃849,4,19,1,2,,False,True,9615,False,local
2024-12-08 14:22:50+00:00,8,LY＃863,2,9,3,KEKW＃849,4,5,0,2,,True,False,8160,False,local
2024-12-08 14:25:17+00:00,28,LY＃863,2,9,0,KEKW＃849,4,9,3,2,,False,True,8274,False,local
2024-12-08 14:27:52+00:00,3,LY＃863,2,9,3,KEKW＃849,4,5,0,2,,True,False,8267,False,local
2024-12-08 14:30:21+00:00,32,LY＃863,2,6,0,KEKW＃849,4,9,3,2,,False,True,9634,False,local
2024-12-08 14:34:05+00:00,31,LY＃863,2,21,1,KEKW＃849,4,5,0,2,,True,False,11684,False,local
2024-12-08 14:37:54+00:00,2,LY＃863,2,10,0,KEKW＃849,4,0,2,2,,False,True,9605,False,local
2024-12-08 14:40:59+00:00,28,LY＃863,2,14,1,KEKW＃849,4,5,0,2,,True,False,8738,False,local
2024-12-08 14:43:56+00:00,8,LY＃863,2,13,2,KEKW＃849,4,0,0,2,,True,False,11254,False,local
2024-12-08 14:47:28+00:00,2,LY＃863,2,6,0,KEKW＃849,4,2,4,2,,False,True,8729,False,local
2024-12-08 14:51:54+00:00,31,LY＃863,2,13,0,KEKW＃849,4,2,2,2,,False,True,9078,False,local
2024-12-08 14:55:09+00:00,3,LY＃863,2,13,0,KEKW＃849,4,9,3,2,,False,True,8452,False,local
2024-12-08 14:57:45+00:00,32,LY＃863,2,13,1,KEKW＃849,4,5,0,2,,True,False,15564,False,local
2024-12-08 15:02:25+00:00,31,LY＃863,2,13,0,KEKW＃849,4,9,4,2,,False,True,5179,False,local
2024-12-08 15:04:02+00:00,28,LY＃863,2,13,0,KEKW＃849,4,5,1,2,,False,True,14286,False,local
2024-12-08 15:08:32+00:00,2,LY＃863,2,9,1,KEKW＃849,4,5,0,2,,True,False,11779,False,local
2024-12-08 15:12:23+00:00,8,LY＃863,2,9,0,KEKW＃849,4,0,4,2,,False,True,5897,False,local
2024-12-08 15:14:14+00:00,3,LY＃863,2,21,0,KEKW＃849,4,5,2,2,,False,True,10841,False,local
2024-12-08 15:17:59+00:00,32,LY＃863,2,14,3,KEKW＃849,4,5,0,2,,True,False,3752,False,local
2024-12-08 15:19:20+00:00,28,LY＃863,2,13,0,KEKW＃849,4,0,4,2,,False,True,5259,False,local
2024-12-08 15:21:00+00:00,3,LY＃863,2,13,0,KEKW＃849,4,5,1,2,,False,True,12738,False,local
2024-12-08 15:25:07+00:00,31,LY＃863,2,9,0,KEKW＃849,4,6,1,2,,False,True,13879,False,local
2024-12-08 15:29:38+00:00,2,LY＃863,2,9,0,KEKW＃849,4,13,3,2,,False,True,8363,False,local
2024-12-08 15:32:35+00:00,32,LY＃863,2,9,1,KEKW＃849,4,17,0,2,,True,False,11615,False,local
2024-12-08 15:37:11+00:00,8,LY＃863,2,14,0,KEKW＃849,4,2,2,2,,False,True,5226,False,local
2024-12-08 15:39:02+00:00,3,LY＃863,2,9,2,KEKW＃849,4,14,0,2,,True,False,5642,False,local
2024-12-08 15:40:50+00:00,28,LY＃863,2,14,0,KEKW＃849,4,2,3,2,,False,True,6550,False,local
2024-12-08 15:42:59+00:00,31,LY＃863,2,9,0,KEKW＃849,4,24,1,2,,False,True,12817,False,local
2024-12-08 15:48:36+00:00,2,LY＃863,2,19,3,KEKW＃849,4,25,0,2,,True,False,9482,False,local
2024-12-08 15:51:25+00:00,8,LY＃863,2,14,0,KEKW＃849,4,2,2,2,,False,True,10010,False,local
2024-12-08 15:54:56+00:00,32,LY＃863,2,19,2,KEKW＃849,4,16,0,2,,True,False,9344,False,local
2024-12-08 15:57:44+00:00,3,LY＃863,2,14,0,KEKW＃849,4,2,2,2,,False,True,10911,False,local
2024-12-08 16:01:06+00:00,31,LY＃863,2,19,4,KEKW＃849,4,10,4,7,4,True,False,14,False,local
2024-12-08 16:01:13+00:00,31,LY＃863,2,19,3,KEKW＃849,4,10,0,2,,True,False,9127,False,local
2024-12-15 15:13:38+00:00,28,LY＃863,1,22,3,KEKW＃849,2,23,0,2,,True,False,11235,False,netplay
2024-12-15 15:16:58+00:00,2,LY＃863,1,13,0,KEKW＃849,2,22,3,2,,False,True,9246,False,netplay
2024-12-15 15:20:18+00:00,8,LY＃863,1,0,0,KEKW＃849,2,0,3,2,,False,True,6379,False,netplay
2024-12-15 15:22:23+00:00,32,LY＃863,1,0,0,KEKW＃849,2,20,2,2,,False,True,8329,False,netplay
2024-12-15 15:24:57+00:00,28,LY＃863,1,2,0,KEKW＃849,2,19,1,2,,False,True,11195,False,netplay
2024-12-15 15:28:20+00:00,31,LY＃863,1,2,2,KEKW＃849,2,9,0,2,,True,False,11546,False,netplay
2024-12-15 15:31:41+00:00,8,LY＃863,1,2,1,KEKW＃849,2,9,0,2,,True,False,11460,False,netplay
2024-12-15 15:35:03+00:00,32,LY＃863,1,2,0,KEKW＃849,2,9,2,2,,False,True,9768,False,netplay
2024-12-15 15:38:01+00:00,2,LY＃863,1,2,0,KEKW＃849,2,20,2,2,,False,True,8964,False,netplay
2024-12-15 15:40:45+00:00,3,LY＃863,1,2,2,KEKW＃849,2,19,0,2,,True,False,12833,False,netplay
2024-12-15 15:44:28+00:00,28,LY＃863,1,2,0,KEKW＃849,2,2,2,2,,False,True,9563,False,netplay
2024-12-15 15:47:16+00:00,8,LY＃863,1,2,0,KEKW＃849,2,2,1,2,,False,True,11260,False,netplay
2024-12-15 15:50:34+00:00,32,LY＃863,1,2,0,KEKW＃849,2,2,3,2,,False,True,8717,False,netplay
2024-12-15 15:53:09+00:00,2,LY＃863,1,19,1,KEKW＃849,2,9,0,2,,True,False,12739,False,netplay
2024-12-15 15:56:55+00:00,3,LY＃863,1,19,0,KEKW＃849,2,2,1,2,,False,True,13632,False,netplay
2024-12-15 16:00:55+00:00,3,LY＃863,1,19,0,KEKW＃849,2,2,2,2,,False,True,10429,False,netplay
2024-12-15 16:04:01+00:00,28,LY＃863,1,19,0,KEKW＃849,2,20,3,2,,False,True,10533,False,netplay
2024-12-15 16:07:45+00:00,31,LY＃863,1,19,0,KEKW＃849,2,9,1,2,,False,True,11395,False,netplay
2024-12-15 16:11:42+00:00,3,LY＃863,1,19,1,KEKW＃849,2,9,0,2,,True,False,14342,False,netplay
2024-12-15 16:16:28+00:00,31,LY＃863,1,19,0,KEKW＃849,2,0,2,2,,False,True,12460,False,netplay
2024-12-15 16:21:51+00:00,8,LY＃863,1,2,0,KEKW＃849,2,20,3,2,,False,True,7065,False,netplay
2024-12-15 16:37:30+00:00,2,LY＃863,1,2,0,KEKW＃849,2,23,3,2,,False,True,7150,False,netplay
2024-12-15 16:40:07+00:00,32,LY＃863,1,2,1,KEKW＃849,2,19,0,2,,True,False,11407,False,netplay
2024-12-15 16:43:54+00:00,28,LY＃863,1,2,0,KEKW＃849,2,9,1,2,,False,True,14256,False,netplay
2024-12-15 16:48:19+00:00,28,LY＃863,1,2,0,KEKW＃849,2,2,2,2,,False,True,10465,False,netplay
2024-12-15 16:51:34+00:00,31,LY＃863,1,2,0,KEKW＃849,2,2,2,2,,False,True,8899,False,netplay
2024-12-15 17:04:11+00:00,32,LY＃863,1,2,0,KEKW＃849,2,6,1,2,,False,True,12326,False,netplay
2024-12-15 17:08:45+00:00,2,LY＃863,1,8,0,KEKW＃849,2,4,3,2,,False,True,14226,False,netplay
2024-12-15 17:13:37+00:00,31,LY＃863,1,3,0,KEKW＃849,2,4,2,2,,False,True,11639,False,netplay
2024-12-15 17:17:58+00:00,3,LY＃863,1,9,1,KEKW＃849,2,6,0,2,,True,False,13361,False,netplay
2024-12-15 17:24:58+00:00,32,LY＃863,1,12,0,KEKW＃849,2,14,1,2,,False,True,17151,False,netplay
2024-12-15 17:31:08+00:00,8,LY＃863,1,9,1,KEKW＃849,2,21,0,2,,True,False,15766,False,netplay
2024-12-15 17:39:22+00:00,2,LY＃863,1,12,0,KEKW＃849,2,25,1,2,,False,True,14441,False,netplay
2024-12-15 17:44:20+00:00,28,LY＃863,1,2,0,KEKW＃849,2,5,2,2,,False,True,10046,False,netplay
2024-12-15 17:47:45+00:00,2,LY＃863,1,19,1,KEKW＃849,2,0,0,2,,True,False,15224,False,netplay
2024-12-15 17:55:51+00:00,12,LY＃863,1,0,0,KEKW＃849,2,1,2,2,,False,True,4597,False,netplay
2024-12-15 17:58:07+00:00,28,LY＃863,1,20,0,KEKW＃849,2,3,1,2,,False,True,13401,False,netplay
2024-12-15 18:02:49+00:00,8,LY＃863,1,23,0,KEKW＃849,2,17,3,2,,False,True,5951,False,netplay
2024-12-15 18:04:47+00:00,32,LY＃863,1,19,0,KEKW＃849,2,15,2,2,,False,True,11120,False,netplay
2024-12-15 18:10:41+00:00,31,LY＃863,1,22,0,KEKW＃849,2,3,2,2,,False,True,13451,False,netplay
2024-12-15 18:15:13+00:00,3,LY＃863,1,19,2,KEKW＃849,2,20,0,2,,True,False,8857,False,netplay
2024-12-15 18:19:24+00:00,3,LY＃863,1,14,1,KEKW＃849,2,19,0,2,,True,False,13364,False,netplay
2024-12-15 18:23:37+00:00,8,LY＃863,1,14,1,KEKW＃849,2,19,0,2,,True,False,9024,False,netplay
2024-12-15 18:28:01+00:00,31,LY＃863,1,9,0,KEKW＃849,2,19,3,2,,False,True,6466,False,netplay
2024-12-15 18:30:25+00:00,8,LY＃863,1,13,0,KEKW＃849,2,17,2,2,,False,True,10971,False,netplay
2024-12-15 18:33:54+00:00,28,LY＃863,1,19,0,KEKW＃849,2,15,2,2,,False,True,12953,False,netplay
2024-12-15 18:38:03+00:00,32,LY＃863,1,19,1,KEKW＃849,2,20,0,2,,True,False,14468,False,netplay
2024-12-15 18:42:38+00:00,28,LY＃863,1,14,0,KEKW＃849,2,19,3,2,,False,True,7183,False,netplay
2024-12-15 18:45:04+00:00,3,LY＃863,1,9,0,KEKW＃849,2,8,2,2,,False,True,14683,False,netplay
2024-12-15 18:51:24+00:00,2,LY＃863,1,19,0,KEKW＃849,2,9,1,2,,False,True,12304,False,netplay
2024-12-15 18:55:18+00:00,31,LY＃863,1,19,0,KEKW＃849,2,12,1,2,,False,True,9409,False,netplay
2024-12-15 18:58:37+00:00,31,LY＃863,1,19,1,KEKW＃849,2,7,0,2,,True,False,12037,False,netplay
2024-12-23 18:06:00+00:00,8,LY＃863,2,21,0,KEKW＃849,4,10,2,2,,False,True,11313,False,local
2024-12-23 18:09:49+00:00,28,LY＃863,2,9,1,KEKW＃849,4,21,0,2,,True,False,16941,False,local
2024-12-23 18:14:51+00:00,12,LY＃863,2,17,0,KEKW＃849,4,1,4,2,,False,True,6254,False,local
2024-12-23 18:18:00+00:00,2,LY＃863,2,2,0,KEKW＃849,4,3,3,2,,False,True,6876,False,local
2024-12-23 18:20:15+00:00,32,LY＃863,2,0,2,KEKW＃849,4,10,0,2,,True,False,14792,False,local
2024-12-23 18:25:15+00:00,3,LY＃863,2,7,0,KEKW＃849,4,21,1,2,,False,True,18558,False,local
2024-12-23 18:30:53+00:00,31,LY＃863,2,20,0,KEKW＃849,4,10,1,2,,False,True,16073,False,local
2024-12-23 18:35:51+00:00,32,LY＃863,2,12,3,KEKW＃849,4,16,0,2,,True,False,12041,False,local
2024-12-23 18:39:47+00:00,31,LY＃863,2,6,0,KEKW＃849,4,17,2,2,,False,True,11652,False,local
2024-12-23 18:43:22+00:00,8,LY＃863,2,8,2,KEKW＃849,4,5,0,2,,True,False,9124,False,local
2024-12-23 18:46:38+00:00,2,LY＃863,2,14,0,KEKW＃849,4,19,2,2,,False,True,8769,False,local
2024-12-23 18:49:41+00:00,28,LY＃863,2,2,0,KEKW＃849,4,5,3,2,,False,True,11764,False,local
2024-12-23 18:55:03+00:00,3,LY＃863,2,18,1,KEKW＃849,4,5,0,2,,True,False,15062,False,local
2024-12-23 18:59:53+00:00,28,LY＃863,2,12,2,KEKW＃849,4,25,0,2,,True,False,13838,False,local
2024-12-23 19:05:30+00:00,3,LY＃863,2,14,2,KEKW＃849,4,8,0,2,,True,False,6765,False,local
2024-12-23 19:09:15+00:00,31,LY＃863,2,12,1,KEKW＃849,4,13,0,2,,True,False,15283,False,local
2024-12-23 19:14:02+00:00,8,LY＃863,2,12,0,KEKW＃849,4,19,2,2,,False,True,10392,False,local
2024-12-23 19:17:24+00:00,2,LY＃863,2,20,0,KEKW＃849,4,10,2,2,,False,True,11740,False,local
2024-12-23 19:21:32+00:00,32,LY＃863,2,18,0,KEKW＃849,4,24,2,2,,False,True,14021,False,local
2024-12-23 19:25:52+00:00,2,LY＃863,2,19,0,KEKW＃849,4,19,1,2,,False,True,15007,False,local
2024-12-23 19:30:41+00:00,28,LY＃863,2,19,2,KEKW＃849,4,0,0,2,,True,False,10921,False,local
2024-12-23 19:34:05+00:00,32,LY＃863,2,14,1,KEKW＃849,4,0,0,2,,True,False,14006,False,local
2024-12-23 19:38:18+00:00,31,LY＃863,2,12,0,KEKW＃849,4,0,1,2,,False,True,14333,False,local
2024-12-23 19:42:39+00:00,8,LY＃863,2,19,0,KEKW＃849,4,20,3,2,,False,True,7986,False,local
2024-12-23 19:45:12+00:00,3,LY＃863,2,19,2,KEKW＃849,4,22,0,2,,True,False,7507,False,local
2024-12-23 19:48:00+00:00,3,LY＃863,2,11,0,KEKW＃849,4,10,1,2,,False,True,13930,False,local
2024-12-23 19:52:09+00:00,31,LY＃863,2,19,1,KEKW＃849,4,20,0,2,,True,False,10164,False,local
2024-12-23 19:55:24+00:00,2,LY＃863,2,5,2,KEKW＃849,4,10,0,2,,True,False,11856,False,local
2024-12-23 19:58:56+00:00,8,LY＃863,2,11,1,KEKW＃849,4,10,0,2,,True,False,12227,False,local
2024-12-23 20:12:36+00:00,28,LY＃863,2,14,0,KEKW＃849,4,20,1,2,,False,True,19145,False,local
2024-12-23 20:18:11+00:00,32,LY＃863,2,19,0,KEKW＃849,4,19,3,2,,False,True,7751,False,local
2024-12-23 20:20:34+00:00,8,LY＃863,2,19,0,KEKW＃849,4,20,1,2,,False,True,11271,False,local
2024-12-23 20:23:59+00:00,31,LY＃863,2,19,2,KEKW＃849,4,14,0,2,,True,False,9925,False,local
2024-12-23 20:27:26+00:00,2,LY＃863,2,14,0,KEKW＃849,4,14,2,2,,False,True,6759,False,local
2024-12-23 20:29:32+00:00,3,LY＃863,2,19,0,KEKW＃849,4,9,3,2,,False,True,7213,False,local
2024-12-23 20:42:49+00:00,28,LY＃863,2,19,0,KEKW＃849,4,14,2,2,,False,True,9140,False,local
2024-12-23 20:45:42+00:00,32,LY＃863,2,19,0,KEKW＃849,4,22,1,2,,False,True,11874,False,local
2024-12-23 20:49:27+00:00,2,LY＃863,2,19,1,KEKW＃849,4,18,0,2,,True,False,12508,False,local
2024-12-23 20:53:49+00:00,8,LY＃863,2,12,2,KEKW＃849,4,13,0,2,,True,False,10754,False,local
2024-12-23 20:57:06+00:00,32,LY＃863,2,24,0,KEKW＃849,4,10,2,2,,False,True,11662,False,local
2024-12-23 21:00:36+00:00,3,LY＃863,2,19,0,KEKW＃849,4,7,1,2,,False,True,11499,False,local
2024-12-24 13:59:21+00:00,31,LY＃863,2,9,2,KEKW＃849,4,23,0,2,,True,False,7040,False,local
2024-12-24 14:02:56+00:00,8,LY＃863,2,13,0,KEKW＃849,4,22,1,2,,False,True,14290,False,local
2024-12-24 14:07:09+00:00,28,LY＃863,2,9,0,KEKW＃849,4,15,2,2,,False,True,12417,False,local
2024-12-24 14:11:01+00:00,3,LY＃863,2,9,0,KEKW＃849,4,15,2,2,,False,True,10370,False,local
2024-12-24 14:14:04+00:00,32,LY＃863,2,9,0,KEKW＃849,4,15,3,2,,False,True,7156,False,local
2024-12-24 14:18:39+00:00,2,LY＃863,2,16,0,KEKW＃849,4,0,2,2,,False,True,12073,False,local
2024-12-24 14:22:18+00:00,8,LY＃863,2,24,0,KEKW＃849,4,10,2,2,,False,True,12291,False,local
2024-12-24 14:25:56+00:00,28,LY＃863,2,12,0,KEKW＃849,4,20,3,2,,False,True,7907,False,local
2024-12-24 14:28:20+00:00,2,LY＃863,2,3,0,KEKW＃849,4,3,2,2,,False,True,8922,False,local
2024-12-24 14:31:01+00:00,3,LY＃863,2,14,0,KEKW＃849,4,3,2,2,,False,True,8926,False,local
2024-12-24 14:33:49+00:00,31,LY＃863,2,19,3,KEKW＃849,4,24,0,2,,True,False,12309,False,local
2024-12-24 14:37:31+00:00,32,LY＃863,2,7,0,KEKW＃849,4,20,3,2,,False,True,10925,False,local
2024-12-24 14:41:00+00:00,8,LY＃863,2,2,0,KEKW＃849,4,6,1,2,,False,True,9180,False,local
2024-12-24 14:43:53+00:00,3,LY＃863,2,2,1,KEKW＃849,4,4,0,2,,True,False,12085,False,local
2024-12-24 14:48:04+00:00,28,LY＃863,2,15,0,KEKW＃849,4,23,1,2,,False,True,13244,False,local
2024-12-24 14:52:19+00:00,2,LY＃863,2,12,2,KEKW＃849,4,3,0,2,,True,False,10478,False,local
2024-12-24 14:55:36+00:00,31,LY＃863,2,0,0,KEKW＃849,4,8,2,2,,False,True,10689,False,local
2024-12-24 14:58:58+00:00,32,LY＃863,2,12,1,KEKW＃849,4,24,0,2,,True,False,16287,False,local
2024-12-24 15:03:50+00:00,31,LY＃863,2,23,0,KEKW＃849,4,22,1,2,,False,True,11672,False,local
2024-12-24 15:09:15+00:00,8,LY＃863,2,2,2,KEKW＃849,4,3,0,2,,True,False,9054,False,local
2024-12-25 12:57:24+00:00,3,LY＃863,2,16,0,KEKW＃849,4,11,2,2,,False,True,13835,False,local
2024-12-25 13:30:18+00:00,28,LY＃863,2,18,0,KEKW＃849,4,3,2,2,,False,True,9215,False,local
2024-12-25 13:33:32+00:00,32,LY＃863,2,23,0,KEKW＃849,4,5,2,2,,False,True,9528,False,local
2024-12-25 13:36:37+00:00,2,LY＃863,2,9,2,KEKW＃849,4,6,0,2,,True,False,10791,False,local
2024-12-25 13:39:56+00:00,31,LY＃863,2,17,0,KEKW＃849,4,15,3,2,,False,True,8339,False,local
2024-12-25 13:44:33+00:00,8,LY＃863,2,20,1,KEKW＃849,4,16,0,2,,True,False,12970,False,local
2024-12-25 13:48:39+00:00,32,LY＃863,2,3,0,KEKW＃849,4,17,1,2,,False,True,9547,False,local
2024-12-25 13:51:37+00:00,2,LY＃863,2,19,2,KEKW＃849,4,16,0,2,,True,False,12877,False,local
2024-12-25 13:55:41+00:00,31,LY＃863,2,14,0,KEKW＃849,4,9,4,2,,False,True,4301,False,local
2024-12-25 13:57:10+00:00,3,LY＃863,2,9,0,KEKW＃849,4,13,2,2,,False,True,11430,False,local
2024-12-25 14:00:52+00:00,8,LY＃863,2,0,2,KEKW＃849,4,25,0,2,,True,False,9049,False,local
2024-12-25 14:03:42+00:00,28,LY＃863,2,7,0,KEKW＃849,4,2,2,2,,False,True,11864,False,local
2024-12-25 14:07:50+00:00,8,LY＃863,2,19,3,KEKW＃849,4,11,0,2,,True,False,8794,False,local
2024-12-25 14:10:50+00:00,31,LY＃863,2,3,0,KEKW＃849,4,25,2,2,,False,True,7890,False,local
2024-12-25 14:13:18+00:00,3,LY＃863,2,19,0,KEKW＃849,4,22,1,2,,False,True,14663,False,local
2024-12-25 14:17:35+00:00,2,LY＃863,2,19,0,KEKW＃849,4,22,3,2,,False,True,5582,False,local
2024-12-25 14:19:16+00:00,32,LY＃863,2,19,1,KEKW＃849,4,22,0,2,,True,False,13338,False,local
2024-12-25 14:24:03+00:00,28,LY＃863,2,23,1,KEKW＃849,4,20,0,2,,True,False,9189,False,local
2024-12-25 14:26:51+00:00,3,LY＃863,2,23,0,KEKW＃849,4,20,2,2,,False,True,9247,False,local
2024-12-25 14:30:07+00:00,8,LY＃863,2,19,1,KEKW＃849,4,22,0,2,,True,False,11879,False,local
2024-12-25 14:33:44+00:00,31,LY＃863,2,5,0,KEKW＃849,4,23,3,2,,False,True,6048,False,local
2024-12-25 14:35:39+00:00,2,LY＃863,2,19,2,KEKW＃849,4,22,0,2,,True,False,13913,False,local
2024-12-25 14:40:08+00:00,28,LY＃863,2,5,0,KEKW＃849,4,0,2,2,,False,True,8781,False,local
2024-12-25 14:43:13+00:00,32,LY＃863,2,19,4,KEKW＃849,4,0,0,2,,True,False,6414,False,local
2024-12-25 14:45:16+00:00,28,LY＃863,2,3,1,KEKW＃849,4,23,0,2,,True,False,8271,False,local
2024-12-25 14:48:04+00:00,2,LY＃863,2,7,0,KEKW＃849,4,19,1,2,,False,True,13200,False,local
2024-12-25 14:51:59+00:00,32,LY＃863,2,19,2,KEKW＃849,4,4,0,2,,True,False,13793,False,local
2024-12-25 14:56:12+00:00,31,LY＃863,2,8,0,KEKW＃849,4,2,3,2,,False,True,8012,False,local
2024-12-25 14:58:36+00:00,8,LY＃863,2,19,1,KEKW＃849,4,0,0,2,,True,False,10350,False,local
2024-12-25 15:01:46+00:00,3,LY＃863,2,5,0,KEKW＃849,4,2,3,2,,False,True,6905,False,local
2024-12-25 15:04:00+00:00,3,LY＃863,2,19,2,KEKW＃849,4,0,0,2,,True,False,11074,False,local
2024-12-25 15:07:41+00:00,2,LY＃863,2,5,0,KEKW＃849,4,2,2,2,,False,True,11172,False,local
2024-12-25 15:11:00+00:00,8,LY＃863,2,19,4,KEKW＃849,4,0,0,2,,True,False,7317,False,local
2024-12-25 15:13:52+00:00,31,LY＃863,2,9,0,KEKW＃849,4,4,2,2,,False,True,11742,False,local
2024-12-25 15:20:23+00:00,32,LY＃863,2,9,2,KEKW＃849,4,19,0,2,,True,False,10181,False,local
2024-12-25 15:23:24+00:00,28,LY＃863,2,9,0,KEKW＃849,4,19,1,2,,False,True,16526,False,local
2024-12-25 15:28:26+00:00,28,LY＃863,2,0,2,KEKW＃849,4,13,0,2,,True,False,13808,False,local
2024-12-25 15:32:38+00:00,3,LY＃863,2,9,0,KEKW＃849,4,19,3,2,,False,True,6803,False,local
2024-12-25 15:34:49+00:00,8,LY＃863,2,19,0,KEKW＃849,4,23,2,2,,False,True,8252,False,local
2024-12-25 15:37:15+00:00,2,LY＃863,2,19,1,KEKW＃849,4,23,0,2,,True,False,11524,False,local
2024-12-25 15:40:45+00:00,32,LY＃863,2,9,0,KEKW＃849,4,19,2,2,,False,True,9500,False,local
2024-12-25 15:43:53+00:00,31,LY＃863,2,19,3,KEKW＃849,4,11,0,2,,True,False,4965,False,local
2024-12-25 15:47:01+00:00,8,LY＃863,2,3,0,KEKW＃849,4,23,2,2,,False,True,9313,False,local
2024-12-25 15:49:55+00:00,31,LY＃863,2,19,1,KEKW＃849,4,7,0,2,,True,False,12786,False,local
2024-12-25 15:53:58+00:00,28,LY＃863,2,23,1,KEKW＃849,4,19,0,2,,True,False,14785,False,local
2024-12-25 15:58:22+00:00,2,LY＃863,2,23,0,KEKW＃849,4,19,2,2,,False,True,7441,False,local
2024-12-25 16:00:58+00:00,32,LY＃863,2,13,1,KEKW＃849,4,3,0,2,,True,False,14311,False,local
2024-12-25 16:05:17+00:00,3,LY＃863,2,23,0,KEKW＃849,4,19,1,2,,False,True,14850,False,local
2024-12-25 16:09:56+00:00,3,LY＃863,2,19,0,KEKW＃849,4,23,3,2,,False,True,7003,False,local
2024-12-25 16:12:01+00:00,8,LY＃863,2,19,3,KEKW＃849,4,23,0,2,,True,False,8234,False,local
2024-12-25 16:14:34+00:00,28,LY＃863,2,9,0,KEKW＃849,4,19,1,2,,False,True,9887,False,local
2024-12-25 16:18:29+00:00,2,LY＃863,2,19,2,KEKW＃849,4,14,0,2,,True,False,9647,False,local
2024-12-25 16:21:30+00:00,31,LY＃863,2,7,0,KEKW＃849,4,2,4,2,,False,True,7008,False,local
2024-12-25 16:24:24+00:00,32,LY＃863,2,2,0,KEKW＃849,4,11,1,2,,False,True,11753,False,local
2024-12-25 16:28:11+00:00,31,LY＃863,2,2,0,KEKW＃849,4,24,1,2,,False,True,15943,False,local
2024-12-25 16:52:39+00:00,2,LY＃863,2,2,1,KEKW＃849,4,17,0,2,,True,False,12620,False,local
2024-12-25 16:56:36+00:00,32,LY＃863,2,6,0,KEKW＃849,4,20,3,2,,False,True,7875,False,local
2024-12-25 16:59:24+00:00,28,LY＃863,2,2,2,KEKW＃849,4,18,0,2,,True,False,12616,False,local
2024-12-25 17:03:18+00:00,3,LY＃863,2,15,0,KEKW＃849,4,9,1,2,,False,True,14361,False,local
2024-12-25 17:07:57+00:00,31,LY＃863,2,2,0,KEKW＃849,4,7,2,2,,False,True,9665,False,local
2024-12-25 17:11:12+00:00,2,LY＃863,2,2,0,KEKW＃849,4,16,2,2,,False,True,11254,False,local
2024-12-25 17:14:54+00:00,32,LY＃863,2,2,0,KEKW＃849,4,24,2,2,,False,True,11598,False,local
2024-12-25 17:18:23+00:00,28,LY＃863,2,2,0,KEKW＃849,4,18,2,2,,False,True,11486,False,local
2024-12-25 17:33:11+00:00,8,LY＃863,2,2,0,KEKW＃849,4,17,1,2,,False,True,8061,False,local
2024-12-25 17:35:49+00:00,3,LY＃863,2,19,0,KEKW＃849,4,20,1,2,,False,True,13212,False,local
2024-12-25 17:40:13+00:00,32,LY＃863,2,19,3,KEKW＃849,4,3,0,2,,True,False,11372,False,local
2024-12-25 17:43:47+00:00,2,LY＃863,2,23,0,KEKW＃849,4,2,3,2,,False,True,4800,False,local
2024-12-25 17:45:51+00:00,8,LY＃863,2,20,1,KEKW＃849,4,11,0,2,,True,False,9862,False,local
2024-12-25 17:49:18+00:00,28,LY＃863,2,7,0,KEKW＃849,4,15,1,2,,False,True,13607,False,local
2024-12-25 17:54:35+00:00,31,LY＃863,2,0,0,KEKW＃849,4,4,2,2,,False,True,13265,False,local
2024-12-25 17:59:00+00:00,28,LY＃863,2,15,0,KEKW＃849,4,3,2,2,,False,True,13600,False,local
2024-12-25 18:05:02+00:00,2,LY＃863,2,19,2,KEKW＃849,4,21,0,2,,True,False,11087,False,local
2024-12-25 18:09:22+00:00,28,LY＃863,2,4,0,KEKW＃849,4,19,3,2,,False,True,9069,False,local
2024-12-25 18:12:37+00:00,31,LY＃863,2,19,2,KEKW＃849,4,25,0,2,,True,False,9740,False,local
2024-12-28 14:36:26+00:00,28,LY＃863,2,2,0,KEKW＃849,4,9,1,2,,False,True,11185,False,local
2024-12-28 14:57:45+00:00,3,LY＃863,2,2,0,KEKW＃849,4,3,1,2,,False,True,11491,False,local
2024-12-28 15:01:55+00:00,31,LY＃863,2,18,2,KEKW＃849,4,10,0,2,,True,False,9055,False,local
2024-12-28 15:05:32+00:00,8,LY＃863,2,23,3,KEKW＃849,4,0,0,2,,True,False,6859,False,local
2024-12-28 15:07:53+00:00,32,LY＃863,2,13,0,KEKW＃849,4,20,2,2,,False,True,9050,False,local
2024-12-28 15:11:08+00:00,2,LY＃863,2,0,0,KEKW＃849,4,4,1,2,,False,True,11202,False,local
2024-12-28 15:14:46+00:00,31,LY＃863,2,11,0,KEKW＃849,4,11,3,2,,False,True,13725,False,local
2024-12-28 15:19:11+00:00,28,LY＃863,2,22,0,KEKW＃849,4,3,2,2,,False,True,11653,False,local
2024-12-28 15:23:23+00:00,3,LY＃863,2,9,0,KEKW＃849,4,8,1,2,,False,True,11648,False,local
2024-12-28 15:27:05+00:00,2,LY＃863,2,9,1,KEKW＃849,4,4,0,2,,True,False,14651,False,local
2024-12-28 15:32:37+00:00,32,LY＃863,2,21,0,KEKW＃849,4,19,3,2,,False,True,10646,False,local
2024-12-28 15:40:33+00:00,8,LY＃863,2,0,0,KEKW＃849,4,3,1,2,,False,True,10554,False,local
2024-12-28 15:44:14+00:00,32,LY＃863,2,4,2,KEKW＃849,4,5,0,2,,True,False,8787,False,local
2024-12-28 15:47:29+00:00,8,LY＃863,2,2,1,KEKW＃849,4,20,0,2,,True,False,9240,False,local
2024-12-28 15:51:39+00:00,28,LY＃863,2,6,0,KEKW＃849,4,2,3,2,,False,True,10016,False,local
2024-12-28 15:55:14+00:00,31,LY＃863,2,2,0,KEKW＃849,4,24,1,2,,False,True,12573,False,local
2024-12-28 15:59:34+00:00,3,LY＃863,2,3,1,KEKW＃849,4,24,0,2,,True,False,12562,False,local
2024-12-28 16:03:25+00:00,2,LY＃863,2,23,0,KEKW＃849,4,2,2,2,,False,True,9358,False,local
2024-12-28 16:06:30+00:00,2,LY＃863,2,21,0,KEKW＃849,4,21,2,2,,False,True,15741,False,local
2024-12-28 16:18:41+00:00,31,LY＃863,2,18,0,KEKW＃849,4,17,1,2,,False,True,14861,False,local
2024-12-28 16:23:31+00:00,3,LY＃863,2,2,0,KEKW＃849,4,11,1,2,,False,True,14184,False,local
2024-12-28 16:27:56+00:00,32,LY＃863,2,13,0,KEKW＃849,4,13,2,2,,False,True,8904,False,local
2024-12-28 16:30:53+00:00,28,LY＃863,2,2,1,KEKW＃849,4,10,0,2,,True,False,19365,False,local
2024-12-28 16:37:46+00:00,8,LY＃863,2,25,0,KEKW＃849,4,23,2,2,,False,True,7895,False,local
2024-12-28 16:41:08+00:00,2,LY＃863,2,13,0,KEKW＃849,4,6,3,2,,False,True,10631,False,local
2024-12-28 16:44:21+00:00,31,LY＃863,2,5,3,KEKW＃849,4,1,0,2,,True,False,2924,False,local
2024-12-28 16:45:43+00:00,28,LY＃863,2,13,0,KEKW＃849,4,15,3,2,,False,True,11295,False,local
2024-12-28 16:49:26+00:00,31,LY＃863,2,5,0,KEKW＃849,4,17,2,2,,False,True,11789,False,local
2024-12-28 16:53:04+00:00,3,LY＃863,2,20,2,KEKW＃849,4,5,0,2,,True,False,11815,False,local
2024-12-28 16:56:47+00:00,8,LY＃863,2,23,0,KEKW＃849,4,2,3,2,,False,True,7818,False,local
2024-12-28 16:59:15+00:00,32,LY＃863,2,8,2,KEKW＃849,4,17,0,2,,True,False,10859,False,local
2024-12-28 17:02:32+00:00,32,LY＃863,2,20,1,KEKW＃849,4,20,0,2,,True,False,9493,False,local
2024-12-28 17:05:28+00:00,2,LY＃863,2,25,0,KEKW＃849,4,2,2,2,,False,True,9965,False,local
2024-12-28 17:08:51+00:00,8,LY＃863,2,8,0,KEKW＃849,4,8,2,2,,False,True,14220,False,local
2024-12-28 17:13:36+00:00,3,LY＃863,2,25,0,KEKW＃849,4,14,1,2,,False,True,15193,False,local
2024-12-28 17:18:08+00:00,31,LY＃863,2,20,0,KEKW＃849,4,6,4,2,,False,True,6112,False,local
2024-12-28 17:20:30+00:00,28,LY＃863,2,9,2,KEKW＃849,4,7,0,2,,True,False,9625,False,local
2024-12-28 17:23:39+00:00,31,LY＃863,2,4,0,KEKW＃849,4,2,3,2,,False,True,10611,False,local
2024-12-28 17:28:37+00:00,28,LY＃863,2,0,1,KEKW＃849,4,24,0,2,,True,False,12700,False,local
2024-12-28 17:32:27+00:00,2,LY＃863,2,12,0,KEKW＃849,4,20,1,2,,False,True,9401,False,local
2024-12-28 17:35:31+00:00,8,LY＃863,2,9,2,KEKW＃849,4,25,0,2,,True,False,9706,False,local
2024-12-28 17:38:40+00:00,3,LY＃863,2,24,0,KEKW＃849,4,20,4,2,,False,True,6753,False,local
2024-12-28 17:41:14+00:00,32,LY＃863,2,0,0,KEKW＃849,4,6,2,2,,False,True,7276,False,local
2024-12-28 17:43:32+00:00,28,LY＃863,2,1,2,KEKW＃849,4,25,0,2,,True,False,12434,False,local
2024-12-28 17:47:15+00:00,3,LY＃863,2,1,0,KEKW＃849,4,9,3,2,,False,True,6708,False,local
2024-12-28 17:49:24+00:00,32,LY＃863,2,1,0,KEKW＃849,4,23,2,2,,False,True,9778,False,local
2024-12-28 17:54:34+00:00,2,LY＃863,2,23,1,KEKW＃849,4,14,0,2,,True,False,9431,False,local
2024-12-28 17:57:30+00:00,8,LY＃863,2,2,0,KEKW＃849,4,9,2,2,,False,True,10452,False,local
2024-12-28 18:00:50+00:00,31,LY＃863,2,16,0,KEKW＃849,4,9,3,2,,False,True,8708,False,local
2024-12-28 18:04:17+00:00,28,LY＃863,2,18,4,KEKW＃849,4,8,0,2,,True,False,4437,False,local
2024-12-28 18:05:43+00:00,2,LY＃863,2,10,0,KEKW＃849,4,2,4,2,,False,True,7588,False,local
2024-12-28 18:08:08+00:00,31,LY＃863,2,5,0,KEKW＃849,4,20,2,2,,False,True,12022,False,local
2024-12-28 18:13:16+00:00,3,LY＃863,2,18,1,KEKW＃849,4,14,0,2,,True,False,13377,False,local
2024-12-28 18:17:36+00:00,8,LY＃863,2,3,0,KEKW＃849,4,9,2,2,,False,True,8308,False,local
2024-12-28 18:20:22+00:00,32,LY＃863,2,25,0,KEKW＃849,4,9,1,2,,False,True,10787,False,local
2024-12-28 18:23:44+00:00,3,LY＃863,2,19,0,KEKW＃849,4,2,1,2,,False,True,13762,False,local
2024-12-28 18:27:51+00:00,8,LY＃863,2,1,0,KEKW＃849,4,17,2,2,,False,True,8867,False,local
2024-12-28 18:30:34+00:00,31,LY＃863,2,1,0,KEKW＃849,4,0,1,2,,False,True,11386,False,local
2024-12-28 18:37:02+00:00,32,LY＃863,2,2,2,KEKW＃849,4,11,0,2,,True,False,12424,False,local
2024-12-28 18:40:59+00:00,2,LY＃863,2,19,0,KEKW＃849,4,2,3,2,,False,True,7204,False,local
2024-12-28 18:43:12+00:00,28,LY＃863,2,2,2,KEKW＃849,4,10,0,2,,True,False,15729,False,local
2024-12-28 18:48:01+00:00,28,LY＃863,2,15,0,KEKW＃849,4,9,2,2,,False,True,18460,False,local
2024-12-28 18:53:29+00:00,31,LY＃863,2,2,0,KEKW＃849,4,2,2,2,,False,True,9860,False,local
2024-12-28 18:56:44+00:00,3,LY＃863,2,2,0,KEKW＃849,4,21,1,2,,False,True,16564,False,local
2024-12-28 19:01:41+00:00,32,LY＃863,2,2,0,KEKW＃849,4,4,1,2,,False,True,17427,False,local
2024-12-28 19:07:05+00:00,2,LY＃863,2,19,0,KEKW＃849,4,23,2,2,,False,True,8539,False,local
2024-12-28 19:09:40+00:00,8,LY＃863,2,19,0,KEKW＃849,4,23,2,2,,False,True,6227,False,local
2024-12-28 19:11:48+00:00,32,LY＃863,2,2,0,KEKW＃849,4,20,1,2,,False,True,13120,False,local
2024-12-28 19:15:42+00:00,2,LY＃863,2,2,0,KEKW＃849,4,5,2,2,,False,True,10639,False,local
2024-12-28 19:19:07+00:00,3,LY＃863,2,22,0,KEKW＃849,4,21,1,2,,False,True,12936,False,local
2024-12-28 19:22:59+00:00,28,LY＃863,2,19,1,KEKW＃849,4,2,0,2,,True,False,11772,False,local
2024-12-28 19:26:51+00:00,31,LY＃863,2,11,0,KEKW＃849,4,0,3,2,,False,True,10436,False,local
2024-12-29 14:28:36+00:00,3,LY＃863,2,12,0,KEKW＃849,4,1,1,2,,False,True,15876,False,local
2024-12-29 14:33:37+00:00,2,LY＃863,2,0,0,KEKW＃849,4,1,3,2,,False,True,6669,False,local
2024-12-29 14:35:41+00:00,31,LY＃863,2,22,0,KEKW＃849,4,15,2,2,,False,True,10477,False,local
2024-12-29 14:39:04+00:00,32,LY＃863,2,2,0,KEKW＃849,4,3,2,2,,False,True,11144,False,local
2024-12-29 14:42:28+00:00,8,LY＃863,2,15,0,KEKW＃849,4,22,2,2,,False,True,10487,False,local
2024-12-29 14:45:36+00:00,28,LY＃863,2,13,0,KEKW＃849,4,8,2,2,,False,True,17717,False,local
2024-12-29 14:50:47+00:00,28,LY＃863,2,12,0,KEKW＃849,4,22,1,2,,False,True,13058,False,local
2024-12-29 14:55:15+00:00,3,LY＃863,2,13,0,KEKW＃849,4,15,3,2,,False,True,12413,False,local
2024-12-29 14:59:07+00:00,2,LY＃863,2,1,0,KEKW＃849,4,22,1,2,,False,True,13805,False,local
2024-12-29 15:03:33+00:00,31,LY＃863,2,3,0,KEKW＃849,4,13,2,2,,False,True,8818,False,local
2024-12-29 15:06:26+00:00,32,LY＃863,2,23,4,KEKW＃849,4,1,0,2,,True,False,5517,False,local
2024-12-29 15:08:55+00:00,8,LY＃863,2,9,0,KEKW＃849,4,20,2,2,,False,True,12020,False,local
2024-12-29 15:12:42+00:00,32,LY＃863,2,20,0,KEKW＃849,4,8,2,2,,False,True,8690,False,local
2024-12-29 15:15:29+00:00,8,LY＃863,2,15,0,KEKW＃849,4,8,2,2,,False,True,13503,False,local
2024-12-29 15:19:43+00:00,2,LY＃863,2,8,1,KEKW＃849,4,13,0,2,,True,False,14632,False,local
2024-12-29 15:24:44+00:00,28,LY＃863,2,2,0,KEKW＃849,4,20,2,2,,False,True,11003,False,local
2024-12-29 15:28:01+00:00,31,LY＃863,2,1,0,KEKW＃849,4,13,2,2,,False,True,9950,False,local
2024-12-29 15:31:13+00:00,3,LY＃863,2,23,0,KEKW＃849,4,0,1,2,,False,True,13986,False,local
2024-12-29 15:35:24+00:00,2,LY＃863,2,8,1,KEKW＃849,4,1,0,2,,True,False,12934,False,local
2024-12-29 15:39:46+00:00,8,LY＃863,2,15,0,KEKW＃849,4,20,2,2,,False,True,10008,False,local
2024-12-29 15:42:50+00:00,32,LY＃863,2,23,0,KEKW＃849,4,12,3,2,,False,True,13454,False,local
2024-12-29 15:47:26+00:00,3,LY＃863,2,12,2,KEKW＃849,4,23,0,2,,True,False,12482,False,local
2024-12-29 16:29:34+00:00,28,LY＃863,2,15,0,KEKW＃849,4,23,2,2,,False,True,10260,False,local
2024-12-29 16:32:52+00:00,31,LY＃863,2,9,3,KEKW＃849,4,3,0,2,,True,False,4495,False,local
2024-12-29 16:34:28+00:00,32,LY＃863,2,23,0,KEKW＃849,4,23,1,2,,False,True,10455,False,local
2024-12-29 16:37:53+00:00,28,LY＃863,2,8,0,KEKW＃849,4,23,2,2,,False,True,13361,False,local
2024-12-29 16:41:50+00:00,31,LY＃863,2,23,0,KEKW＃849,4,8,1,2,,False,True,12975,False,local
2024-12-29 16:46:30+00:00,8,LY＃863,2,23,1,KEKW＃849,4,0,0,2,,True,False,10634,False,local
2024-12-29 16:50:25+00:00,2,LY＃863,2,23,0,KEKW＃849,4,2,2,2,,False,True,9288,False,local
2024-12-29 16:54:30+00:00,3,LY＃863,2,1,0,KEKW＃849,4,15,1,2,,False,True,13567,False,local
2024-12-29 16:58:32+00:00,3,LY＃863,2,1,0,KEKW＃849,4,12,2,2,,False,True,10801,False,local
2024-12-29 17:02:10+00:00,8,LY＃863,2,0,0,KEKW＃849,4,8,2,2,,False,True,10316,False,local
2024-12-29 17:05:16+00:00,28,LY＃863,2,22,0,KEKW＃849,4,12,2,2,,False,True,11505,False,local
2024-12-29 17:09:06+00:00,2,LY＃863,2,9,1,KEKW＃849,4,13,0,2,,True,False,12732,False,local
2024-12-29 17:13:33+00:00,31,LY＃863,2,22,0,KEKW＃849,4,20,2,2,,False,True,12556,False,local
2024-12-29 17:17:24+00:00,32,LY＃863,2,12,0,KEKW＃849,4,12,2,2,,False,True,11017,False,local
2024-12-29 17:21:01+00:00,31,LY＃863,2,9,0,KEKW＃849,4,13,2,2,,False,True,13248,False,local
2024-12-29 17:25:21+00:00,3,LY＃863,2,13,0,KEKW＃849,4,0,1,2,,False,True,13124,False,local
2024-12-29 17:30:06+00:00,2,LY＃863,2,8,0,KEKW＃849,4,8,2,2,,False,True,13402,False,local
2024-12-29 17:34:04+00:00,28,LY＃863,2,8,0,KEKW＃849,4,12,3,2,,False,True,13166,False,local
2024-12-29 17:38:46+00:00,32,LY＃863,2,0,0,KEKW＃849,4,8,2,2,,False,True,12353,False,local
2024-12-29 17:42:30+00:00,8,LY＃863,2,9,3,KEKW＃849,4,3,0,2,,True,False,7377,False,local
2024-12-29 17:45:18+00:00,32,LY＃863,2,20,0,KEKW＃849,4,19,2,2,,False,True,11037,False,local
2024-12-29 17:48:49+00:00,31,LY＃863,2,20,0,KEKW＃849,4,8,2,2,,False,True,10323,False,local
2024-12-29 17:52:01+00:00,3,LY＃863,2,9,2,KEKW＃849,4,22,0,2,,True,False,7674,False,local
2024-12-29 17:55:32+00:00,8,LY＃863,2,19,0,KEKW＃849,4,2,1,2,,False,True,8872,False,local
2024-12-29 17:58:17+00:00,2,LY＃863,2,0,0,KEKW＃849,4,9,2,2,,False,True,7036,False,local
2024-12-29 18:00:33+00:00,28,LY＃863,2,15,2,KEKW＃849,4,12,0,2,,True,False,16284,False,local
2024-12-29 18:05:29+00:00,2,LY＃863,2,1,0,KEKW＃849,4,2,4,2,,False,True,8588,False,local
2024-12-29 18:08:36+00:00,8,LY＃863,2,1,0,KEKW＃849,4,8,2,2,,False,True,7176,False,local
2024-12-29 18:11:27+00:00,3,LY＃863,2,13,0,KEKW＃849,4,3,2,2,,False,True,10201,False,local
2024-12-29 18:15:16+00:00,28,LY＃863,2,23,0,KEKW＃849,4,9,3,2,,False,True,9207,False,local
2024-12-29 18:18:13+00:00,31,LY＃863,2,12,1,KEKW＃849,4,13,0,2,,True,False,15842,False,local
2024-12-29 18:23:09+00:00,32,LY＃863,2,15,0,KEKW＃849,4,19,2,2,,False,True,12474,False,local
2024-12-29 18:26:55+00:00,3,LY＃863,2,15,3,KEKW＃849,4,23,0,2,,True,False,11154,False,local
2024-12-29 18:30:36+00:00,32,LY＃863,2,9,0,KEKW＃849,4,2,3,2,,False,True,9505,False,local
2024-12-29 18:34:48+00:00,28,LY＃863,2,23,0,KEKW＃849,4,19,1,2,,False,True,15757,False,local
2024-12-29 18:39:31+00:00,2,LY＃863,2,9,2,KEKW＃849,4,22,0,2,,True,False,8592,False,local
2024-12-29 18:42:19+00:00,31,LY＃863,2,9,0,KEKW＃849,4,2,1,2,,False,True,11187,False,local
2024-12-29 18:45:53+00:00,8,LY＃863,2,9,3,KEKW＃849,4,3,0,2,,True,False,6722,False,local
2024-12-29 18:48:00+00:00,31,LY＃863,2,20,0,KEKW＃849,4,20,2,2,,False,True,8775,False,local
2024-12-29 18:50:57+00:00,28,LY＃863,2,13,0,KEKW＃849,4,3,3,2,,False,True,12014,False,local
2024-12-29 18:54:34+00:00,8,LY＃863,2,12,0,KEKW＃849,4,8,3,2,,False,True,9737,False,local
2024-12-29 18:59:58+00:00,3,LY＃863,2,19,2,KEKW＃849,4,23,0,2,,True,False,8600,False,local
2024-12-29 19:02:49+00:00,2,LY＃863,2,2,0,KEKW＃849,4,19,1,2,,False,True,12606,False,local
2024-12-29 19:07:42+00:00,32,LY＃863,2,19,0,KEKW＃849,4,23,2,2,,False,True,9660,False,local
2024-12-29 19:10:31+00:00,2,LY＃863,2,19,2,KEKW＃849,4,23,0,2,,True,False,11572,False,local
2024-12-29 19:13:59+00:00,3,LY＃863,2,1,0,KEKW＃849,4,2,4,2,,False,True,8175,False,local
2024-12-29 19:16:34+00:00,28,LY＃863,2,3,3,KEKW＃849,4,23,0,2,,True,False,9092,False,local
2024-12-29 19:20:18+00:00,31,LY＃863,2,9,0,KEKW＃849,4,20,2,2,,False,True,10198,False,local
2024-12-29 19:23:23+00:00,8,LY＃863,2,19,2,KEKW＃849,4,23,0,2,,True,False,10241,False,local
2024-12-29 19:26:35+00:00,32,LY＃863,2,22,0,KEKW＃849,4,20,1,2,,False,True,10388,False,local
2024-12-29 19:29:42+00:00,15,LY＃863,2,18,4,KEKW＃849,4,19,4,7,2,True,False,1,False,local
2024-12-29 19:30:02+00:00,32,LY＃863,2,19,0,KEKW＃849,4,19,3,2,,False,True,9945,False,local
2024-12-29 19:32:57+00:00,3,LY＃863,2,19,1,KEKW＃849,4,19,0,2,,True,False,13201,False,local
2024-12-29 19:37:18+00:00,28,LY＃863,2,3,0,KEKW＃849,4,19,2,2,,False,True,9440,False,local
2024-12-29 19:40:06+00:00,2,LY＃863,2,19,0,KEKW＃849,4,19,2,2,,False,True,10185,False,local
2024-12-29 19:43:04+00:00,8,LY＃863,2,19,0,KEKW＃849,4,19,1,2,,False,True,11702,False,local
2024-12-29 19:46:35+00:00,31,LY＃863,2,19,0,KEKW＃849,4,22,1,2,,False,True,11593,False,local
2024-12-29 19:49:57+00:00,32,LY＃863,2,19,0,KEKW＃849,4,22,2,2,,False,True,8497,False,local
2024-12-29 19:52:29+00:00,31,LY＃863,2,19,0,KEKW＃849,4,20,1,2,,False,True,7522,False,local
2024-12-29 19:54:47+00:00,3,LY＃863,2,3,0,KEKW＃849,4,9,2,2,,False,True,11358,False,local
2024-12-29 19:58:11+00:00,8,LY＃863,2,3,0,KEKW＃849,4,9,2,2,,False,True,7887,False,local
2024-12-29 20:00:38+00:00,2,LY＃863,2,19,0,KEKW＃849,4,22,3,2,,False,True,7513,False,local
2024-12-29 20:02:53+00:00,28,LY＃863,2,19,2,KEKW＃849,4,23,0,2,,True,False,12269,False,local
2024-12-29 20:07:00+00:00,31,LY＃863,2,20,0,KEKW＃849,4,9,2,2,,False,True,10094,False,local
2024-12-29 20:10:03+00:00,32,LY＃863,2,19,0,KEKW＃849,4,19,3,2,,False,True,7075,False,local
2024-12-29 20:12:31+00:00,8,LY＃863,2,19,1,KEKW＃849,4,15,0,2,,True,False,11957,False,local
2024-12-31 18:25:00+00:00,28,LY＃863,2,23,0,KEKW＃849,4,22,2,2,,False,True,11125,False,local
2024-12-31 18:32:42+00:00,3,LY＃863,2,19,0,KEKW＃849,4,15,1,2,,False,True,19512,False,local
2024-12-31 18:38:30+00:00,31,LY＃863,2,19,2,KEKW＃849,4,15,0,2,,True,False,10346,False,local
2024-12-31 18:42:25+00:00,2,LY＃863,2,23,0,KEKW＃849,4,9,2,2,,False,True,10097,False,local
2024-12-31 18:46:44+00:00,8,LY＃863,2,19,2,KEKW＃849,4,22,0,2,,True,False,15384,False,local
2024-12-31 18:51:18+00:00,32,LY＃863,2,23,0,KEKW＃849,4,9,2,2,,False,True,8444,False,local
2024-12-31 18:54:10+00:00,28,LY＃863,2,2,0,KEKW＃849,4,22,2,2,,False,True,11688,False,local
2024-12-31 18:57:50+00:00,31,LY＃863,2,19,2,KEKW＃849,4,3,0,2,,True,False,8341,False,local
2024-12-31 19:00:24+00:00,3,LY＃863,2,12,0,KEKW＃849,4,9,3,2,,False,True,10972,False,local
2024-12-31 19:03:53+00:00,32,LY＃863,2,2,0,KEKW＃849,4,0,2,2,,False,True,12932,False,local
2024-12-31 19:08:09+00:00,8,LY＃863,2,19,1,KEKW＃849,4,15,0,2,,True,False,11681,False,local
2024-12-31 19:32:23+00:00,32,LY＃863,2,2,4,KEKW＃849,4,2,4,7,4,True,False,14,False,local
2024-12-31 19:32:36+00:00,32,LY＃863,2,2,4,KEKW＃849,4,2,4,7,4,True,False,3,False,local
2024-12-31 19:32:46+00:00,32,LY＃863,2,2,4,KEKW＃849,4,2,4,7,2,False,True,21160,False,local
2024-12-31 19:38:47+00:00,32,LY＃863,2,19,4,KEKW＃849,4,2,4,7,2,True,False,139,False,local
2024-12-31 19:38:58+00:00,31,LY＃863,2,19,4,KEKW＃849,4,2,4,7,2,False,True,76135,False,local
2025-01-01 17:40:44+00:00,28,LY＃863,2,0,0,KEKW＃849,4,23,2,2,,False,True,11025,False,local
2025-01-01 17:47:19+00:00,32,LY＃863,2,9,1,KEKW＃849,4,15,0,2,,True,False,13080,False,local
2025-01-01 17:52:53+00:00,3,LY＃863,2,22,0,KEKW＃849,4,19,3,2,,False,True,7696,False,local
2025-01-01 17:58:22+00:00,31,LY＃863,2,22,0,KEKW＃849,4,3,2,2,,False,True,7663,False,local
2025-01-01 18:00:42+00:00,8,LY＃863,2,12,0,KEKW＃849,4,9,1,2,,False,True,8195,False,local
2025-01-01 18:03:21+00:00,2,LY＃863,2,3,0,KEKW＃849,4,3,1,2,,False,True,9145,False,local
2025-01-01 18:06:37+00:00,32,LY＃863,2,15,1,KEKW＃849,4,19,0,2,,True,False,11511,False,local
2025-01-01 18:10:23+00:00,3,LY＃863,2,9,1,KEKW＃849,4,2,0,2,,True,False,9198,False,local
2025-01-01 18:13:07+00:00,2,LY＃863,2,9,0,KEKW＃849,4,2,1,2,,False,True,10249,False,local
2025-01-01 18:16:26+00:00,31,LY＃863,2,23,2,KEKW＃849,4,22,0,2,,True,False,7246,False,local
2025-01-01 18:18:40+00:00,28,LY＃863,2,9,2,KEKW＃849,4,2,0,2,,True,False,8454,False,local
2025-01-01 18:21:18+00:00,8,LY＃863,2,9,0,KEKW＃849,4,2,2,2,,False,True,9867,False,local
2025-01-01 18:25:13+00:00,8,LY＃863,2,0,0,KEKW＃849,4,22,3,2,,False,True,7166,False,local
2025-01-01 18:27:37+00:00,32,LY＃863,2,20,0,KEKW＃849,4,12,3,2,,False,True,10218,False,local
2025-01-01 18:31:29+00:00,31,LY＃863,2,23,0,KEKW＃849,4,19,3,2,,False,True,8333,False,local
2025-01-01 18:34:20+00:00,2,LY＃863,2,23,0,KEKW＃849,4,15,2,2,,False,True,13501,False,local
2025-01-01 18:38:25+00:00,3,LY＃863,2,22,0,KEKW＃849,4,19,3,2,,False,True,12445,False,local
2025-01-01 18:42:14+00:00,28,LY＃863,2,23,0,KEKW＃849,4,0,3,2,,False,True,12411,False,local
2025-01-01 18:45:57+00:00,3,LY＃863,2,23,0,KEKW＃849,4,9,3,2,,False,True,8324,False,local
2025-01-01 18:48:40+00:00,28,LY＃863,2,23,0,KEKW＃849,4,0,3,2,,False,True,14391,False,local
2025-01-01 19:02:47+00:00,31,LY＃863,2,19,3,KEKW＃849,4,22,0,2,,True,False,11560,False,local
2025-01-01 20:32:18+00:00,32,LY＃863,2,23,0,KEKW＃849,4,23,3,2,,False,True,6580,False,local
2025-01-01 20:34:39+00:00,8,LY＃863,2,22,0,KEKW＃849,4,0,2,2,,False,True,10562,False,local
2025-01-01 20:38:09+00:00,3,LY＃863,2,22,0,KEKW＃849,4,19,1,2,,False,True,17217,False,local
2025-01-01 20:43:29+00:00,31,LY＃863,2,23,0,KEKW＃849,4,15,3,2,,False,True,6653,False,local
2025-01-01 20:46:34+00:00,2,LY＃863,2,0,0,KEKW＃849,4,22,2,2,,False,True,9085,False,local
2025-01-01 20:49:32+00:00,32,LY＃863,2,22,0,KEKW＃849,4,0,2,2,,False,True,12579,False,local
2025-01-01 20:53:20+00:00,8,LY＃863,2,22,0,KEKW＃849,4,0,1,2,,False,True,11291,False,local
2025-01-01 20:56:40+00:00,28,LY＃863,2,22,1,KEKW＃849,4,0,0,2,,True,False,11874,False,local
2025-01-01 21:01:00+00:00,8,LY＃863,2,9,0,KEKW＃849,4,2,2,2,,False,True,10176,False,local
2025-01-01 21:04:10+00:00,3,LY＃863,2,23,0,KEKW＃849,4,23,3,2,,False,True,8481,False,local
2025-01-01 21:07:05+00:00,31,LY＃863,2,15,1,KEKW＃849,4,0,0,2,,True,False,13707,False,local
2025-01-01 21:11:49+00:00,2,LY＃863,2,9,0,KEKW＃849,4,2,1,2,,False,True,10173,False,local
2025-01-01 21:14:59+00:00,28,LY＃863,2,0,0,KEKW＃849,4,22,2,2,,False,True,11625,False,local
2025-01-01 21:18:32+00:00,32,LY＃863,2,22,0,KEKW＃849,4,15,2,2,,False,True,10128,False,local
2025-01-01 21:21:46+00:00,3,LY＃863,2,0,0,KEKW＃849,4,22,2,2,,False,True,10327,False,local
2025-01-01 21:25:15+00:00,31,LY＃863,2,22,0,KEKW＃849,4,15,2,2,,False,True,10865,False,local
2025-01-01 21:28:34+00:00,28,LY＃863,2,15,0,KEKW＃849,4,0,2,2,,False,True,11117,False,local
2025-01-01 21:32:41+00:00,32,LY＃863,2,2,0,KEKW＃849,4,20,2,2,,False,True,8337,False,local
2025-01-01 21:35:19+00:00,8,LY＃863,2,15,0,KEKW＃849,4,9,3,2,,False,True,9981,False,local
2025-01-01 21:38:14+00:00,2,LY＃863,2,15,0,KEKW＃849,4,9,4,2,,False,True,7580,False,local
2025-01-01 21:40:34+00:00,31,LY＃863,2,15,0,KEKW＃849,4,22,2,2,,False,True,12364,False,local
2025-01-01 21:44:22+00:00,32,LY＃863,2,15,0,KEKW＃849,4,22,3,2,,False,True,10447,False,local
2025-01-01 21:47:40+00:00,8,LY＃863,2,15,2,KEKW＃849,4,0,0,2,,True,False,9984,False,local
2025-01-01 21:51:04+00:00,2,LY＃863,2,9,0,KEKW＃849,4,2,1,2,,False,True,10903,False,local
2025-01-01 21:54:46+00:00,3,LY＃863,2,15,0,KEKW＃849,4,22,2,2,,False,True,11693,False,local
2025-01-01 21:59:11+00:00,28,LY＃863,2,19,2,KEKW＃849,4,0,0,2,,True,False,13091,False,local
2025-01-01 22:03:13+00:00,8,LY＃863,2,15,0,KEKW＃849,4,22,1,2,,False,True,13375,False,local
2025-01-01 22:07:20+00:00,2,LY＃863,2,19,0,KEKW＃849,4,23,1,2,,False,True,10708,False,local
2025-01-01 22:10:38+00:00,31,LY＃863,2,15,0,KEKW＃849,4,9,2,2,,False,True,8850,False,local
2025-01-01 22:13:28+00:00,32,LY＃863,2,19,0,KEKW＃849,4,19,1,2,,False,True,10411,False,local
2025-01-01 22:16:41+00:00,28,LY＃863,2,19,1,KEKW＃849,4,22,0,2,,True,False,14341,False,local
2025-01-01 22:20:53+00:00,3,LY＃863,2,22,0,KEKW＃849,4,15,3,2,,False,True,8291,False,local
2025-01-01 22:23:26+00:00,32,LY＃863,2,19,0,KEKW＃849,4,19,2,2,,False,True,10239,False,local
2025-01-01 22:26:30+00:00,31,LY＃863,2,19,4,KEKW＃849,4,22,0,2,,True,False,5099,False,local
2025-01-01 22:28:08+00:00,8,LY＃863,2,22,0,KEKW＃849,4,15,2,2,,False,True,10116,False,local
2025-01-01 22:37:00+00:00,28,LY＃863,2,19,0,KEKW＃849,4,2,1,2,,False,True,13150,False,local
2025-01-06 14:12:37+00:00,2,LY＃863,1,22,0,KEKW＃849,2,23,2,2,,False,True,12289,False,netplay
2025-01-06 14:16:50+00:00,28,LY＃863,1,0,0,KEKW＃849,2,19,3,2,,False,True,9763,False,netplay
2025-01-06 14:19:53+00:00,32,LY＃863,1,0,0,KEKW＃849,2,20,2,2,,False,True,8115,False,netplay
2025-01-06 14:22:41+00:00,3,LY＃863,1,9,0,KEKW＃849,2,9,1,2,,False,True,13186,False,netplay
2025-01-06 14:26:48+00:00,2,LY＃863,1,2,0,KEKW＃849,2,0,2,2,,False,True,10100,False,netplay
2025-01-06 14:29:57+00:00,8,LY＃863,1,2,0,KEKW＃849,2,2,2,2,,False,True,10501,False,netplay
2025-01-06 14:33:03+00:00,31,LY＃863,1,2,0,KEKW＃849,2,12,3,2,,False,True,11473,False,netplay
2025-01-06 14:36:40+00:00,31,LY＃863,1,20,0,KEKW＃849,2,19,1,2,,False,True,12714,False,netplay
2025-01-06 14:40:31+00:00,28,LY＃863,1,2,0,KEKW＃849,2,20,3,2,,False,True,7200,False,netplay
2025-01-06 14:43:03+00:00,2,LY＃863,1,2,0,KEKW＃849,2,9,1,2,,False,True,11445,False,netplay
2025-01-06 14:46:27+00:00,3,LY＃863,1,2,0,KEKW＃849,2,2,3,2,,False,True,7748,False,netplay
2025-01-06 14:48:49+00:00,8,LY＃863,1,2,1,KEKW＃849,2,25,0,2,,True,False,11538,False,netplay
2025-01-06 14:52:15+00:00,32,LY＃863,1,2,0,KEKW＃849,2,15,3,2,,False,True,6700,False,netplay
2025-01-06 14:54:17+00:00,32,LY＃863,1,2,0,KEKW＃849,2,20,3,2,,False,True,7469,False,netplay
2025-01-06 14:56:32+00:00,2,LY＃863,1,2,1,KEKW＃849,2,3,0,2,,True,False,11420,False,netplay
2025-01-06 14:59:59+00:00,2,LY＃863,1,2,0,KEKW＃849,2,19,4,2,,False,True,6988,False,netplay
2025-01-06 15:02:04+00:00,28,LY＃863,1,2,0,KEKW＃849,2,9,1,2,,False,True,11549,False,netplay
2025-01-06 15:05:36+00:00,8,LY＃863,1,2,0,KEKW＃849,2,2,3,2,,False,True,6766,False,netplay
2025-01-06 15:08:18+00:00,31,LY＃863,1,2,0,KEKW＃849,2,20,1,2,,False,True,9077,False,netplay
2025-01-06 15:11:08+00:00,32,LY＃863,1,2,0,KEKW＃849,2,22,1,2,,False,True,11181,False,netplay
2025-01-06 15:14:25+00:00,3,LY＃863,1,2,0,KEKW＃849,2,9,3,2,,False,True,9996,False,netplay
2025-01-06 15:17:23+00:00,31,LY＃863,1,2,0,KEKW＃849,2,2,4,2,,False,True,7293,False,netplay
2025-01-06 15:20:03+00:00,2,LY＃863,1,2,2,KEKW＃849,2,5,3,7,0,False,True,5373,False,netplay
2025-01-06 15:25:37+00:00,32,LY＃863,2,2,0,KEKW＃849,1,5,1,2,,False,True,13210,False,netplay
2025-01-06 15:29:51+00:00,32,LY＃863,2,2,0,KEKW＃849,1,25,2,2,,False,True,16749,False,netplay
2025-01-06 15:34:46+00:00,8,LY＃863,2,2,0,KEKW＃849,1,10,2,2,,False,True,11999,False,netplay
2025-01-06 15:38:37+00:00,3,LY＃863,2,2,0,KEKW＃849,1,2,4,2,,False,True,7801,False,netplay
2025-01-06 15:40:57+00:00,28,LY＃863,2,2,0,KEKW＃849,1,20,1,2,,False,True,12143,False,netplay
2025-01-06 15:44:30+00:00,28,LY＃863,2,2,0,KEKW＃849,1,20,2,2,,False,True,10702,False,netplay
2025-01-06 15:47:54+00:00,32,LY＃863,2,2,0,KEKW＃849,1,19,2,2,,False,True,11279,False,netplay
2025-01-06 15:51:49+00:00,8,LY＃863,2,2,0,KEKW＃849,1,9,2,2,,False,True,12629,False,netplay
2025-01-06 15:55:39+00:00,31,LY＃863,2,2,0,KEKW＃849,1,21,1,2,,False,True,14446,False,netplay
2025-01-06 15:59:53+00:00,3,LY＃863,2,19,0,KEKW＃849,1,14,1,2,,False,True,15283,False,netplay
2025-01-06 16:04:32+00:00,2,LY＃863,2,19,0,KEKW＃849,1,20,3,2,,False,True,9708,False,netplay
2025-01-06 16:07:23+00:00,3,LY＃863,2,19,0,KEKW＃849,1,9,1,2,,False,True,14625,False,netplay
2025-01-06 16:11:38+00:00,31,LY＃863,2,19,4,KEKW＃849,1,9,0,2,,True,False,6808,False,netplay
2025-01-06 16:13:39+00:00,2,LY＃863,2,19,1,KEKW＃849,1,9,0,2,,True,False,10726,False,netplay
2025-01-06 16:16:48+00:00,31,LY＃863,2,19,0,KEKW＃849,1,9,2,2,,False,True,11301,False,netplay
2025-01-06 16:20:06+00:00,32,LY＃863,2,19,3,KEKW＃849,1,9,0,2,,True,False,9822,False,netplay
2025-01-06 16:23:07+00:00,28,LY＃863,2,19,0,KEKW＃849,1,9,1,2,,False,True,9543,False,netplay
2025-01-06 16:26:10+00:00,28,LY＃863,2,19,0,KEKW＃849,1,2,2,2,,False,True,11278,False,netplay
2025-01-06 16:29:32+00:00,2,LY＃863,2,19,0,KEKW＃849,1,2,3,2,,False,True,7014,False,netplay
2025-01-06 16:31:43+00:00,8,LY＃863,2,19,0,KEKW＃849,1,0,1,2,,False,True,15596,False,netplay
2025-01-06 16:36:14+00:00,3,LY＃863,2,19,1,KEKW＃849,1,9,0,2,,True,False,10698,False,netplay
2025-01-06 16:39:22+00:00,3,LY＃863,2,19,0,KEKW＃849,1,9,3,2,,False,True,8141,False,netplay
2025-01-06 16:41:46+00:00,32,LY＃863,2,19,1,KEKW＃849,1,9,0,2,,True,False,9197,False,netplay
2025-01-06 16:45:11+00:00,32,LY＃863,2,19,0,KEKW＃849,1,20,3,2,,False,True,7564,False,netplay
2025-01-06 16:47:40+00:00,31,LY＃863,2,2,0,KEKW＃849,1,12,1,2,,False,True,10320,False,netplay
2025-01-06 16:50:50+00:00,2,LY＃863,2,2,0,KEKW＃849,1,19,1,2,,False,True,8660,False,netplay
2025-01-06 16:53:24+00:00,8,LY＃863,2,9,0,KEKW＃849,1,19,2,2,,False,True,10049,False,netplay
2025-01-06 16:56:20+00:00,28,LY＃863,2,9,0,KEKW＃849,1,2,2,2,,False,True,8453,False,netplay
2025-01-06 16:58:51+00:00,3,LY＃863,2,9,0,KEKW＃849,1,20,2,2,,False,True,9400,False,netplay
2025-01-06 17:01:56+00:00,31,LY＃863,2,9,0,KEKW＃849,1,9,1,2,,False,True,8230,False,netplay
2025-01-19 15:21:53+00:00,2,LY＃863,1,0,1,KEKW＃849,2,22,0,2,,True,False,10359,False,netplay
2025-01-19 15:25:02+00:00,3,LY＃863,1,0,2,KEKW＃849,2,23,0,2,,True,False,12508,False,netplay
2025-01-19 15:29:10+00:00,32,LY＃863,1,22,0,KEKW＃849,2,19,1,2,,False,True,11085,False,netplay
2025-01-19 15:32:28+00:00,3,LY＃863,1,20,1,KEKW＃849,2,12,0,2,,True,False,12803,False,netplay
2025-01-19 15:36:27+00:00,31,LY＃863,1,2,1,KEKW＃849,2,9,0,2,,True,False,8261,False,netplay
2025-01-19 15:39:00+00:00,8,LY＃863,1,2,1,KEKW＃849,2,20,0,2,,True,False,10939,False,netplay
2025-01-19 15:42:14+00:00,28,LY＃863,1,2,1,KEKW＃849,2,0,0,2,,True,False,16206,False,netplay
2025-01-19 15:47:08+00:00,2,LY＃863,1,9,0,KEKW＃849,2,20,1,2,,False,True,11171,False,netplay
2025-01-19 15:50:29+00:00,32,LY＃863,1,2,0,KEKW＃849,2,2,3,2,,False,True,5523,False,netplay
2025-01-19 15:52:09+00:00,2,LY＃863,1,2,0,KEKW＃849,2,2,1,2,,False,True,12425,False,netplay
2025-01-19 15:55:49+00:00,31,LY＃863,1,0,0,KEKW＃849,2,2,3,2,,False,True,8244,False,netplay
2025-01-19 15:58:19+00:00,28,LY＃863,1,19,2,KEKW＃849,2,9,0,2,,True,False,10206,False,netplay
2025-01-19 16:01:24+00:00,8,LY＃863,1,19,2,KEKW＃849,2,9,0,2,,True,False,10735,False,netplay
2025-01-19 16:04:35+00:00,3,LY＃863,1,19,0,KEKW＃849,2,20,2,2,,False,True,10513,False,netplay
2025-01-19 16:07:41+00:00,8,LY＃863,1,19,1,KEKW＃849,2,20,0,2,,True,False,7372,False,netplay
2025-01-19 16:10:25+00:00,28,LY＃863,1,19,2,KEKW＃849,2,9,0,2,,True,False,13214,False,netplay
2025-01-19 16:14:14+00:00,32,LY＃863,1,19,0,KEKW＃849,2,9,1,2,,False,True,12366,False,netplay
2025-01-19 16:17:48+00:00,31,LY＃863,1,19,1,KEKW＃849,2,9,0,2,,True,False,12554,False,netplay
2025-01-19 16:21:30+00:00,31,LY＃863,1,19,2,KEKW＃849,2,2,0,2,,True,False,14412,False,netplay
2025-01-19 16:25:38+00:00,2,LY＃863,1,19,0,KEKW＃849,2,2,4,2,,False,True,6202,False,netplay
2025-01-19 16:27:32+00:00,3,LY＃863,1,19,0,KEKW＃849,2,2,1,2,,False,True,15536,False,netplay
2025-01-19 16:32:04+00:00,28,LY＃863,1,19,1,KEKW＃849,2,2,0,2,,True,False,10327,False,netplay
2025-01-19 16:35:07+00:00,2,LY＃863,1,19,0,KEKW＃849,2,2,2,2,,False,True,7636,False,netplay
2025-01-19 16:37:23+00:00,32,LY＃863,1,19,0,KEKW＃849,2,2,3,2,,False,True,8663,False,netplay
2025-01-19 16:39:55+00:00,2,LY＃863,1,19,0,KEKW＃849,2,2,1,2,,False,True,12588,False,netplay
2025-01-19 16:43:39+00:00,8,LY＃863,1,9,0,KEKW＃849,2,2,1,2,,False,True,13142,False,netplay
2025-01-19 16:47:42+00:00,2,LY＃863,1,15,0,KEKW＃849,2,19,2,2,,False,True,13708,False,netplay
2025-01-19 16:52:52+00:00,3,LY＃863,1,2,1,KEKW＃849,2,20,0,2,,True,False,12278,False,netplay
2025-01-19 16:56:27+00:00,32,LY＃863,1,2,0,KEKW＃849,2,20,3,2,,False,True,7459,False,netplay
2025-01-19 16:58:43+00:00,8,LY＃863,1,2,0,KEKW＃849,2,12,3,2,,False,True,5166,False,netplay
2025-01-19 17:00:22+00:00,32,LY＃863,1,2,0,KEKW＃849,2,9,2,2,,False,True,11640,False,netplay
2025-01-19 17:03:48+00:00,31,LY＃863,1,19,0,KEKW＃849,2,2,3,2,,False,True,7681,False,netplay
2025-01-19 17:06:06+00:00,28,LY＃863,1,19,0,KEKW＃849,2,9,1,2,,False,True,10749,False,netplay
2025-01-19 17:09:14+00:00,3,LY＃863,1,19,0,KEKW＃849,2,9,3,2,,False,True,8848,False,netplay
2025-01-19 17:11:49+00:00,8,LY＃863,1,19,1,KEKW＃849,2,9,0,2,,True,False,8231,False,netplay
2025-01-19 17:14:15+00:00,3,LY＃863,1,19,0,KEKW＃849,2,9,2,2,,False,True,16322,False,netplay
2025-01-19 17:18:59+00:00,32,LY＃863,1,19,3,KEKW＃849,2,9,0,2,,True,False,8940,False,netplay
2025-01-19 17:21:39+00:00,8,LY＃863,1,19,0,KEKW＃849,2,2,2,2,,False,True,7956,False,netplay
2025-01-19 17:24:00+00:00,31,LY＃863,1,19,0,KEKW＃849,2,2,3,2,,False,True,5631,False,netplay
2025-01-19 17:25:51+00:00,2,LY＃863,1,19,0,KEKW＃849,2,20,2,2,,False,True,6580,False,netplay
2025-01-19 17:27:49+00:00,28,LY＃863,1,19,3,KEKW＃849,2,20,0,2,,True,False,7942,False,netplay
2025-01-19 17:30:10+00:00,31,LY＃863,1,19,2,KEKW＃849,2,20,0,2,,True,False,13819,False,netplay
2025-01-19 17:34:21+00:00,28,LY＃863,1,19,0,KEKW＃849,2,2,1,2,,False,True,15375,False,netplay
2025-01-19 17:38:47+00:00,2,LY＃863,1,2,0,KEKW＃849,2,2,3,2,,False,True,6513,False,netplay
2025-01-19 17:40:45+00:00,32,LY＃863,1,2,0,KEKW＃849,2,2,3,2,,False,True,8004,False,netplay
2025-01-19 17:43:07+00:00,8,LY＃863,1,2,0,KEKW＃849,2,19,1,2,,False,True,9313,False,netplay
2025-01-19 17:45:50+00:00,3,LY＃863,1,2,2,KEKW＃849,2,19,0,2,,True,False,11037,False,netplay
2025-01-19 17:49:02+00:00,3,LY＃863,1,2,0,KEKW＃849,2,19,1,2,,False,True,14043,False,netplay
2025-01-19 17:53:07+00:00,28,LY＃863,1,2,0,KEKW＃849,2,19,1,2,,False,True,14345,False,netplay
2025-01-19 17:57:15+00:00,31,LY＃863,1,2,0,KEKW＃849,2,19,2,2,,False,True,6040,False,netplay
2025-01-19 17:59:04+00:00,28,LY＃863,1,2,1,KEKW＃849,2,19,0,2,,True,False,14457,False,netplay
2025-01-19 18:03:16+00:00,2,LY＃863,1,2,1,KEKW＃849,2,19,0,2,,True,False,12784,False,netplay
2025-01-19 18:06:59+00:00,31,LY＃863,1,2,0,KEKW＃849,2,19,1,2,,False,True,13410,False,netplay
2025-01-19 18:10:51+00:00,2,LY＃863,1,2,0,KEKW＃849,2,19,2,2,,False,True,9506,False,netplay
2025-01-19 18:13:43+00:00,31,LY＃863,1,2,0,KEKW＃849,2,25,1,2,,False,True,15831,False,netplay
2025-01-19 18:18:23+00:00,8,LY＃863,1,9,2,KEKW＃849,2,23,0,2,,True,False,7455,False,netplay
2025-01-19 18:20:43+00:00,28,LY＃863,1,9,2,KEKW＃849,2,20,0,2,,True,False,8248,False,netplay
2025-01-19 18:23:11+00:00,32,LY＃863,1,19,2,KEKW＃849,2,20,0,2,,True,False,9069,False,netplay
2025-01-19 18:25:52+00:00,8,LY＃863,1,19,3,KEKW＃849,2,2,0,2,,True,False,6645,False,netplay
2025-01-19 18:27:50+00:00,3,LY＃863,1,19,1,KEKW＃849,2,2,0,2,,True,False,13019,False,netplay
2025-01-19 18:31:35+00:00,31,LY＃863,1,19,1,KEKW＃849,2,2,0,2,,True,False,15375,False,netplay
2025-01-19 18:37:36+00:00,2,LY＃863,1,19,0,KEKW＃849,2,2,2,2,,False,True,12023,False,netplay
2025-01-19 18:41:07+00:00,32,LY＃863,1,19,1,KEKW＃849,2,2,0,2,,True,False,12409,False,netplay
2025-01-19 18:44:44+00:00,8,LY＃863,1,19,0,KEKW＃849,2,2,1,2,,False,True,12263,False,netplay
2025-01-19 18:48:20+00:00,3,LY＃863,1,2,0,KEKW＃849,2,2,2,2,,False,True,9558,False,netplay
2025-01-19 18:51:09+00:00,32,LY＃863,1,2,0,KEKW＃849,2,2,2,2,,False,True,9768,False,netplay
2025-01-19 18:54:07+00:00,8,LY＃863,1,2,0,KEKW＃849,2,9,4,2,,False,True,7447,False,netplay
2025-01-19 18:56:20+00:00,28,LY＃863,1,2,0,KEKW＃849,2,12,2,2,,False,True,9902,False,netplay
2025-01-19 18:59:22+00:00,31,LY＃863,1,2,0,KEKW＃849,2,15,3,2,,False,True,4948,False,netplay
2025-01-19 19:00:58+00:00,3,LY＃863,1,2,0,KEKW＃849,2,20,2,2,,False,True,5703,False,netplay
2025-01-19 19:02:43+00:00,2,LY＃863,1,2,0,KEKW＃849,2,19,1,2,,False,True,11863,False,netplay
2025-01-19 19:06:17+00:00,31,LY＃863,1,2,0,KEKW＃849,2,22,1,2,,False,True,12025,False,netplay
2025-02-02 16:55:31+00:00,8,LY＃863,2,0,1,KEKW＃849,1,22,0,2,,True,False,10204,False,netplay
2025-02-02 16:58:43+00:00,32,LY＃863,2,0,0,KEKW＃849,1,23,2,2,,False,True,10967,False,netplay
2025-02-02 17:02:12+00:00,2,LY＃863,2,20,0,KEKW＃849,1,19,2,2,,False,True,10862,False,netplay
2025-02-02 17:05:37+00:00,32,LY＃863,2,20,0,KEKW＃849,1,20,2,2,,False,True,6220,False,netplay
2025-02-02 17:07:32+00:00,8,LY＃863,2,20,0,KEKW＃849,1,19,1,2,,False,True,8571,False,netplay
2025-02-02 17:10:07+00:00,31,LY＃863,2,2,0,KEKW＃849,1,15,4,2,,False,True,4839,False,netplay
2025-02-02 17:12:14+00:00,3,LY＃863,2,2,0,KEKW＃849,1,22,1,2,,False,True,13472,False,netplay
2025-02-02 17:16:12+00:00,28,LY＃863,2,9,0,KEKW＃849,1,22,1,2,,False,True,13844,False,netplay
2025-02-02 17:20:33+00:00,28,LY＃863,2,20,0,KEKW＃849,1,9,3,2,,False,True,8048,False,netplay
2025-02-02 17:22:59+00:00,32,LY＃863,2,20,0,KEKW＃849,1,2,3,2,,False,True,6190,False,netplay
2025-02-02 17:24:51+00:00,8,LY＃863,2,20,0,KEKW＃849,1,20,1,2,,False,True,10032,False,netplay
2025-02-02 17:27:48+00:00,3,LY＃863,2,20,0,KEKW＃849,1,0,2,2,,False,True,11359,False,netplay
2025-02-02 17:31:15+00:00,2,LY＃863,2,9,3,KEKW＃849,1,21,0,2,,True,False,8657,False,netplay
2025-02-02 17:33:49+00:00,28,LY＃863,2,9,0,KEKW＃849,1,2,1,2,,False,True,10316,False,netplay
2025-02-02 17:36:53+00:00,31,LY＃863,2,19,0,KEKW＃849,1,9,1,2,,False,True,10590,False,netplay
2025-02-02 17:39:59+00:00,8,LY＃863,2,19,0,KEKW＃849,1,9,2,2,,False,True,11346,False,netplay
2025-02-02 17:43:18+00:00,3,LY＃863,2,19,0,KEKW＃849,1,20,1,2,,False,True,12269,False,netplay
2025-02-02 17:47:18+00:00,31,LY＃863,2,19,2,KEKW＃849,1,22,0,2,,True,False,8804,False,netplay
2025-02-02 17:50:08+00:00,31,LY＃863,2,19,0,KEKW＃849,1,2,2,2,,False,True,9445,False,netplay
2025-02-02 17:52:53+00:00,2,LY＃863,2,19,0,KEKW＃849,1,2,3,2,,False,True,9553,False,netplay
2025-02-02 17:55:44+00:00,3,LY＃863,2,19,2,KEKW＃849,1,9,0,2,,True,False,9363,False,netplay
2025-02-02 17:58:56+00:00,2,LY＃863,2,19,2,KEKW＃849,1,9,0,2,,True,False,10609,False,netplay
2025-02-02 18:04:47+00:00,8,LY＃863,2,19,4,KEKW＃849,1,20,4,7,0,False,True,352,False,netplay
2025-02-02 18:05:40+00:00,3,LY＃863,2,0,1,KEKW＃849,1,15,0,2,,True,False,7077,False,netplay
2025-02-02 18:08:05+00:00,2,LY＃863,2,0,1,KEKW＃849,1,23,0,2,,True,False,8312,False,netplay
2025-02-02 18:10:48+00:00,28,LY＃863,2,0,3,KEKW＃849,1,7,0,2,,True,False,11887,False,netplay
2025-02-02 18:14:23+00:00,8,LY＃863,2,20,0,KEKW＃849,1,19,3,2,,False,True,7510,False,netplay
2025-02-02 18:16:43+00:00,28,LY＃863,2,9,0,KEKW＃849,1,20,3,2,,False,True,7367,False,netplay
2025-02-02 18:19:09+00:00,32,LY＃863,2,2,0,KEKW＃849,1,8,2,2,,False,True,8880,False,netplay
2025-02-02 18:22:02+00:00,3,LY＃863,2,19,3,KEKW＃849,1,6,0,2,,True,False,10541,False,netplay
2025-02-02 18:25:12+00:00,32,LY＃863,2,19,0,KEKW＃849,1,9,2,2,,False,True,9712,False,netplay
2025-02-02 18:28:06+00:00,8,LY＃863,2,19,0,KEKW＃849,1,9,3,2,,False,True,4505,False,netplay
2025-02-02 18:29:32+00:00,2,LY＃863,2,20,0,KEKW＃849,1,9,3,2,,False,True,7235,False,netplay
2025-02-02 18:31:50+00:00,31,LY＃863,2,18,2,KEKW＃849,1,1,0,2,,True,False,8075,False,netplay
2025-02-02 18:34:32+00:00,2,LY＃863,2,0,2,KEKW＃849,1,17,0,2,,True,False,8289,False,netplay
2025-02-02 18:37:23+00:00,31,LY＃863,2,0,0,KEKW＃849,1,19,3,2,,False,True,5099,False,netplay
2025-02-02 18:38:58+00:00,31,LY＃863,2,0,2,KEKW＃849,1,0,0,2,,True,False,12306,False,netplay
2025-02-02 18:42:38+00:00,3,LY＃863,2,0,0,KEKW＃849,1,12,2,2,,False,True,9340,False,netplay
2025-02-02 18:45:27+00:00,8,LY＃863,2,19,3,KEKW＃849,1,14,0,2,,True,False,11954,False,netplay
2025-02-02 18:49:31+00:00,32,LY＃863,2,19,3,KEKW＃849,1,20,0,2,,True,False,5385,False,netplay
2025-02-02 18:51:19+00:00,3,LY＃863,2,0,0,KEKW＃849,1,15,1,2,,False,True,12252,False,netplay
2025-02-02 18:55:00+00:00,2,LY＃863,2,9,0,KEKW＃849,1,2,3,2,,False,True,8706,False,netplay
2025-02-02 18:57:38+00:00,32,LY＃863,2,9,0,KEKW＃849,1,2,3,2,,False,True,9130,False,netplay
2025-02-02 19:00:23+00:00,28,LY＃863,2,15,4,KEKW＃849,1,19,4,7,2,False,True,1668,False,netplay
2025-02-02 19:01:01+00:00,3,LY＃863,2,0,0,KEKW＃849,1,19,1,2,,False,True,10967,False,netplay
2025-02-02 19:04:14+00:00,31,LY＃863,2,0,2,KEKW＃849,1,25,0,2,,True,False,9836,False,netplay
2025-02-02 19:07:37+00:00,31,LY＃863,2,0,0,KEKW＃849,1,13,1,2,,False,True,12856,False,netplay
2025-02-02 19:11:33+00:00,2,LY＃863,2,19,3,KEKW＃849,1,22,0,2,,True,False,8179,False,netplay
2025-02-02 19:14:06+00:00,28,LY＃863,2,19,3,KEKW＃849,1,9,0,2,,True,False,8277,False,netplay
2025-02-02 19:16:47+00:00,8,LY＃863,2,19,0,KEKW＃849,1,2,4,2,,False,True,7529,False,netplay
2025-02-02 19:19:06+00:00,32,LY＃863,2,19,0,KEKW＃849,1,12,3,2,,False,True,10835,False,netplay
2025-02-02 19:22:24+00:00,8,LY＃863,2,19,2,KEKW＃849,1,23,0,2,,True,False,10150,False,netplay
2025-02-02 19:25:32+00:00,2,LY＃863,2,19,0,KEKW＃849,1,20,1,2,,False,True,12005,False,netplay
2025-02-02 19:29:07+00:00,3,LY＃863,2,19,1,KEKW＃849,1,0,0,2,,True,False,14923,False,netplay
2025-02-02 19:34:06+00:00,8,LY＃863,2,19,0,KEKW＃849,1,9,1,2,,False,True,9069,False,netplay
2025-02-02 19:36:46+00:00,28,LY＃863,2,19,0,KEKW＃849,1,9,3,2,,False,True,10645,False,netplay
2025-02-02 19:39:56+00:00,2,LY＃863,2,19,0,KEKW＃849,1,19,2,2,,False,True,8198,False,netplay
2025-02-02 19:42:32+00:00,3,LY＃863,2,19,0,KEKW＃849,1,15,2,2,,False,True,10808,False,netplay
2025-02-02 19:45:50+00:00,32,LY＃863,2,0,0,KEKW＃849,1,23,1,2,,False,True,13118,False,netplay
2025-02-02 19:49:46+00:00,31,LY＃863,2,0,1,KEKW＃849,1,4,0,2,,True,False,10489,False,netplay
2025-02-02 19:53:19+00:00,31,LY＃863,2,0,0,KEKW＃849,1,20,2,2,,False,True,7680,False,netplay
2025-02-02 19:56:08+00:00,28,LY＃863,2,0,0,KEKW＃849,1,8,1,2,,False,True,10908,False,netplay
2025-02-02 19:59:50+00:00,8,LY＃863,2,0,0,KEKW＃849,1,0,1,2,,False,True,14506,False,netplay
2025-02-02 20:05:08+00:00,31,LY＃863,2,0,4,KEKW＃849,1,14,4,7,2,False,True,178,False,netplay
2025-02-02 20:05:25+00:00,32,LY＃863,2,20,0,KEKW＃849,1,2,2,2,,False,True,7210,False,netplay
2025-02-02 20:07:45+00:00,28,LY＃863,2,19,0,KEKW＃849,1,19,1,2,,False,True,10946,False,netplay
2025-02-02 20:11:04+00:00,2,LY＃863,2,8,1,KEKW＃849,1,20,0,2,,True,False,11250,False,netplay
2025-02-02 20:14:52+00:00,2,LY＃863,2,0,0,KEKW＃849,1,3,3,2,,False,True,5557,False,netplay
2025-02-02 20:16:49+00:00,3,LY＃863,2,2,3,KEKW＃849,1,16,0,2,,True,False,12978,False,netplay
2025-02-02 20:21:04+00:00,32,LY＃863,2,9,2,KEKW＃849,1,11,0,2,,True,False,11598,False,netplay
2025-02-02 20:29:38+00:00,28,LY＃863,2,9,0,KEKW＃849,1,2,2,2,,False,True,10896,False,netplay
2025-02-02 20:32:49+00:00,8,LY＃863,2,9,0,KEKW＃849,1,2,3,2,,False,True,9584,False,netplay
2025-02-02 20:35:39+00:00,3,LY＃863,2,9,1,KEKW＃849,1,19,0,2,,True,False,9503,False,netplay
2025-02-02 20:38:28+00:00,3,LY＃863,2,9,0,KEKW＃849,1,19,2,2,,False,True,10487,False,netplay
2025-02-02 20:41:38+00:00,8,LY＃863,2,9,0,KEKW＃849,1,19,2,2,,False,True,8356,False,netplay
2025-02-02 20:44:14+00:00,31,LY＃863,2,0,0,KEKW＃849,1,23,1,2,,False,True,9959,False,netplay
2025-02-02 20:47:15+00:00,28,LY＃863,2,23,0,KEKW＃849,1,21,1,2,,False,True,22651,False,netplay
2025-02-02 20:53:59+00:00,2,LY＃863,2,20,3,KEKW＃849,1,0,4,7,2,False,True,12328,False,netplay
2025-02-02 20:57:32+00:00,32,LY＃863,2,20,3,KEKW＃849,1,0,3,7,2,False,True,14520,False,netplay
2025-02-02 21:01:40+00:00,2,LY＃863,2,20,0,KEKW＃849,1,0,1,2,,False,True,8962,False,netplay
2025-02-02 21:04:19+00:00,3,LY＃863,2,20,0,KEKW＃849,1,0,1,2,,False,True,10107,False,netplay
2025-02-02 21:07:23+00:00,28,LY＃863,2,20,0,KEKW＃849,1,3,1,2,,False,True,12103,False,netplay
2025-04-13 13:13:28+00:00,8,LY＃863,3,19,0,KEKW＃849,2,14,2,2,,False,True,7470,False,local
2025-04-13 13:18:22+00:00,2,LY＃863,3,19,1,KEKW＃849,2,23,0,2,,True,False,8651,False,local
2025-04-13 13:21:34+00:00,31,LY＃863,3,23,0,KEKW＃849,2,2,3,2,,False,True,7130,False,local
2025-04-13 13:23:52+00:00,32,LY＃863,3,9,0,KEKW＃849,2,0,1,2,,False,True,11829,False,local
2025-04-13 13:27:30+00:00,32,LY＃863,3,23,0,KEKW＃849,2,2,2,2,,False,True,7750,False,local
2025-04-13 13:29:55+00:00,28,LY＃863,3,22,0,KEKW＃849,2,0,1,2,,False,True,11114,False,local
2025-04-13 13:33:15+00:00,8,LY＃863,3,23,0,KEKW＃849,2,0,3,2,,False,True,8931,False,local
2025-04-13 13:36:01+00:00,3,LY＃863,3,23,0,KEKW＃849,2,22,2,2,,False,True,8074,False,local
2025-04-13 13:38:30+00:00,31,LY＃863,3,19,0,KEKW＃849,2,9,1,2,,False,True,10705,False,local
2025-04-13 13:41:54+00:00,2,LY＃863,3,19,0,KEKW＃849,2,9,1,2,,False,True,11683,False,local
2025-04-13 13:45:18+00:00,8,LY＃863,3,19,2,KEKW＃849,2,9,0,2,,True,False,5085,False,local
2025-04-13 13:46:52+00:00,31,LY＃863,3,19,1,KEKW＃849,2,9,0,2,,True,False,10277,False,local
2025-04-13 13:49:57+00:00,28,LY＃863,3,19,0,KEKW＃849,2,19,2,2,,False,True,10425,False,local
2025-04-13 13:53:03+00:00,32,LY＃863,3,19,3,KEKW＃849,2,9,0,2,,True,False,9558,False,local
2025-04-13 13:55:53+00:00,2,LY＃863,3,19,0,KEKW＃849,2,9,2,2,,False,True,7969,False,local
2025-04-13 13:58:16+00:00,3,LY＃863,3,19,2,KEKW＃849,2,9,0,2,,True,False,13875,False,local
2025-04-13 14:02:16+00:00,3,LY＃863,3,19,0,KEKW＃849,2,9,1,2,,False,True,12429,False,local
2025-04-13 14:05:56+00:00,8,LY＃863,3,19,0,KEKW＃849,2,9,1,2,,False,True,15107,False,local
2025-04-13 14:10:29+00:00,2,LY＃863,3,9,3,KEKW＃849,2,0,0,2,,True,False,9158,False,local
2025-04-13 14:13:13+00:00,31,LY＃863,3,9,2,KEKW＃849,2,0,0,2,,True,False,7699,False,local
2025-04-13 14:15:39+00:00,28,LY＃863,3,9,0,KEKW＃849,2,0,1,2,,False,True,12992,False,local
2025-04-13 14:21:31+00:00,32,LY＃863,3,20,1,KEKW＃849,2,9,0,2,,True,False,14508,False,local
2025-04-18 16:58:56+00:00,32,LY＃863,2,22,2,KEKW＃849,1,22,0,2,,True,False,10997,False,netplay
2025-04-18 17:02:12+00:00,3,LY＃863,2,22,0,KEKW＃849,1,20,1,2,,False,True,7922,False,netplay
2025-04-18 17:04:36+00:00,32,LY＃863,2,20,0,KEKW＃849,1,19,1,2,,False,True,11918,False,netplay
2025-04-18 17:08:12+00:00,2,LY＃863,2,0,0,KEKW＃849,1,9,2,2,,False,True,7961,False,netplay
2025-04-18 17:11:23+00:00,8,LY＃863,2,9,0,KEKW＃849,1,2,1,2,,False,True,10620,False,netplay
2025-04-18 17:14:58+00:00,31,LY＃863,2,9,0,KEKW＃849,1,23,3,2,,False,True,3189,False,netplay
2025-04-18 17:16:01+00:00,3,LY＃863,2,9,0,KEKW＃849,1,20,1,2,,False,True,11600,False,netplay
2025-04-18 17:19:33+00:00,28,LY＃863,2,2,0,KEKW＃849,1,20,1,2,,False,True,13665,False,netplay
2025-04-18 17:23:29+00:00,2,LY＃863,2,2,0,KEKW＃849,1,20,3,2,,False,True,9516,False,netplay
2025-04-18 17:26:21+00:00,32,LY＃863,2,2,0,KEKW＃849,1,20,4,2,,False,True,6198,False,netplay
2025-04-18 17:28:15+00:00,8,LY＃863,2,2,0,KEKW＃849,1,15,2,2,,False,True,6010,False,netplay
2025-04-18 17:30:04+00:00,28,LY＃863,2,2,0,KEKW＃849,1,2,3,2,,False,True,7817,False,netplay
2025-04-18 17:32:25+00:00,3,LY＃863,2,2,0,KEKW＃849,1,0,1,2,,False,True,14117,False,netplay
2025-04-18 17:36:35+00:00,31,LY＃863,2,2,0,KEKW＃849,1,22,3,2,,False,True,7650,False,netplay
2025-04-18 17:38:56+00:00,8,LY＃863,2,20,1,KEKW＃849,1,3,0,2,,True,False,9829,False,netplay
2025-04-18 17:41:53+00:00,32,LY＃863,2,20,0,KEKW＃849,1,23,2,2,,False,True,9803,False,netplay
2025-04-18 17:45:19+00:00,31,LY＃863,2,20,0,KEKW＃849,1,19,2,2,,False,True,10030,False,netplay
2025-04-18 17:48:16+00:00,32,LY＃863,2,20,0,KEKW＃849,1,20,1,2,,False,True,8853,False,netplay
2025-04-18 17:51:03+00:00,2,LY＃863,2,20,0,KEKW＃849,1,2,3,2,,False,True,5322,False,netplay
2025-04-18 17:52:41+00:00,3,LY＃863,2,20,0,KEKW＃849,1,22,3,2,,False,True,8579,False,netplay
2025-04-18 17:55:17+00:00,28,LY＃863,2,20,0,KEKW＃849,1,25,2,2,,False,True,11793,False,netplay
2025-04-18 17:59:03+00:00,28,LY＃863,2,20,0,KEKW＃849,1,12,2,2,,False,True,9449,False,netplay
2025-04-18 18:01:57+00:00,31,LY＃863,2,20,0,KEKW＃849,1,20,3,2,,False,True,7168,False,netplay
2025-04-18 18:04:11+00:00,2,LY＃863,2,20,0,KEKW＃849,1,0,1,2,,False,True,12585,False,netplay
2025-04-18 18:07:55+00:00,32,LY＃863,2,2,0,KEKW＃849,1,8,2,2,,False,True,8656,False,netplay
2025-04-18 18:10:30+00:00,8,LY＃863,2,2,0,KEKW＃849,1,11,3,2,,False,True,8550,False,netplay
2025-04-18 18:13:07+00:00,3,LY＃863,2,9,0,KEKW＃849,1,13,2,2,,False,True,12402,False,netplay
2025-04-18 18:19:55+00:00,31,LY＃863,2,19,3,KEKW＃849,1,23,0,2,,True,False,7396,False,netplay
2025-04-18 18:22:42+00:00,28,LY＃863,2,19,0,KEKW＃849,1,20,1,2,,False,True,11438,False,netplay
2025-04-18 18:26:23+00:00,8,LY＃863,2,19,0,KEKW＃849,1,20,1,2,,False,True,11670,False,netplay
2025-04-18 18:30:45+00:00,2,LY＃863,2,19,0,KEKW＃849,1,20,2,2,,False,True,8462,False,netplay
2025-04-18 18:33:16+00:00,28,LY＃863,2,19,0,KEKW＃849,1,20,1,2,,False,True,12600,False,netplay
2025-04-18 18:37:03+00:00,3,LY＃863,2,19,1,KEKW＃849,1,20,0,2,,True,False,11514,False,netplay
2025-04-18 18:40:29+00:00,31,LY＃863,2,19,0,KEKW＃849,1,2,1,2,,False,True,9230,False,netplay
2025-04-18 18:43:12+00:00,32,LY＃863,2,19,0,KEKW＃849,1,2,2,2,,False,True,7981,False,netplay
2025-04-18 18:45:33+00:00,2,LY＃863,2,19,0,KEKW＃849,1,2,3,2,,False,True,5280,False,netplay
2025-04-18 18:47:09+00:00,28,LY＃863,2,19,0,KEKW＃849,1,2,2,2,,False,True,12740,False,netplay
2025-04-18 18:50:58+00:00,3,LY＃863,2,19,0,KEKW＃849,1,9,2,2,,False,True,10749,False,netplay
2025-04-18 18:54:25+00:00,8,LY＃863,2,19,0,KEKW＃849,1,9,1,2,,False,True,12641,False,netplay
2025-04-18 18:58:43+00:00,32,LY＃863,2,19,2,KEKW＃849,1,9,0,2,,True,False,10009,False,netplay
2025-04-18 19:01:42+00:00,31,LY＃863,2,19,0,KEKW＃849,1,9,2,2,,False,True,8708,False,netplay
2025-04-18 19:04:19+00:00,31,LY＃863,2,20,0,KEKW＃849,1,9,2,2,,False,True,7378,False,netplay
2025-04-18 19:06:47+00:00,3,LY＃863,2,20,0,KEKW＃849,1,22,2,2,,False,True,11075,False,netplay
2025-04-18 19:10:04+00:00,31,LY＃863,2,20,0,KEKW＃849,1,0,1,2,,False,True,11725,False,netplay
2025-04-18 19:13:32+00:00,28,LY＃863,2,20,0,KEKW＃849,1,0,2,2,,False,True,12690,False,netplay
2025-04-18 19:17:21+00:00,2,LY＃863,2,20,0,KEKW＃849,1,3,2,2,,False,True,9340,False,netplay
2025-04-18 19:20:40+00:00,8,LY＃863,2,20,0,KEKW＃849,1,2,3,2,,False,True,7058,False,netplay
2025-04-18 19:23:03+00:00,32,LY＃863,2,8,3,KEKW＃849,1,10,0,2,,True,False,8011,False,netplay
2025-04-18 19:25:32+00:00,8,LY＃863,2,9,0,KEKW＃849,1,19,3,2,,False,True,6282,False,netplay
2025-04-18 19:27:28+00:00,8,LY＃863,2,19,0,KEKW＃849,1,2,2,2,,False,True,9800,False,netplay
2025-04-18 19:30:23+00:00,31,LY＃863,2,19,0,KEKW＃849,1,2,2,2,,False,True,13819,False,netplay
2025-04-18 19:34:34+00:00,2,LY＃863,2,19,0,KEKW＃849,1,2,1,2,,False,True,11997,False,netplay
2025-04-18 19:38:08+00:00,28,LY＃863,2,2,0,KEKW＃849,1,2,4,2,,False,True,4680,False,netplay
2025-04-18 19:39:38+00:00,3,LY＃863,2,20,0,KEKW＃849,1,22,3,2,,False,True,9402,False,netplay
2025-04-18 19:42:25+00:00,32,LY＃863,2,20,0,KEKW＃849,1,12,3,2,,False,True,8650,False,netplay
2025-04-18 19:44:59+00:00,32,LY＃863,2,20,0,KEKW＃849,1,23,2,2,,False,True,7785,False,netplay
2025-04-18 19:47:55+00:00,8,LY＃863,2,20,0,KEKW＃849,1,5,2,2,,False,True,6182,False,netplay
2025-04-18 19:49:58+00:00,3,LY＃863,2,0,0,KEKW＃849,1,5,1,2,,False,True,11988,False,netplay
2025-04-18 19:53:34+00:00,31,LY＃863,2,19,2,KEKW＃849,1,5,0,2,,True,False,10684,False,netplay
2025-04-18 19:57:44+00:00,2,LY＃863,2,8,0,KEKW＃849,1,20,1,2,,False,True,8653,False,netplay
2025-04-18 20:00:50+00:00,28,LY＃863,2,15,0,KEKW＃849,1,8,1,2,,False,True,20830,False,netplay
2025-04-18 20:07:04+00:00,2,LY＃863,2,19,0,KEKW＃849,1,15,1,2,,False,True,14014,False,netplay
2025-05-03 10:52:25+00:00,31,LY＃863,3,22,4,KEKW＃849,2,23,4,7,2,False,True,54,False,local
2025-05-03 10:52:35+00:00,32,LY＃863,3,22,0,KEKW＃849,2,23,1,2,,False,True,12320,False,local
2025-05-03 10:56:20+00:00,3,LY＃863,3,3,0,KEKW＃849,2,22,1,2,,False,True,11845,False,local
2025-05-03 11:00:02+00:00,2,LY＃863,3,20,4,KEKW＃849,2,0,0,2,,True,False,4453,False,local
2025-05-03 11:01:29+00:00,8,LY＃863,3,20,0,KEKW＃849,2,9,4,2,,False,True,5034,False,local
2025-05-03 11:03:06+00:00,32,LY＃863,3,20,0,KEKW＃849,2,19,1,2,,False,True,10147,False,local
2025-05-03 11:06:20+00:00,8,LY＃863,3,20,0,KEKW＃849,2,8,2,2,,False,True,10349,False,local
2025-05-03 11:09:40+00:00,3,LY＃863,3,20,1,KEKW＃849,2,10,0,2,,True,False,15202,False,local
2025-05-03 11:14:19+00:00,2,LY＃863,3,2,0,KEKW＃849,2,16,3,2,,False,True,7908,False,local
2025-05-03 11:16:45+00:00,31,LY＃863,3,2,0,KEKW＃849,2,10,1,2,,False,True,14665,False,local
2025-05-03 11:21:02+00:00,28,LY＃863,3,2,0,KEKW＃849,2,10,2,2,,False,True,15046,False,local
2025-05-03 11:27:21+00:00,32,LY＃863,3,9,4,KEKW＃849,2,3,4,7,2,False,True,1371,False,local
2025-05-03 11:27:52+00:00,31,LY＃863,3,9,3,KEKW＃849,2,3,0,2,,True,False,5646,False,local
2025-05-03 11:30:05+00:00,8,LY＃863,3,8,0,KEKW＃849,2,0,4,2,,False,True,8112,False,local
2025-05-03 11:32:38+00:00,3,LY＃863,3,9,1,KEKW＃849,2,6,0,2,,True,False,14022,False,local
2025-05-03 11:37:12+00:00,2,LY＃863,3,8,0,KEKW＃849,2,6,2,2,,False,True,11714,False,local
2025-05-03 11:42:30+00:00,32,LY＃863,3,20,2,KEKW＃849,2,10,0,2,,True,False,17614,False,local
2025-05-03 11:48:03+00:00,28,LY＃863,3,3,0,KEKW＃849,2,1,1,2,,False,True,13041,False,local
2025-05-04 10:53:25+00:00,31,LY＃863,3,3,0,KEKW＃849,2,11,1,2,,False,True,14876,False,local
2025-05-04 10:58:11+00:00,8,LY＃863,3,8,0,KEKW＃849,2,0,4,2,,False,True,3147,False,local
2025-05-04 10:59:26+00:00,2,LY＃863,3,0,1,KEKW＃849,2,7,0,2,,True,False,14749,False,local
2025-05-04 11:05:31+00:00,28,LY＃863,3,4,0,KEKW＃849,2,19,3,2,,False,True,10747,False,local
2025-05-04 11:09:15+00:00,32,LY＃863,3,9,2,KEKW＃849,2,4,0,2,,True,False,8739,False,local
2025-05-04 11:13:12+00:00,3,LY＃863,3,17,0,KEKW＃849,2,23,3,2,,False,True,12560,False,local
2025-05-04 11:17:08+00:00,32,LY＃863,3,19,1,KEKW＃849,2,7,0,2,,True,False,13734,False,local
2025-05-04 11:21:22+00:00,2,LY＃863,3,2,1,KEKW＃849,2,4,0,2,,True,False,13935,False,local
2025-05-04 11:28:18+00:00,8,LY＃863,3,7,0,KEKW＃849,2,23,1,2,,False,True,11259,False,local
2025-05-04 11:31:50+00:00,31,LY＃863,3,3,0,KEKW＃849,2,1,3,2,,False,True,10749,False,local
2025-05-04 11:35:10+00:00,28,LY＃863,3,20,1,KEKW＃849,2,5,0,2,,True,False,12538,False,local
2025-05-04 11:39:37+00:00,3,LY＃863,3,8,0,KEKW＃849,2,25,1,2,,False,True,13182,False,local
2025-05-04 11:43:50+00:00,2,LY＃863,3,23,0,KEKW＃849,2,11,2,2,,False,True,10415,False,local
2025-05-04 11:47:14+00:00,8,LY＃863,3,0,3,KEKW＃849,2,13,0,2,,True,False,7663,False,local
2025-05-04 11:49:54+00:00,3,LY＃863,3,16,0,KEKW＃849,2,25,1,2,,False,True,15179,False,local
2025-05-04 11:54:52+00:00,28,LY＃863,3,16,0,KEKW＃849,2,6,3,2,,False,True,7965,False,local
2025-05-04 11:57:18+00:00,32,LY＃863,3,16,2,KEKW＃849,2,16,0,2,,True,False,12744,False,local
2025-05-04 12:01:14+00:00,31,LY＃863,3,25,0,KEKW＃849,2,6,3,2,,False,True,7305,False,local
2025-05-04 12:03:29+00:00,8,LY＃863,3,12,0,KEKW＃849,2,14,4,2,,False,True,5118,False,local
2025-05-04 12:05:07+00:00,32,LY＃863,3,15,0,KEKW＃849,2,14,2,2,,False,True,7885,False,local
2025-05-04 12:07:37+00:00,31,LY＃863,3,21,0,KEKW＃849,2,5,2,2,,False,True,9039,False,local
2025-05-04 12:10:23+00:00,2,LY＃863,3,6,0,KEKW＃849,2,17,1,2,,False,True,12644,False,local
2025-05-04 12:14:10+00:00,3,LY＃863,3,11,1,KEKW＃849,2,10,0,2,,True,False,15397,False,local
2025-05-04 12:18:43+00:00,28,LY＃863,3,17,0,KEKW＃849,2,11,2,2,,False,True,11848,False,local
2025-05-04 12:22:56+00:00,28,LY＃863,3,20,0,KEKW＃849,2,3,3,2,,False,True,7148,False,local
2025-05-04 12:25:09+00:00,3,LY＃863,3,20,0,KEKW＃849,2,4,2,2,,False,True,10112,False,local
2025-05-04 12:28:11+00:00,32,LY＃863,3,20,0,KEKW＃849,2,16,2,2,,False,True,12247,False,local
2025-05-04 12:31:46+00:00,31,LY＃863,3,20,0,KEKW＃849,2,10,1,2,,False,True,12715,False,local
2025-05-04 12:35:25+00:00,8,LY＃863,3,20,0,KEKW＃849,2,10,1,2,,False,True,12203,False,local
2025-05-04 12:38:57+00:00,2,LY＃863,3,20,0,KEKW＃849,2,10,1,2,,False,True,6773,False,local
2025-05-04 12:40:58+00:00,2,LY＃863,3,20,0,KEKW＃849,2,10,1,2,,False,True,12377,False,local
2025-05-04 12:44:32+00:00,28,LY＃863,3,20,0,KEKW＃849,2,10,2,2,,False,True,12451,False,local
2025-05-04 13:03:45+00:00,32,LY＃863,3,20,0,KEKW＃849,2,10,2,2,,False,True,9817,False,local
2025-05-04 13:07:27+00:00,3,LY＃863,3,20,0,KEKW＃849,2,3,2,2,,False,True,8663,False,local
2025-05-04 13:09:59+00:00,31,LY＃863,3,20,0,KEKW＃849,2,3,1,2,,False,True,11392,False,local
2025-05-04 13:13:18+00:00,8,LY＃863,3,20,0,KEKW＃849,2,3,2,2,,False,True,6899,False,local
2025-05-04 13:15:21+00:00,31,LY＃863,3,20,0,KEKW＃849,2,3,2,2,,False,True,7335,False,local
2025-05-04 13:17:33+00:00,3,LY＃863,3,20,0,KEKW＃849,2,3,2,2,,False,True,8355,False,local
2025-05-04 13:20:20+00:00,2,LY＃863,3,20,0,KEKW＃849,2,5,1,2,,False,True,9578,False,local
2025-05-04 13:23:07+00:00,8,LY＃863,3,20,1,KEKW＃849,2,5,0,2,,True,False,9853,False,local
2025-05-04 13:26:01+00:00,28,LY＃863,3,20,0,KEKW＃849,2,5,3,2,,False,True,7518,False,local
2025-05-04 13:28:16+00:00,32,LY＃863,3,20,1,KEKW＃849,2,5,0,2,,True,False,9935,False,local
2025-05-04 13:31:41+00:00,31,LY＃863,3,2,0,KEKW＃849,2,4,2,2,,False,True,11944,False,local
2025-05-04 13:35:10+00:00,28,LY＃863,3,2,0,KEKW＃849,2,4,0,2,,False,True,15306,False,local
2025-05-04 13:39:30+00:00,28,LY＃863,3,2,0,KEKW＃849,2,4,1,2,,False,True,982,False,local
2025-05-04 13:42:20+00:00,3,LY＃863,3,19,2,KEKW＃849,2,23,0,2,,True,False,7277,False,local
2025-05-04 13:44:29+00:00,8,LY＃863,3,19,0,KEKW＃849,2,23,1,2,,False,True,11484,False,local
2025-05-04 13:47:49+00:00,2,LY＃863,3,19,0,KEKW＃849,2,23,2,2,,False,True,8633,False,local
2025-05-04 13:51:39+00:00,32,LY＃863,3,19,2,KEKW＃849,2,23,0,2,,True,False,8925,False,local
2025-05-04 13:54:19+00:00,31,LY＃863,3,19,2,KEKW＃849,2,23,0,2,,True,False,11196,False,local
2025-05-04 13:57:48+00:00,2,LY＃863,3,19,0,KEKW＃849,2,23,2,2,,False,True,6060,False,local
2025-05-04 13:59:57+00:00,28,LY＃863,3,19,4,KEKW＃849,2,23,0,2,,True,False,6809,False,local
2025-05-04 14:02:05+00:00,3,LY＃863,3,20,2,KEKW＃849,2,23,0,2,,True,False,9962,False,local
2025-05-04 14:05:00+00:00,8,LY＃863,3,20,1,KEKW＃849,2,23,0,2,,True,False,9073,False,local
2025-05-04 14:08:10+00:00,32,LY＃863,3,19,0,KEKW＃849,2,2,2,2,,False,True,10800,False,local
2025-05-04 14:11:20+00:00,28,LY＃863,3,19,0,KEKW＃849,2,2,2,2,,False,True,6356,False,local
2025-05-04 14:13:14+00:00,2,LY＃863,3,19,0,KEKW＃849,2,2,3,2,,False,True,8293,False,local
2025-05-04 14:15:42+00:00,8,LY＃863,3,19,0,KEKW＃849,2,20,1,2,,False,True,10921,False,local
2025-05-04 14:18:52+00:00,31,LY＃863,3,19,1,KEKW＃849,2,20,0,2,,True,False,10661,False,local
2025-05-04 14:22:07+00:00,3,LY＃863,3,19,0,KEKW＃849,2,9,2,2,,False,True,7826,False,local
2025-05-04 14:24:26+00:00,32,LY＃863,3,19,2,KEKW＃849,2,9,0,2,,True,False,8308,False,local
2025-05-04 14:26:58+00:00,28,LY＃863,3,19,1,KEKW＃849,2,0,0,2,,True,False,13293,False,local
2025-05-04 14:31:07+00:00,31,LY＃863,3,22,0,KEKW＃849,2,22,1,2,,False,True,11756,False,local
2025-05-04 14:35:38+00:00,2,LY＃863,3,20,0,KEKW＃849,2,3,3,2,,False,True,7423,False,local
2025-05-04 14:37:56+00:00,32,LY＃863,3,19,0,KEKW＃849,2,22,2,2,,False,True,9112,False,local
2025-05-04 14:40:36+00:00,8,LY＃863,3,19,2,KEKW＃849,2,22,0,2,,True,False,10093,False,local
2025-05-22 18:08:37+00:00,28,LY＃863,1,22,0,KEKW＃849,2,22,2,2,,False,True,9044,False,netplay
2025-05-22 18:12:11+00:00,28,LY＃863,1,3,0,KEKW＃849,2,23,1,2,,False,True,16565,False,netplay
2025-05-22 18:17:52+00:00,3,LY＃863,1,20,0,KEKW＃849,2,0,1,2,,False,True,8931,False,netplay
2025-05-22 18:20:54+00:00,31,LY＃863,1,9,0,KEKW＃849,2,19,2,2,,False,True,4304,False,netplay
2025-05-22 18:22:16+00:00,8,LY＃863,1,2,0,KEKW＃849,2,20,1,2,,False,True,6912,False,netplay
2025-05-22 18:24:54+00:00,32,LY＃863,1,0,0,KEKW＃849,2,2,2,2,,False,True,5520,False,netplay
2025-05-22 18:26:37+00:00,2,LY＃863,1,20,0,KEKW＃849,2,8,3,2,,False,True,6053,False,netplay
2025-05-22 18:28:30+00:00,3,LY＃863,1,20,0,KEKW＃849,2,3,1,2,,False,True,8678,False,netplay
2025-05-22 18:31:14+00:00,2,LY＃863,1,20,2,KEKW＃849,2,24,0,2,,True,False,9986,False,netplay
2025-05-22 18:34:17+00:00,8,LY＃863,1,20,1,KEKW＃849,2,25,0,2,,True,False,7214,False,netplay
2025-05-22 18:36:31+00:00,28,LY＃863,1,20,0,KEKW＃849,2,23,3,2,,False,True,6175,False,netplay
2025-05-22 18:38:30+00:00,28,LY＃863,1,20,1,KEKW＃849,2,17,0,2,,True,False,11478,False,netplay
2025-05-22 18:42:24+00:00,31,LY＃863,1,20,0,KEKW＃849,2,21,2,2,,False,True,11938,False,netplay
2025-05-22 18:46:02+00:00,32,LY＃863,1,20,2,KEKW＃849,2,23,0,2,,True,False,7288,False,netplay
2025-05-22 18:48:41+00:00,2,LY＃863,1,20,0,KEKW＃849,2,12,2,2,,False,True,9903,False,netplay
2025-05-22 18:51:41+00:00,31,LY＃863,1,20,0,KEKW＃849,2,20,3,2,,False,True,7721,False,netplay
2025-05-22 18:53:59+00:00,8,LY＃863,1,20,0,KEKW＃849,2,8,1,2,,False,True,7791,False,netplay
2025-05-22 18:56:22+00:00,8,LY＃863,1,20,2,KEKW＃849,2,1,0,2,,True,False,7500,False,netplay
2025-05-22 18:59:17+00:00,32,LY＃863,1,20,3,KEKW＃849,2,3,0,2,,True,False,7336,False,netplay
2025-05-22 19:01:31+00:00,3,LY＃863,1,20,0,KEKW＃849,2,9,2,2,,False,True,8177,False,netplay
2025-05-22 19:04:17+00:00,2,LY＃863,1,20,0,KEKW＃849,2,22,3,2,,False,True,4933,False,netplay
2025-05-22 19:05:56+00:00,32,LY＃863,1,20,0,KEKW＃849,2,13,2,2,,False,True,9178,False,netplay
2025-05-22 19:10:29+00:00,3,LY＃863,1,20,1,KEKW＃849,2,23,0,2,,True,False,12297,False,netplay
2025-05-22 19:14:29+00:00,28,LY＃863,1,20,0,KEKW＃849,2,19,2,2,,False,True,10323,False,netplay
2025-05-22 19:17:36+00:00,31,LY＃863,1,20,2,KEKW＃849,2,21,0,2,,True,False,9878,False,netplay
2025-05-22 19:20:36+00:00,32,LY＃863,1,20,0,KEKW＃849,2,2,1,2,,False,True,13403,False,netplay
2025-05-22 19:24:57+00:00,28,LY＃863,1,20,0,KEKW＃849,2,2,2,2,,False,True,11070,False,netplay
2025-05-22 19:28:27+00:00,2,LY＃863,1,20,1,KEKW＃849,2,23,0,2,,True,False,8779,False,netplay
2025-05-22 19:31:07+00:00,3,LY＃863,1,20,0,KEKW＃849,2,0,1,2,,False,True,10197,False,netplay
2025-05-22 19:34:09+00:00,8,LY＃863,1,20,1,KEKW＃849,2,8,0,2,,True,False,10505,False,netplay
2025-05-22 19:41:09+00:00,8,LY＃863,1,19,3,KEKW＃849,2,20,0,2,,True,False,6665,False,netplay
2025-05-22 19:43:18+00:00,31,LY＃863,1,20,0,KEKW＃849,2,2,1,2,,False,True,11199,False,netplay
2025-05-22 19:46:50+00:00,28,LY＃863,1,20,0,KEKW＃849,2,2,2,2,,False,True,8575,False,netplay
2025-05-22 19:49:23+00:00,31,LY＃863,1,20,0,KEKW＃849,2,2,3,2,,False,True,7520,False,netplay
2025-05-22 19:51:46+00:00,3,LY＃863,1,20,0,KEKW＃849,2,3,1,2,,False,True,12357,False,netplay
2025-05-22 19:55:29+00:00,32,LY＃863,1,20,0,KEKW＃849,2,23,2,2,,False,True,10409,False,netplay
2025-05-22 19:58:36+00:00,3,LY＃863,1,20,0,KEKW＃849,2,12,3,2,,False,True,10318,False,netplay
2025-05-22 20:01:57+00:00,31,LY＃863,1,20,1,KEKW＃849,2,25,0,2,,True,False,16214,False,netplay
2025-05-22 20:06:40+00:00,2,LY＃863,1,20,0,KEKW＃849,2,15,3,2,,False,True,4751,False,netplay
2025-05-22 20:08:12+00:00,2,LY＃863,1,20,2,KEKW＃849,2,8,0,2,,True,False,9094,False,netplay
2025-05-22 20:11:28+00:00,32,LY＃863,1,20,2,KEKW＃849,2,9,0,2,,True,False,7526,False,netplay
2025-05-22 20:13:45+00:00,28,LY＃863,1,20,2,KEKW＃849,2,9,0,2,,True,False,6692,False,netplay
2025-05-22 20:15:47+00:00,8,LY＃863,1,20,2,KEKW＃849,2,9,0,2,,True,False,9065,False,netplay
2025-05-22 20:18:30+00:00,2,LY＃863,1,2,0,KEKW＃849,2,9,2,2,,False,True,11695,False,netplay
2025-05-22 20:21:55+00:00,8,LY＃863,1,2,0,KEKW＃849,2,20,3,2,,False,True,6052,False,netplay
2025-05-22 20:23:49+00:00,28,LY＃863,1,20,0,KEKW＃849,2,3,2,2,,False,True,8878,False,netplay
2025-05-22 20:26:29+00:00,32,LY＃863,1,20,2,KEKW＃849,2,23,0,2,,True,False,7375,False,netplay
2025-05-22 20:28:41+00:00,31,LY＃863,1,20,1,KEKW＃849,2,9,0,2,,True,False,9296,False,netplay
2025-05-22 20:31:24+00:00,3,LY＃863,1,20,1,KEKW＃849,2,9,0,2,,True,False,11188,False,netplay
2025-05-22 20:34:46+00:00,8,LY＃863,1,20,0,KEKW＃849,2,2,3,2,,False,True,5983,False,netplay
2025-05-22 20:36:35+00:00,3,LY＃863,1,20,0,KEKW＃849,2,20,2,2,,False,True,7350,False,netplay
2025-05-22 20:38:46+00:00,2,LY＃863,1,20,0,KEKW＃849,2,9,3,2,,False,True,9255,False,netplay
2025-05-22 20:41:43+00:00,28,LY＃863,1,20,1,KEKW＃849,2,9,0,2,,True,False,15913,False,netplay
2025-05-22 20:46:23+00:00,28,LY＃863,1,20,0,KEKW＃849,2,9,2,2,,False,True,7776,False,netplay
2025-05-22 20:48:59+00:00,31,LY＃863,1,20,1,KEKW＃849,2,9,0,2,,True,False,9869,False,netplay
2025-05-22 20:51:51+00:00,31,LY＃863,1,20,0,KEKW＃849,2,9,2,2,,False,True,10616,False,netplay
2025-05-22 20:55:02+00:00,8,LY＃863,1,20,0,KEKW＃849,2,9,2,2,,False,True,8944,False,netplay
2025-06-06 17:03:49+00:00,3,LY＃863,1,22,3,KEKW＃849,2,23,0,2,,True,False,9860,False,netplay
2025-06-06 17:08:19+00:00,8,LY＃863,1,22,0,KEKW＃849,2,0,3,2,,False,True,11179,False,netplay
2025-06-06 17:11:39+00:00,3,LY＃863,1,22,0,KEKW＃849,2,17,2,2,,False,True,14133,False,netplay
2025-06-06 17:15:50+00:00,28,LY＃863,1,9,0,KEKW＃849,2,20,1,2,,False,True,12560,False,netplay
2025-06-06 17:20:02+00:00,32,LY＃863,1,0,1,KEKW＃849,2,20,0,2,,True,False,11242,False,netplay
2025-06-06 17:23:26+00:00,2,LY＃863,1,20,0,KEKW＃849,2,9,2,2,,False,True,9271,False,netplay
2025-06-06 17:26:17+00:00,2,LY＃863,1,20,0,KEKW＃849,2,22,1,2,,False,True,9582,False,netplay
2025-06-06 17:29:14+00:00,8,LY＃863,1,20,0,KEKW＃849,2,2,1,2,,False,True,12479,False,netplay
2025-06-06 17:33:11+00:00,31,LY＃863,1,20,0,KEKW＃849,2,19,1,2,,False,True,11754,False,netplay
2025-06-06 17:36:37+00:00,28,LY＃863,1,20,0,KEKW＃849,2,20,1,2,,False,True,12470,False,netplay
2025-06-06 17:40:15+00:00,2,LY＃863,1,20,3,KEKW＃849,2,23,0,2,,True,False,10449,False,netplay
2025-06-06 17:43:38+00:00,28,LY＃863,1,20,0,KEKW＃849,2,0,1,2,,False,True,13310,False,netplay
2025-06-06 17:47:33+00:00,32,LY＃863,1,20,0,KEKW＃849,2,22,2,2,,False,True,12167,False,netplay
2025-06-06 17:51:15+00:00,3,LY＃863,1,20,1,KEKW＃849,2,3,0,2,,True,False,11308,False,netplay
2025-06-06 17:54:45+00:00,3,LY＃863,1,20,0,KEKW＃849,2,2,3,2,,False,True,6810,False,netplay
2025-06-06 17:56:55+00:00,31,LY＃863,1,20,0,KEKW＃849,2,19,2,2,,False,True,9437,False,netplay
2025-06-06 18:00:19+00:00,8,LY＃863,1,20,0,KEKW＃849,2,18,2,2,,False,True,9180,False,netplay
2025-06-06 18:10:23+00:00,28,LY＃863,1,20,0,KEKW＃849,2,20,2,2,,False,True,8482,False,netplay
2025-06-06 18:12:57+00:00,3,LY＃863,1,20,0,KEKW＃849,2,1,1,2,,False,True,9596,False,netplay
2025-06-06 18:16:02+00:00,8,LY＃863,1,20,1,KEKW＃849,2,25,0,2,,True,False,9798,False,netplay
2025-06-06 18:28:48+00:00,32,LY＃863,1,20,0,KEKW＃849,2,17,1,2,,False,True,7307,False,netplay
2025-06-06 18:31:23+00:00,32,LY＃863,1,20,0,KEKW＃849,2,16,1,2,,False,True,10364,False,netplay
2025-06-06 18:34:48+00:00,2,LY＃863,1,20,2,KEKW＃849,2,17,0,2,,True,False,6843,False,netplay
2025-06-06 18:37:10+00:00,31,LY＃863,1,20,0,KEKW＃849,2,25,3,2,,False,True,9290,False,netplay
2025-06-06 18:39:58+00:00,31,LY＃863,1,20,1,KEKW＃849,2,23,0,2,,True,False,10848,False,netplay
2025-06-06 18:43:19+00:00,2,LY＃863,1,20,0,KEKW＃849,2,23,1,2,,False,True,9080,False,netplay
2025-06-06 18:46:02+00:00,31,LY＃863,1,20,0,KEKW＃849,2,23,1,2,,False,True,8547,False,netplay
2025-06-06 18:48:37+00:00,32,LY＃863,1,20,0,KEKW＃849,2,23,2,2,,False,True,9513,False,netplay
2025-06-06 18:51:24+00:00,28,LY＃863,1,20,0,KEKW＃849,2,23,3,2,,False,True,8686,False,netplay
2025-06-06 18:54:08+00:00,2,LY＃863,1,20,0,KEKW＃849,2,1,1,2,,False,True,9071,False,netplay
2025-06-06 18:57:05+00:00,3,LY＃863,1,20,0,KEKW＃849,2,24,2,2,,False,True,8612,False,netplay
2025-06-06 18:59:41+00:00,8,LY＃863,1,20,0,KEKW＃849,2,20,1,2,,False,True,8426,False,netplay
2025-06-06 19:03:29+00:00,32,LY＃863,1,20,2,KEKW＃849,2,10,0,2,,True,False,14906,False,netplay
2025-06-06 19:08:30+00:00,8,LY＃863,1,20,2,KEKW＃849,2,24,0,2,,True,False,11676,False,netplay
2025-06-06 19:12:07+00:00,32,LY＃863,1,20,1,KEKW＃849,2,24,0,2,,True,False,14507,False,netplay
2025-06-06 19:16:31+00:00,31,LY＃863,1,20,0,KEKW＃849,2,4,2,2,,False,True,13686,False,netplay
2025-06-06 19:20:42+00:00,28,LY＃863,1,20,2,KEKW＃849,2,5,0,2,,True,False,12247,False,netplay
2025-06-06 19:24:22+00:00,28,LY＃863,1,20,0,KEKW＃849,2,1,3,2,,False,True,7229,False,netplay
2025-06-06 19:26:34+00:00,31,LY＃863,1,20,0,KEKW＃849,2,1,1,2,,False,True,13707,False,netplay
2025-06-06 19:30:38+00:00,8,LY＃863,1,20,0,KEKW＃849,2,24,1,2,,False,True,12801,False,netplay
2025-06-06 19:37:23+00:00,2,LY＃863,1,2,3,KEKW＃849,2,24,4,7,0,False,True,2893,False,netplay
2025-06-06 19:38:46+00:00,3,LY＃863,1,2,0,KEKW＃849,2,10,2,2,,False,True,14869,False,netplay
2025-06-06 19:43:13+00:00,32,LY＃863,1,2,0,KEKW＃849,2,10,1,2,,False,True,20438,False,netplay
2025-06-06 19:49:20+00:00,31,LY＃863,1,20,3,KEKW＃849,2,2,4,7,0,False,True,14497,False,netplay
2025-06-06 19:53:37+00:00,8,LY＃863,1,20,0,KEKW＃849,2,24,3,2,,False,True,8369,False,netplay
2025-06-06 19:56:10+00:00,28,LY＃863,1,20,2,KEKW＃849,2,10,0,2,,True,False,16321,False,netplay
2025-06-06 20:01:33+00:00,31,LY＃863,1,20,0,KEKW＃849,2,20,2,2,,False,True,10653,False,netplay
2025-06-06 20:04:43+00:00,32,LY＃863,1,20,0,KEKW＃849,2,20,1,2,,False,True,12569,False,netplay
2025-06-06 20:08:25+00:00,28,LY＃863,1,20,0,KEKW＃849,2,20,3,2,,False,True,7873,False,netplay
2025-06-06 20:11:32+00:00,3,LY＃863,1,20,0,KEKW＃849,2,24,1,2,,False,True,15819,False,netplay
2025-06-06 20:16:07+00:00,2,LY＃863,1,20,2,KEKW＃849,2,10,0,2,,True,False,10652,False,netplay
2025-06-06 20:19:18+00:00,3,LY＃863,1,20,0,KEKW＃849,2,24,1,2,,False,True,14843,False,netplay
2025-06-06 20:23:44+00:00,8,LY＃863,1,20,1,KEKW＃849,2,10,0,2,,True,False,12710,False,netplay
2025-06-06 20:27:32+00:00,31,LY＃863,1,20,0,KEKW＃849,2,24,1,2,,False,True,11558,False,netplay
2025-06-06 20:30:59+00:00,3,LY＃863,1,20,0,KEKW＃849,2,23,2,2,,False,True,8440,False,netplay
2025-06-06 20:33:38+00:00,32,LY＃863,1,20,2,KEKW＃849,2,24,0,2,,True,False,8253,False,netplay
2025-06-06 20:36:13+00:00,2,LY＃863,1,20,0,KEKW＃849,2,15,2,2,,False,True,7363,False,netplay
2025-06-12 17:38:14+00:00,31,LY＃863,2,22,0,KEKW＃849,1,23,1,2,,False,True,15436,False,netplay
2025-06-12 17:44:06+00:00,2,LY＃863,2,0,0,KEKW＃849,1,20,3,2,,False,True,8680,False,netplay
2025-06-12 17:48:24+00:00,28,LY＃863,2,9,2,KEKW＃849,1,0,0,2,,True,False,11153,False,netplay
2025-06-12 17:51:51+00:00,31,LY＃863,2,13,0,KEKW＃849,1,19,3,2,,False,True,9722,False,netplay
2025-06-12 17:54:50+00:00,3,LY＃863,2,2,0,KEKW＃849,1,22,2,2,,False,True,6812,False,netplay
2025-06-12 17:56:54+00:00,32,LY＃863,2,2,0,KEKW＃849,1,2,1,2,,False,True,12689,False,netplay
2025-06-12 18:00:52+00:00,31,LY＃863,2,20,1,KEKW＃849,1,20,0,2,,True,False,8167,False,netplay
2025-06-12 18:03:19+00:00,28,LY＃863,2,20,4,KEKW＃849,1,20,4,7,2,False,True,133,False,netplay
2025-06-12 18:03:32+00:00,8,LY＃863,2,9,1,KEKW＃849,1,20,0,2,,True,False,10597,False,netplay
2025-06-12 18:07:04+00:00,2,LY＃863,2,9,0,KEKW＃849,1,20,1,2,,False,True,11500,False,netplay
2025-06-12 18:10:29+00:00,3,LY＃863,2,9,0,KEKW＃849,1,20,1,2,,False,True,10099,False,netplay
2025-06-12 18:13:41+00:00,28,LY＃863,2,20,0,KEKW＃849,1,20,3,2,,False,True,8295,False,netplay
2025-06-12 18:16:08+00:00,32,LY＃863,2,20,0,KEKW＃849,1,9,2,2,,False,True,11572,False,netplay
2025-06-12 18:19:35+00:00,2,LY＃863,2,20,2,KEKW＃849,1,23,0,2,,True,False,7500,False,netplay
2025-06-12 18:21:53+00:00,32,LY＃863,2,20,0,KEKW＃849,1,19,3,2,,False,True,6029,False,netplay
2025-06-12 18:23:56+00:00,8,LY＃863,2,20,0,KEKW＃849,1,12,1,2,,False,True,13663,False,netplay
2025-06-12 18:27:53+00:00,31,LY＃863,2,20,1,KEKW＃849,1,20,0,2,,True,False,9067,False,netplay
2025-06-12 18:30:35+00:00,8,LY＃863,2,20,0,KEKW＃849,1,20,3,2,,False,True,5101,False,netplay
2025-06-12 18:32:09+00:00,8,LY＃863,2,20,4,KEKW＃849,1,20,0,2,,True,False,3339,False,netplay
2025-06-12 18:35:33+00:00,3,LY＃863,2,20,0,KEKW＃849,1,20,1,2,,False,True,10805,False,netplay
2025-06-12 18:38:46+00:00,2,LY＃863,2,20,0,KEKW＃849,1,20,4,2,,False,True,4715,False,netplay
2025-06-12 18:40:15+00:00,32,LY＃863,2,20,0,KEKW＃849,1,20,2,2,,False,True,7906,False,netplay
2025-06-12 18:42:36+00:00,28,LY＃863,2,20,1,KEKW＃849,1,20,0,2,,True,False,8957,False,netplay
2025-06-12 18:45:17+00:00,3,LY＃863,2,20,1,KEKW＃849,1,20,0,2,,True,False,12552,False,netplay
2025-06-12 18:48:56+00:00,8,LY＃863,2,20,0,KEKW＃849,1,9,2,2,,False,True,8149,False,netplay
2025-06-12 18:51:25+00:00,31,LY＃863,2,20,0,KEKW＃849,1,9,2,2,,False,True,5852,False,netplay
2025-06-12 18:53:13+00:00,3,LY＃863,2,20,0,KEKW＃849,1,9,2,2,,False,True,8476,False,netplay
2025-06-12 18:55:43+00:00,3,LY＃863,2,20,0,KEKW＃849,1,23,3,2,,False,True,8032,False,netplay
2025-06-12 18:58:06+00:00,8,LY＃863,2,20,0,KEKW＃849,1,23,1,2,,False,True,10483,False,netplay
2025-06-12 19:01:13+00:00,28,LY＃863,2,20,0,KEKW＃849,1,23,1,2,,False,True,9697,False,netplay
2025-06-12 19:04:06+00:00,32,LY＃863,2,20,1,KEKW＃849,1,0,0,2,,True,False,7154,False,netplay
2025-06-12 19:06:23+00:00,32,LY＃863,2,20,0,KEKW＃849,1,15,4,2,,False,True,2521,False,netplay
2025-06-12 19:07:19+00:00,2,LY＃863,2,20,0,KEKW＃849,1,23,3,2,,False,True,6125,False,netplay
2025-06-12 19:09:12+00:00,31,LY＃863,2,20,0,KEKW＃849,1,3,2,2,,False,True,8211,False,netplay
2025-06-12 19:11:47+00:00,8,LY＃863,2,20,0,KEKW＃849,1,6,2,2,,False,True,8799,False,netplay
2025-06-12 19:14:44+00:00,2,LY＃863,2,20,0,KEKW＃849,1,24,2,2,,False,True,6515,False,netplay
2025-06-12 19:16:41+00:00,3,LY＃863,2,20,0,KEKW＃849,1,24,2,2,,False,True,8530,False,netplay
2025-06-12 19:19:36+00:00,28,LY＃863,2,20,0,KEKW＃849,1,24,1,2,,False,True,16891,False,netplay
2025-06-12 19:24:42+00:00,31,LY＃863,2,2,2,KEKW＃849,1,17,0,2,,True,False,11742,False,netplay
2025-06-12 19:28:18+00:00,31,LY＃863,2,2,4,KEKW＃849,1,17,3,7,2,True,False,348,False,netplay
2025-06-12 19:28:37+00:00,32,LY＃863,2,2,0,KEKW＃849,1,10,1,2,,False,True,17193,False,netplay
2025-06-12 19:33:48+00:00,8,LY＃863,2,2,0,KEKW＃849,1,10,2,2,,False,True,11009,False,netplay
2025-06-12 19:37:06+00:00,3,LY＃863,2,25,2,KEKW＃849,1,10,0,2,,True,False,12191,False,netplay
2025-06-12 19:45:22+00:00,28,LY＃863,2,20,0,KEKW＃849,1,17,1,2,,False,True,10622,False,netplay
2025-06-12 19:48:49+00:00,31,LY＃863,2,20,1,KEKW＃849,1,17,0,2,,True,False,9647,False,netplay
2025-06-12 19:52:26+00:00,2,LY＃863,2,20,2,KEKW＃849,1,17,0,2,,True,False,9433,False,netplay
2025-06-12 19:55:28+00:00,8,LY＃863,2,20,3,KEKW＃849,1,24,0,2,,True,False,10055,False,netplay
2025-06-12 19:59:49+00:00,2,LY＃863,2,20,0,KEKW＃849,1,24,2,2,,False,True,9950,False,netplay
2025-06-12 20:02:47+00:00,2,LY＃863,2,20,0,KEKW＃849,1,24,1,2,,False,True,14120,False,netplay
2025-06-12 20:10:19+00:00,28,LY＃863,2,20,2,KEKW＃849,1,17,0,2,,True,False,6949,False,netplay
2025-06-12 20:12:31+00:00,3,LY＃863,2,20,2,KEKW＃849,1,16,0,2,,True,False,14479,False,netplay
2025-06-12 20:18:22+00:00,28,LY＃863,2,20,0,KEKW＃849,1,24,2,2,,False,True,11482,False,netplay
2025-06-12 20:23:56+00:00,32,LY＃863,2,20,4,KEKW＃849,1,24,4,7,0,False,True,10,False,netplay
2025-06-12 20:25:18+00:00,31,LY＃863,2,20,0,KEKW＃849,1,1,1,2,,False,True,14408,False,netplay
2025-06-12 20:30:10+00:00,8,LY＃863,2,20,0,KEKW＃849,1,16,1,2,,False,True,15118,False,netplay
2025-06-12 20:34:42+00:00,3,LY＃863,2,20,2,KEKW＃849,1,16,0,2,,True,False,14989,False,netplay
2025-06-12 20:39:27+00:00,32,LY＃863,2,20,0,KEKW＃849,1,4,1,2,,False,True,13603,False,netplay
2025-06-12 20:43:32+00:00,2,LY＃863,2,20,1,KEKW＃849,1,17,0,2,,True,False,10267,False,netplay
2025-06-12 20:48:27+00:00,3,LY＃863,2,20,2,KEKW＃849,1,16,0,2,,True,False,12136,False,netplay
2025-06-12 20:52:50+00:00,2,LY＃863,2,20,1,KEKW＃849,1,16,0,2,,True,False,12001,False,netplay
2025-06-12 20:56:38+00:00,8,LY＃863,2,20,3,KEKW＃849,1,24,0,2,,True,False,8617,False,netplay
2025-06-12 20:59:32+00:00,32,LY＃863,2,22,0,KEKW＃849,1,24,1,2,,False,True,19067,False,netplay
2025-06-12 21:06:23+00:00,32,LY＃863,2,22,0,KEKW＃849,1,5,3,2,,False,True,9307,False,netplay
2025-06-12 21:09:24+00:00,28,LY＃863,2,22,0,KEKW＃849,1,10,2,2,,False,True,15671,False,netplay
2025-06-12 21:14:26+00:00,31,LY＃863,2,22,0,KEKW＃849,1,22,3,2,,False,True,8114,False,netplay
2025-06-12 21:16:56+00:00,28,LY＃863,2,22,0,KEKW＃849,1,10,2,2,,False,True,14381,False,netplay
2025-06-12 21:21:10+00:00,8,LY＃863,2,22,2,KEKW＃849,1,17,0,2,,True,False,11618,False,netplay
2025-06-12 21:24:53+00:00,31,LY＃863,2,22,0,KEKW＃849,1,17,1,2,,False,True,11328,False,netplay
2025-06-12 21:28:21+00:00,32,LY＃863,2,20,4,KEKW＃849,1,20,4,7,2,False,True,5792,False,netplay
2025-06-12 21:30:07+00:00,32,LY＃863,2,20,0,KEKW＃849,1,20,2,2,,False,True,9190,False,netplay
2025-06-13 18:05:27+00:00,31,LY＃863,3,22,0,KEKW＃849,2,23,2,2,,False,True,12458,False,local
2025-06-13 18:09:09+00:00,3,LY＃863,3,8,0,KEKW＃849,2,0,2,2,,False,True,13762,False,local
2025-06-13 18:13:54+00:00,2,LY＃863,3,8,0,KEKW＃849,2,16,1,2,,False,True,14192,False,local
2025-06-13 18:18:14+00:00,28,LY＃863,3,8,4,KEKW＃849,2,9,4,7,3,False,True,23,False,local
2025-06-13 18:18:30+00:00,8,LY＃863,3,8,0,KEKW＃849,2,5,2,2,,False,True,9205,False,local
2025-06-13 18:21:44+00:00,32,LY＃863,3,8,0,KEKW＃849,2,17,3,2,,False,True,9592,False,local
2025-06-13 18:24:39+00:00,2,LY＃863,3,8,2,KEKW＃849,2,10,0,2,,True,False,13195,False,local
2025-06-13 18:28:27+00:00,8,LY＃863,3,8,0,KEKW＃849,2,17,3,2,,False,True,4950,False,local
2025-06-13 18:30:00+00:00,31,LY＃863,3,8,4,KEKW＃849,2,10,4,7,3,False,True,93,False,local
2025-06-13 18:30:25+00:00,28,LY＃863,3,8,0,KEKW＃849,2,10,2,2,,False,True,16988,False,local
2025-06-13 18:35:48+00:00,32,LY＃863,3,20,1,KEKW＃849,2,24,0,2,,True,False,15672,False,local
2025-06-13 18:40:19+00:00,3,LY＃863,3,20,0,KEKW＃849,2,1,1,2,,False,True,11749,False,local
2025-06-13 18:43:52+00:00,2,LY＃863,3,20,0,KEKW＃849,2,24,3,2,,False,True,8882,False,local
2025-06-13 18:53:19+00:00,28,LY＃863,3,20,0,KEKW＃849,2,24,2,2,,False,True,12713,False,local
2025-06-13 18:57:03+00:00,31,LY＃863,3,20,0,KEKW＃849,2,16,2,2,,False,True,9828,False,local
2025-06-13 18:59:56+00:00,8,LY＃863,3,20,0,KEKW＃849,2,17,2,2,,False,True,6424,False,local
2025-06-13 19:01:52+00:00,32,LY＃863,3,20,1,KEKW＃849,2,5,0,2,,True,False,14877,False,local
2025-06-13 19:06:11+00:00,3,LY＃863,3,20,0,KEKW＃849,2,17,2,2,,False,True,12874,False,local
2025-06-13 19:13:21+00:00,32,LY＃863,3,20,0,KEKW＃849,2,3,1,2,,False,True,12702,False,local
2025-06-13 19:17:07+00:00,28,LY＃863,3,20,0,KEKW＃849,2,3,2,2,,False,True,8921,False,local
2025-06-13 19:19:51+00:00,3,LY＃863,3,20,0,KEKW＃849,2,25,1,2,,False,True,12067,False,local
2025-06-13 19:24:58+00:00,31,LY＃863,3,20,0,KEKW＃849,2,21,1,2,,False,True,12897,False,local
2025-06-13 19:28:50+00:00,2,LY＃863,3,20,1,KEKW＃849,2,21,0,2,,True,False,12011,False,local
2025-06-13 19:32:29+00:00,8,LY＃863,3,20,0,KEKW＃849,2,21,1,2,,False,True,12968,False,local
2025-06-13 19:36:16+00:00,32,LY＃863,3,20,0,KEKW＃849,2,21,1,2,,False,True,15037,False,local
2025-06-13 19:40:40+00:00,28,LY＃863,3,20,0,KEKW＃849,2,21,2,2,,False,True,11304,False,local
2025-06-13 19:43:59+00:00,31,LY＃863,3,20,1,KEKW＃849,2,21,0,2,,True,False,14894,False,local
2025-06-13 19:48:52+00:00,2,LY＃863,3,2,0,KEKW＃849,2,6,3,2,,False,True,7292,False,local
2025-06-13 19:51:10+00:00,3,LY＃863,3,20,0,KEKW＃849,2,21,2,2,,False,True,13337,False,local
2025-06-13 19:55:00+00:00,8,LY＃863,3,20,0,KEKW＃849,2,21,2,2,,False,True,9846,False,local
2025-06-13 19:58:27+00:00,2,LY＃863,3,20,0,KEKW＃849,2,6,2,2,,False,True,9415,False,local
2025-06-13 20:01:57+00:00,8,LY＃863,3,20,2,KEKW＃849,2,11,0,2,,True,False,8505,False,local
2025-06-13 20:07:24+00:00,32,LY＃863,3,2,0,KEKW＃849,2,2,3,2,,False,True,7020,False,local
2025-06-13 20:10:08+00:00,31,LY＃863,3,20,0,KEKW＃849,2,6,3,2,,False,True,5068,False,local
2025-06-13 20:12:00+00:00,28,LY＃863,3,20,0,KEKW＃849,2,7,1,2,,False,True,13085,False,local
2025-06-13 20:17:07+00:00,3,LY＃863,3,20,1,KEKW＃849,2,14,0,2,,True,False,14788,False,local
2025-06-13 20:22:08+00:00,32,LY＃863,3,20,0,KEKW＃849,2,4,1,2,,False,True,14726,False,local
2025-06-14 11:13:15+00:00,2,LY＃863,3,8,0,KEKW＃849,2,2,3,2,,False,True,3381,False,local
2025-06-14 11:14:24+00:00,32,LY＃863,3,8,0,KEKW＃849,2,15,1,2,,False,True,16989,False,local
2025-06-14 11:19:54+00:00,31,LY＃863,3,8,1,KEKW＃849,2,10,0,2,,True,False,14770,False,local
2025-06-14 11:24:08+00:00,8,LY＃863,3,8,4,KEKW＃849,2,10,4,7,3,False,True,24,False,local
2025-06-14 11:24:20+00:00,3,LY＃863,3,20,0,KEKW＃849,2,5,1,2,,False,True,13351,False,local
2025-06-14 11:28:19+00:00,28,LY＃863,3,20,3,KEKW＃849,2,5,0,2,,True,False,10466,False,local
2025-06-14 11:36:44+00:00,2,LY＃863,3,20,0,KEKW＃849,2,5,2,2,,False,True,9576,False,local
2025-06-14 11:39:32+00:00,8,LY＃863,3,20,0,KEKW＃849,2,5,2,2,,False,True,8727,False,local
2025-06-14 11:42:36+00:00,31,LY＃863,3,20,2,KEKW＃849,2,5,0,2,,True,False,10874,False,local
2025-06-14 11:45:45+00:00,28,LY＃863,3,20,0,KEKW＃849,2,5,2,2,,False,True,9125,False,local
2025-06-14 11:50:03+00:00,32,LY＃863,3,20,0,KEKW＃849,2,3,1,2,,False,True,14312,False,local
2025-06-14 15:21:09+00:00,32,LY＃863,3,8,1,KEKW＃849,2,10,0,2,,True,False,18078,False,local
2025-06-14 16:19:00+00:00,2,LY＃863,3,8,0,KEKW＃849,2,23,1,2,,False,True,12685,False,local
2025-06-14 16:22:56+00:00,3,LY＃863,3,8,1,KEKW＃849,2,23,0,2,,True,False,18528,False,local
2025-06-14 16:28:29+00:00,32,LY＃863,3,8,4,KEKW＃849,2,2,4,7,2,False,True,528,False,local
2025-06-14 16:28:53+00:00,31,LY＃863,3,8,4,KEKW＃849,2,15,4,7,3,False,True,2099,False,local
2025-06-14 16:39:34+00:00,8,LY＃863,3,20,0,KEKW＃849,2,23,3,2,,False,True,6382,False,local
2025-06-14 16:41:31+00:00,31,LY＃863,3,20,0,KEKW＃849,2,23,1,2,,False,True,10393,False,local
2025-06-14 16:44:37+00:00,28,LY＃863,3,20,2,KEKW＃849,2,23,0,2,,True,False,11804,False,local
2025-06-14 16:48:04+00:00,32,LY＃863,3,20,0,KEKW＃849,2,23,3,2,,False,True,7902,False,local
2025-06-14 16:50:25+00:00,3,LY＃863,3,20,0,KEKW＃849,2,23,1,2,,False,True,11522,False,local
2025-06-14 16:53:49+00:00,31,LY＃863,3,20,2,KEKW＃849,2,23,0,2,,True,False,7822,False,local
2025-06-14 16:58:40+00:00,28,LY＃863,3,20,0,KEKW＃849,2,23,1,2,,False,True,11887,False,local
2025-06-14 17:02:08+00:00,2,LY＃863,3,20,0,KEKW＃849,2,23,1,2,,False,True,9063,False,local
2025-06-14 17:04:52+00:00,8,LY＃863,3,20,2,KEKW＃849,2,23,0,2,,True,False,7739,False,local
2025-06-14 17:07:34+00:00,8,LY＃863,3,20,0,KEKW＃849,2,4,2,2,,False,True,9201,False,local
2025-06-14 17:10:15+00:00,28,LY＃863,3,20,0,KEKW＃849,2,4,1,2,,False,True,14633,False,local
2025-06-14 17:17:19+00:00,31,LY＃863,3,20,2,KEKW＃849,2,1,0,2,,True,False,10646,False,local
2025-06-14 17:20:56+00:00,3,LY＃863,3,2,0,KEKW＃849,2,25,1,2,,False,True,14198,False,local
2025-06-14 17:25:24+00:00,2,LY＃863,3,2,3,KEKW＃849,2,17,0,2,,True,False,10674,False,local
2025-06-14 17:30:26+00:00,32,LY＃863,3,2,0,KEKW＃849,2,3,3,2,,False,True,7170,False,local
2025-06-14 17:32:42+00:00,3,LY＃863,3,20,0,KEKW＃849,2,7,1,2,,False,True,15531,False,local
2025-06-14 17:38:47+00:00,28,LY＃863,3,20,2,KEKW＃849,2,24,0,2,,True,False,13299,False,local
2025-06-14 17:47:54+00:00,8,LY＃863,3,20,0,KEKW＃849,2,20,2,2,,False,True,13532,False,local
2025-06-14 17:51:48+00:00,31,LY＃863,3,20,3,KEKW＃849,2,20,0,2,,True,False,5438,False,local
2025-06-14 17:53:58+00:00,2,LY＃863,3,20,0,KEKW＃849,2,20,1,2,,False,True,13199,False,local
2025-06-14 17:58:11+00:00,32,LY＃863,3,20,0,KEKW＃849,2,20,2,2,,False,True,10144,False,local
2025-06-14 18:01:09+00:00,32,LY＃863,3,20,1,KEKW＃849,2,20,0,2,,True,False,8776,False,local
2025-06-14 18:04:10+00:00,2,LY＃863,3,20,0,KEKW＃849,2,20,2,2,,False,True,8567,False,local
2025-06-14 18:07:37+00:00,30,LY＃863,3,20,4,KEKW＃849,2,20,4,7,3,False,True,0,False,local
2025-06-14 18:07:43+00:00,28,LY＃863,3,20,2,KEKW＃849,2,20,0,2,,True,False,10899,False,local
2025-06-14 18:39:10+00:00,3,LY＃863,3,20,0,KEKW＃849,2,20,2,2,,False,True,10896,False,local
2025-06-14 18:42:19+00:00,31,LY＃863,3,20,0,KEKW＃849,2,20,3,2,,False,True,8126,False,local
2025-06-14 18:44:42+00:00,8,LY＃863,3,20,2,KEKW＃849,2,20,0,2,,True,False,9666,False,local
2025-06-14 18:47:31+00:00,28,LY＃863,3,20,0,KEKW＃849,2,20,1,2,,False,True,12612,False,local
2025-06-15 13:54:41+00:00,2,LY＃863,3,9,3,KEKW＃849,2,9,0,2,,True,False,4911,False,local
2025-06-15 14:00:56+00:00,28,LY＃863,3,8,0,KEKW＃849,2,23,2,2,,False,True,11190,False,local
2025-06-15 14:04:55+00:00,31,LY＃863,3,20,1,KEKW＃849,2,9,0,2,,True,False,10058,False,local
2025-06-15 14:08:14+00:00,32,LY＃863,3,20,0,KEKW＃849,2,9,2,2,,False,True,10133,False,local
2025-06-15 14:11:21+00:00,3,LY＃863,3,20,0,KEKW＃849,2,9,2,2,,False,True,8825,False,local
2025-06-19 17:12:04+00:00,2,LY＃863,1,22,0,KEKW＃849,2,23,1,2,,False,True,14461,False,netplay
2025-06-19 17:17:09+00:00,8,LY＃863,1,0,1,KEKW＃849,2,0,0,2,,True,False,11458,False,netplay
2025-06-19 17:21:11+00:00,28,LY＃863,1,9,2,KEKW＃849,2,22,0,2,,True,False,10826,False,netplay
2025-06-19 17:30:00+00:00,8,LY＃863,1,9,2,KEKW＃849,2,20,0,2,,True,False,9392,False,netplay
2025-06-19 17:32:50+00:00,31,LY＃863,1,19,0,KEKW＃849,2,19,2,2,,False,True,12204,False,netplay
2025-06-19 17:36:23+00:00,3,LY＃863,1,19,2,KEKW＃849,2,9,0,2,,True,False,12501,False,netplay
2025-06-19 17:40:39+00:00,32,LY＃863,1,20,0,KEKW＃849,2,20,1,2,,False,True,8854,False,netplay
2025-06-19 17:43:21+00:00,2,LY＃863,1,20,1,KEKW＃849,2,25,0,2,,True,False,11594,False,netplay
2025-06-19 17:47:31+00:00,3,LY＃863,1,20,0,KEKW＃849,2,17,2,2,,False,True,9268,False,netplay
2025-06-19 17:50:21+00:00,32,LY＃863,1,20,0,KEKW＃849,2,17,1,2,,False,True,10372,False,netplay
2025-06-19 17:53:31+00:00,31,LY＃863,1,20,2,KEKW＃849,2,17,0,2,,True,False,10020,False,netplay
2025-06-19 17:56:40+00:00,2,LY＃863,1,20,1,KEKW＃849,2,25,0,2,,True,False,10121,False,netplay
2025-06-19 18:00:38+00:00,32,LY＃863,1,20,1,KEKW＃849,2,11,0,2,,True,False,16277,False,netplay
2025-06-19 18:05:50+00:00,8,LY＃863,1,20,0,KEKW＃849,2,9,2,2,,False,True,8090,False,netplay
2025-06-19 18:09:58+00:00,28,LY＃863,1,20,0,KEKW＃849,2,9,3,2,,False,True,10089,False,netplay
2025-06-19 18:12:57+00:00,3,LY＃863,1,20,1,KEKW＃849,2,9,0,2,,True,False,13016,False,netplay
2025-06-19 18:16:51+00:00,2,LY＃863,1,20,0,KEKW＃849,2,9,4,2,,False,True,3804,False,netplay
2025-06-19 18:18:03+00:00,28,LY＃863,1,20,1,KEKW＃849,2,9,0,2,,True,False,14843,False,netplay
2025-06-19 18:22:29+00:00,31,LY＃863,1,20,0,KEKW＃849,2,9,3,2,,False,True,7102,False,netplay
2025-06-19 18:24:59+00:00,31,LY＃863,1,20,0,KEKW＃849,2,9,4,2,,False,True,6008,False,netplay
2025-06-19 18:26:57+00:00,8,LY＃863,1,20,0,KEKW＃849,2,9,3,2,,False,True,5203,False,netplay
2025-06-19 18:28:39+00:00,2,LY＃863,1,20,0,KEKW＃849,2,23,1,2,,False,True,12981,False,netplay
2025-06-19 18:32:25+00:00,32,LY＃863,1,2,0,KEKW＃849,2,23,2,2,,False,True,10787,False,netplay
2025-06-19 18:35:42+00:00,8,LY＃863,1,2,0,KEKW＃849,2,17,2,2,,False,True,8093,False,netplay
2025-06-19 18:38:10+00:00,2,LY＃863,1,2,0,KEKW＃849,2,23,1,2,,False,True,8232,False,netplay
2025-06-19 18:40:38+00:00,31,LY＃863,1,2,0,KEKW＃849,2,23,3,2,,False,True,9168,False,netplay
2025-06-19 18:43:19+00:00,32,LY＃863,1,20,0,KEKW＃849,2,23,2,2,,False,True,9745,False,netplay
2025-06-19 18:46:23+00:00,3,LY＃863,1,20,0,KEKW＃849,2,23,1,2,,False,True,11971,False,netplay
2025-06-19 18:50:24+00:00,28,LY＃863,1,20,0,KEKW＃849,2,23,1,2,,False,True,14540,False,netplay
2025-06-19 18:54:40+00:00,28,LY＃863,1,20,0,KEKW＃849,2,0,2,2,,False,True,10871,False,netplay
2025-06-19 18:58:39+00:00,2,LY＃863,1,20,2,KEKW＃849,2,21,0,2,,True,False,9610,False,netplay
2025-06-19 19:02:19+00:00,28,LY＃863,1,20,0,KEKW＃849,2,20,1,2,,False,True,13034,False,netplay
2025-06-19 19:06:19+00:00,32,LY＃863,1,20,0,KEKW＃849,2,20,3,2,,False,True,6625,False,netplay
2025-06-19 19:08:25+00:00,31,LY＃863,1,20,0,KEKW＃849,2,20,3,2,,False,True,8036,False,netplay
2025-06-19 19:10:58+00:00,8,LY＃863,1,20,0,KEKW＃849,2,20,1,2,,False,True,9832,False,netplay
2025-06-19 19:14:02+00:00,3,LY＃863,1,20,0,KEKW＃849,2,20,3,2,,False,True,8063,False,netplay
2025-06-19 19:16:40+00:00,32,LY＃863,1,20,0,KEKW＃849,2,20,1,2,,False,True,13951,False,netplay
2025-06-19 19:21:29+00:00,8,LY＃863,1,20,3,KEKW＃849,2,1,0,2,,True,False,8597,False,netplay
2025-06-19 19:25:09+00:00,3,LY＃863,1,20,0,KEKW＃849,2,0,2,2,,False,True,10917,False,netplay
2025-06-19 19:28:50+00:00,31,LY＃863,1,20,0,KEKW＃849,2,0,4,2,,False,True,6839,False,netplay
2025-06-19 19:31:21+00:00,3,LY＃863,1,20,0,KEKW＃849,2,17,2,2,,False,True,8633,False,netplay
2025-06-19 19:35:21+00:00,2,LY＃863,1,20,1,KEKW＃849,2,7,0,2,,True,False,9441,False,netplay
2025-06-19 19:38:35+00:00,31,LY＃863,1,20,0,KEKW＃849,2,13,4,2,,False,True,10190,False,netplay
2025-06-19 19:42:21+00:00,28,LY＃863,1,20,1,KEKW＃849,2,25,0,2,,True,False,15210,False,netplay
2025-06-19 19:47:26+00:00,28,LY＃863,1,20,0,KEKW＃849,2,16,1,2,,False,True,15946,False,netplay
2025-06-19 20:04:31+00:00,2,LY＃863,1,20,0,KEKW＃849,2,17,2,2,,False,True,7580,False,netplay
2025-06-19 20:07:09+00:00,8,LY＃863,1,20,1,KEKW＃849,2,7,0,2,,True,False,12924,False,netplay
2025-06-19 20:11:35+00:00,3,LY＃863,1,20,0,KEKW＃849,2,23,1,2,,False,True,11558,False,netplay
2025-06-19 20:18:46+00:00,32,LY＃863,1,20,1,KEKW＃849,2,11,0,2,,True,False,13104,False,netplay
2025-06-19 20:23:00+00:00,32,LY＃863,1,20,1,KEKW＃849,2,21,0,2,,True,False,11148,False,netplay
2025-06-19 20:27:31+00:00,2,LY＃863,1,20,0,KEKW＃849,2,20,2,2,,False,True,9310,False,netplay
2025-06-19 20:31:26+00:00,28,LY＃863,1,20,0,KEKW＃849,2,20,1,2,,False,True,9930,False,netplay
2025-06-19 20:34:27+00:00,31,LY＃863,1,20,1,KEKW＃849,2,20,0,2,,True,False,10807,False,netplay
2025-06-19 20:38:27+00:00,8,LY＃863,1,20,0,KEKW＃849,2,20,3,2,,False,True,5441,False,netplay
2025-06-19 20:43:38+00:00,3,LY＃863,1,20,0,KEKW＃849,2,20,3,2,,False,True,10393,False,netplay
2025-06-19 20:46:47+00:00,3,LY＃863,1,20,0,KEKW＃849,2,23,1,2,,False,True,12810,False,netplay
2025-06-19 20:51:32+00:00,31,LY＃863,1,20,0,KEKW＃849,2,23,3,2,,False,True,7323,False,netplay
2025-06-19 20:53:48+00:00,32,LY＃863,1,20,1,KEKW＃849,2,9,0,2,,True,False,13130,False,netplay
2025-06-19 20:57:35+00:00,2,LY＃863,1,20,0,KEKW＃849,2,9,2,2,,False,True,7737,False,netplay
2025-06-19 20:59:53+00:00,28,LY＃863,1,20,0,KEKW＃849,2,9,2,2,,False,True,9305,False,netplay
2025-06-19 21:02:40+00:00,8,LY＃863,1,20,2,KEKW＃849,2,17,0,2,,True,False,9325,False,netplay
